Workbook

Sheet Elec
A1: ~md-v_s: | B1: default parameters for electricity generation technologies
B3: ~TFM_INS
B4: Attribute | C4: Curr | D4: Attrib_Cond | E4: LimType | F4: Year | G4: AllRegions | H4: PSET_SET | I4: PSET_PN | J4: PSET_CI
B5: NCAP_BND | D5: PASTI | E5: FX | F5: 0 | G5: 2 | H5: ELE,CHP,STS,STG | I5: -EN_STG_4hBatt*
B6: PRC_CAPACT | D6: PASTI | G6: 31.536 | H6: ELE,CHP,STS,STG | I6: -EN_STG_4hBatt*
B7: PASTI | D7: PASTI | F7: 0 | G7: 1 | H7: ELE,CHP,STS,STG | I7: -EN_STG_4hBatt*
B8: PEAK | G8: 1 | H8: ELE,CHP,STS,STG
B9: PEAK | G9: 0.15 | J9: ELCSPV
B10: PEAK | G10: 0.25 | J10: ELCWIN
B16: ~TFM_UPD
B17: Attribute | C17: Curr | D17: Attrib_Cond | E17: LimType | F17: Year | G17: AllRegions | H17: PSET_SET | I17: PSET_CI
B18: EFF | G18: 0.32 | I18: ELCNUC
B19: EFF | G19: 1 | I19: *HYD,*SPV,*WIN
B24: ~TFM_INS
B25: Attribute | C25: Curr | D25: Attrib_Cond | E25: LimType | F25: Year | G25: AllRegions | H25: PSET_SET | I25: PSET_CI | J25: PSET_PN
B26: INVCOST | C26: USD11 | G26: 2882.6578 | H26: ELE | J26: EP*Coa*
B27: INVCOST | C27: USD11 | G27: 893.70914 | H27: ELE | J27: EP*NGA*,EP*Oil*
B28: INVCOST | C28: USD11 | G28: 3000 | H28: ELE,STS | J28: EP*Hyd*
B32: ELIFE | G32: 30 | J32: EP*
B35: RCAP_BND | D35: PASTI | E35: UP | F35: 2025 | G35: 0 | H35: ELE,CHP | J35: -ELCHYD,-ELCBIO,-ELCWAS,-ELCSPV,-ELCWIN
B36: RCAP_BND | D36: PASTI | E36: UP | F36: 2030 | G36: 0 | H36: ELE,CHP | J36: ELCNGA
B37: RCAP_BND | D37: PASTI | E37: UP | F37: 0 | G37: 4 | H37: ELE,CHP | J37: =J35 -> -ELCHYD,-ELCBIO,-ELCWAS,-ELCSPV,-ELCWIN

Sheet Transport
J1: ~md-v_c: | K1: Distributing the base-year Vehicle stock over the last 20 years - based on the probabilistic retirement profile
J2: =AVERAGE(J6:J25) -> 0.59355138
B4: ~TFM_MIG | G4: ~TFM_INS | L4: ~TFM_INS: Limtype=FX
B5: attribute | C5: pset_pn | D5: year2 | E5: allregions | G5: attribute | H5: other_indexes | I5: year | J5: value | L5: attribute | M5: pset_pn | N5: year | O5: value
B6: PASTI | C6: Trd[_]* | D6: 2019 | E6: ="*"&1/20/$J$2 -> *0.0842387052473461 | G6: SHAPE | H6: 15 | I6: =SHAPES!A8 -> 1 | J6: =SHAPES!D8 -> 0.93823083 | L6: NCAP_BND | M6: Trd[_]* | N6: 0 | O6: 2
B7: PASTI | C7: Trd[_]* | D7: =D6-1 -> 2018 | E7: ="*"&1/20/$J$2 -> *0.0842387052473461 | G7: SHAPE | H7: 15 | I7: =SHAPES!A9 -> 2 | J7: =SHAPES!D9 -> 0.92543928
B8: PASTI | C8: Trd[_]* | D8: =D7-1 -> 2017 | E8: ="*"&1/20/$J$2 -> *0.0842387052473461 | G8: SHAPE | H8: 15 | I8: =SHAPES!A10 -> 3 | J8: =SHAPES!D10 -> 0.91012836
B9: PASTI | C9: Trd[_]* | D9: =D8-1 -> 2016 | E9: ="*"&1/20/$J$2 -> *0.0842387052473461 | G9: SHAPE | H9: 15 | I9: =SHAPES!A11 -> 4 | J9: =SHAPES!D11 -> 0.8918618
B10: PASTI | C10: Trd[_]* | D10: =D9-1 -> 2015 | E10: ="*"&1/20/$J$2 -> *0.0842387052473461 | G10: SHAPE | H10: 15 | I10: =SHAPES!A12 -> 5 | J10: =SHAPES!D12 -> 0.87015557
B11: PASTI | C11: Trd[_]* | D11: =D10-1 -> 2014 | E11: ="*"&1/20/$J$2 -> *0.0842387052473461 | G11: SHAPE | H11: 15 | I11: =SHAPES!A13 -> 6 | J11: =SHAPES!D13 -> 0.84448643
B12: PASTI | C12: Trd[_]* | D12: =D11-1 -> 2013 | E12: ="*"&1/20/$J$2 -> *0.0842387052473461 | G12: SHAPE | H12: 15 | I12: =SHAPES!A14 -> 7 | J12: =SHAPES!D14 -> 0.81430871
B13: PASTI | C13: Trd[_]* | D13: =D12-1 -> 2012 | E13: ="*"&1/20/$J$2 -> *0.0842387052473461 | G13: SHAPE | H13: 15 | I13: =SHAPES!A15 -> 8 | J13: =SHAPES!D15 -> 0.77908286
B14: PASTI | C14: Trd[_]* | D14: =D13-1 -> 2011 | E14: ="*"&1/20/$J$2 -> *0.0842387052473461 | G14: SHAPE | H14: 15 | I14: =SHAPES!A16 -> 9 | J14: =SHAPES!D16 -> 0.73831952
B15: PASTI | C15: Trd[_]* | D15: =D14-1 -> 2010 | E15: ="*"&1/20/$J$2 -> *0.0842387052473461 | G15: SHAPE | H15: 15 | I15: =SHAPES!A17 -> 10 | J15: =SHAPES!D17 -> 0.69164258
B16: PASTI | C16: Trd[_]* | D16: =D15-1 -> 2009 | E16: ="*"&1/20/$J$2 -> *0.0842387052473461 | G16: SHAPE | H16: 15 | I16: =SHAPES!A18 -> 11 | J16: =SHAPES!D18 -> 0.6388738
B17: PASTI | C17: Trd[_]* | D17: =D16-1 -> 2008 | E17: ="*"&1/20/$J$2 -> *0.0842387052473461 | G17: SHAPE | H17: 15 | I17: =SHAPES!A19 -> 12 | J17: =SHAPES!D19 -> 0.58013822
B18: PASTI | C18: Trd[_]* | D18: =D17-1 -> 2007 | E18: ="*"&1/20/$J$2 -> *0.0842387052473461 | G18: SHAPE | H18: 15 | I18: =SHAPES!A20 -> 13 | J18: =SHAPES!D20 -> 0.51598363
... B24: PASTI | C24: Trd[_]* | D24: =D23-1 -> 2001 | E24: ="*"&1/20/$J$2 -> *0.0842387052473461 | G24: SHAPE | H24: 15 | I24: =SHAPES!A26 -> 19 | J24: =SHAPES!D26 -> 0.11881474
B25: PASTI | C25: Trd[_]* | D25: 2000 | E25: ="*"&1/20/$J$2 -> *0.0842387052473461 | G25: SHAPE | H25: 15 | I25: =SHAPES!A27 -> 20 | J25: =SHAPES!D27 -> 0.075156387
G26: SHAPE | H26: 15 | I26: =SHAPES!A28 -> 21 | J26: =SHAPES!D28 -> 0.043089489
G27: SHAPE | H27: 15 | I27: =SHAPES!A29 -> 22 | J27: =SHAPES!D29 -> 0.021926015
G28: SHAPE | H28: 15 | I28: =SHAPES!A30 -> 23 | J28: =SHAPES!D30 -> 0.0096531613
G29: SHAPE | H29: 15 | I29: =SHAPES!A31 -> 24 | J29: 0
G30: SHAPE | H30: 15 | I30: =SHAPES!A32 -> 25 | J30: 0
G31: SHAPE | H31: 15 | I31: =SHAPES!A33 -> 26 | J31: 0
G32: SHAPE | H32: 15 | I32: =SHAPES!A34 -> 27 | J32: 0
G33: SHAPE | H33: 15 | I33: =SHAPES!A35 -> 28 | J33: 0
G34: SHAPE | H34: 15 | I34: =SHAPES!A36 -> 29 | J34: 0
G35: SHAPE | H35: 15 | I35: =SHAPES!A37 -> 30 | J35: 0
G36: SHAPE | H36: 15 | I36: =SHAPES!A38 -> 31 | J36: 0
G37: SHAPE | H37: 15 | I37: =SHAPES!A39 -> 32 | J37: 0
G38: SHAPE | H38: 15 | I38: =SHAPES!A40 -> 33 | J38: 0
G39: SHAPE | H39: 15 | I39: =SHAPES!A41 -> 34 | J39: 0
G40: SHAPE | H40: 15 | I40: =SHAPES!A42 -> 35 | J40: 0
G41: SHAPE | H41: 15 | I41: =SHAPES!A43 -> 36 | J41: 0

Sheet storage
J1: ~md-v_c: | K1: Different with Trd*, batteries need to be distributed over past time or the optimization will have a time gap for recycling becuae their end-time before 2040
J2: 1
C6: ~TFM_MIG
C7: attribute | D7: pset_pn | E7: year2 | F7: allregions
C8: PASTI | D8: EN_STG_4hBatt* | E8: 2019 | F8: *0.291
C9: PASTI | D9: =D8 -> EN_STG_4hBatt* | E9: =E8-1 -> 2018 | F9: *0.308
C10: PASTI | D10: =D9 -> EN_STG_4hBatt* | E10: =E9-1 -> 2017 | F10: *0.159
C11: PASTI | D11: =D10 -> EN_STG_4hBatt* | E11: =E10-1 -> 2016 | F11: *0.121
C12: PASTI | D12: =D11 -> EN_STG_4hBatt* | E12: =E11-1 -> 2015 | F12: *0.065
C13: PASTI | D13: =D12 -> EN_STG_4hBatt* | E13: =E12-1 -> 2014 | F13: *0.037
C14: PASTI | D14: =D13 -> EN_STG_4hBatt* | E14: =E13-1 -> 2013 | F14: *0.019
C15: PASTI | D15: =D14 -> EN_STG_4hBatt* | E15: =E14-1 -> 2012 | F15: *0.000
C16: PASTI | D16: =D15 -> EN_STG_4hBatt* | E16: =E15-1 -> 2011 | F16: *0.000
C17: PASTI | D17: =D16 -> EN_STG_4hBatt* | E17: =E16-1 -> 2010 | F17: *0.000

Sheet SHAPES
B4: k | C4: 0.192 | D4: 0.195 | E4: 0.131 | F4: 0.13
B5: a | C5: 1200 | D5: 900 | E5: 21 | F5: 52
B7: Data (18.5) | C7: =SUM(C8:C32) -> 10.023425 | D7: =SUM(D8:D32) -> 11.950326 | E7: =SUM(E8:E32) -> 19.958953 | F7: =SUM(F8:F32) -> 15.036068 | G7: Mean AGE (TLIFE = 25)
A8: 1 | B8: 0.98 | C8: =(1/(1+EXP(-(50-$A8)*C$4)))^C$5 -> 0.90621939 | D8: =(1/(1+EXP(-(50-$A8)*D$4)))^D$5 -> 0.93823083 | E8: =(1/(1+EXP(-(50-$A8)*E$4)))^E$5 -> 0.96637036 | F8: =(1/(1+EXP(-(50-$A8)*F$4)))^F$5 -> 0.91488569
A9: 2 | B9: 0.97062258 | C9: =(1/(1+EXP(-(50-$A9)*C$4)))^C$5 -> 0.88752656 | D9: =(1/(1+EXP(-(50-$A9)*D$4)))^D$5 -> 0.92543928 | E9: =(1/(1+EXP(-(50-$A9)*E$4)))^E$5 -> 0.96175868 | F9: =(1/(1+EXP(-(50-$A9)*F$4)))^F$5 -> 0.90366753
A10: 3 | B10: 0.96239644 | C10: =(1/(1+EXP(-(50-$A10)*C$4)))^C$5 -> 0.86539332 | D10: =(1/(1+EXP(-(50-$A10)*D$4)))^D$5 -> 0.91012836 | E10: =(1/(1+EXP(-(50-$A10)*E$4)))^E$5 -> 0.95652962 | F10: =(1/(1+EXP(-(50-$A10)*F$4)))^F$5 -> 0.89106257
A11: 4 | B11: 0.96239644 | C11: =(1/(1+EXP(-(50-$A11)*C$4)))^C$5 -> 0.839314 | D11: =(1/(1+EXP(-(50-$A11)*D$4)))^D$5 -> 0.8918618 | E11: =(1/(1+EXP(-(50-$A11)*E$4)))^E$5 -> 0.95060496 | F11: =(1/(1+EXP(-(50-$A11)*F$4)))^F$5 -> 0.87692573
A12: 5 | B12: 0.95334895 | C12: =(1/(1+EXP(-(50-$A12)*C$4)))^C$5 -> 0.80876611 | D12: =(1/(1+EXP(-(50-$A12)*D$4)))^D$5 -> 0.87015557 | E12: =(1/(1+EXP(-(50-$A12)*E$4)))^E$5 -> 0.94389792 | F12: =(1/(1+EXP(-(50-$A12)*F$4)))^F$5 -> 0.8611044
A13: 6 | B13: 0.94694722 | C13: =(1/(1+EXP(-(50-$A13)*C$4)))^C$5 -> 0.77323922 | D13: =(1/(1+EXP(-(50-$A13)*D$4)))^D$5 -> 0.84448643 | E13: =(1/(1+EXP(-(50-$A13)*E$4)))^E$5 -> 0.93631252 | F13: =(1/(1+EXP(-(50-$A13)*F$4)))^F$5 -> 0.84344051
A14: 7 | B14: 0.94694722 | C14: =(1/(1+EXP(-(50-$A14)*C$4)))^C$5 -> 0.73227849 | D14: =(1/(1+EXP(-(50-$A14)*D$4)))^D$5 -> 0.81430871 | E14: =(1/(1+EXP(-(50-$A14)*E$4)))^E$5 -> 0.92774325 | F14: =(1/(1+EXP(-(50-$A14)*F$4)))^F$5 -> 0.82377352
A15: 8 | B15: 0.92626111 | C15: =(1/(1+EXP(-(50-$A15)*C$4)))^C$5 -> 0.68554622 | D15: =(1/(1+EXP(-(50-$A15)*D$4)))^D$5 -> 0.77908286 | E15: =(1/(1+EXP(-(50-$A15)*E$4)))^E$5 -> 0.91807469 | F15: =(1/(1+EXP(-(50-$A15)*F$4)))^F$5 -> 0.80194455
A16: 9 | B16: 0.89816276 | C16: =(1/(1+EXP(-(50-$A16)*C$4)))^C$5 -> 0.63290302 | D16: =(1/(1+EXP(-(50-$A16)*D$4)))^D$5 -> 0.73831952 | E16: =(1/(1+EXP(-(50-$A16)*E$4)))^E$5 -> 0.90718146 | F16: =(1/(1+EXP(-(50-$A16)*F$4)))^F$5 -> 0.77780182
A17: 10 | B17: 0.89816276 | C17: =(1/(1+EXP(-(50-$A17)*C$4)))^C$5 -> 0.57450765 | D17: =(1/(1+EXP(-(50-$A17)*D$4)))^D$5 -> 0.69164258 | E17: =(1/(1+EXP(-(50-$A17)*E$4)))^E$5 -> 0.89492849 | F17: =(1/(1+EXP(-(50-$A17)*F$4)))^F$5 -> 0.75120777
A18: 11 | B18: 0.84618938 | C18: =(1/(1+EXP(-(50-$A18)*C$4)))^C$5 -> 0.51092846 | D18: =(1/(1+EXP(-(50-$A18)*D$4)))^D$5 -> 0.6388738 | E18: =(1/(1+EXP(-(50-$A18)*E$4)))^E$5 -> 0.88117171 | F18: =(1/(1+EXP(-(50-$A18)*F$4)))^F$5 -> 0.7220478
A19: 12 | B19: 0.83608997 | C19: =(1/(1+EXP(-(50-$A19)*C$4)))^C$5 -> 0.44325071 | D19: =(1/(1+EXP(-(50-$A19)*D$4)))^D$5 -> 0.58013822 | E19: =(1/(1+EXP(-(50-$A19)*E$4)))^E$5 -> 0.86575922 | F19: =(1/(1+EXP(-(50-$A19)*F$4)))^F$5 -> 0.69024095
... A36: 29 | B36: 0.0950979 | C36: =(1/(1+EXP(-(50-$A36)*C$4)))^C$5 -> 6.8610925e-10 | D36: =(1/(1+EXP(-(50-$A36)*D$4)))^D$5 -> 3.495202e-07 | E36: =(1/(1+EXP(-(50-$A36)*E$4)))^E$5 -> 0.27251595 | F36: =(1/(1+EXP(-(50-$A36)*F$4)))^F$5 -> 0.037425778
A37: 30 | B37: 0.0950979 | C37: =(1/(1+EXP(-(50-$A37)*C$4)))^C$5 -> 8.2645525e-12 | D37: =(1/(1+EXP(-(50-$A37)*D$4)))^D$5 -> 1.469453e-08 | E37: =(1/(1+EXP(-(50-$A37)*E$4)))^E$5 -> 0.22860283 | F37: =(1/(1+EXP(-(50-$A37)*F$4)))^F$5 -> 0.024100469 | I37: 20 | J37: trucks and buses
A38: 31 | B38: 0.079496509 | C38: =(1/(1+EXP(-(50-$A38)*C$4)))^C$5 -> 3.9924823e-14 | D38: =(1/(1+EXP(-(50-$A38)*D$4)))^D$5 -> 3.1695725e-10 | E38: =(1/(1+EXP(-(50-$A38)*E$4)))^E$5 -> 0.1874399 | F38: =(1/(1+EXP(-(50-$A38)*F$4)))^F$5 -> 0.014665472 | I38: 15 | J38: lcv, pas and mot
A39: 32 | B39: 0.056842043 | C39: =(1/(1+EXP(-(50-$A39)*C$4)))^C$5 -> 6.4381875e-17 | D39: =(1/(1+EXP(-(50-$A39)*D$4)))^D$5 -> 3.0592763e-12 | E39: =(1/(1+EXP(-(50-$A39)*E$4)))^E$5 -> 0.14981613 | F39: =(1/(1+EXP(-(50-$A39)*F$4)))^F$5 -> 0.0083772435
A40: 33 | B40: 0.054254089 | C40: =(1/(1+EXP(-(50-$A40)*C$4)))^C$5 -> 2.7869281e-20 | D40: =(1/(1+EXP(-(50-$A40)*D$4)))^D$5 -> 1.1225602e-14 | E40: =(1/(1+EXP(-(50-$A40)*E$4)))^E$5 -> 0.11638244 | F40: =(1/(1+EXP(-(50-$A40)*F$4)))^F$5 -> 0.0044596043
A41: 34 | B41: 0.054254089 | C41: =(1/(1+EXP(-(50-$A41)*C$4)))^C$5 -> 2.5025419e-24 | D41: =(1/(1+EXP(-(50-$A41)*D$4)))^D$5 -> 1.2903664e-17 | E41: =(1/(1+EXP(-(50-$A41)*E$4)))^E$5 -> 0.087589823 | F41: =(1/(1+EXP(-(50-$A41)*F$4)))^F$5 -> 0.0021951783
A42: 35 | B42: 0.054254089 | C42: =(1/(1+EXP(-(50-$A42)*C$4)))^C$5 -> 3.4418721e-29 | D42: =(1/(1+EXP(-(50-$A42)*D$4)))^D$5 -> 3.6967114e-21 | E42: =(1/(1+EXP(-(50-$A42)*E$4)))^E$5 -> 0.063643065 | F42: =(1/(1+EXP(-(50-$A42)*F$4)))^F$5 -> 0.00099070286
A43: 36 | B43: 0.045375223 | C43: =(1/(1+EXP(-(50-$A43)*C$4)))^C$5 -> 5.0848812e-35 | D43: =(1/(1+EXP(-(50-$A43)*D$4)))^D$5 -> 2.0178083e-25 | E43: =(1/(1+EXP(-(50-$A43)*E$4)))^E$5 -> 0.044480083 | F43: =(1/(1+EXP(-(50-$A43)*F$4)))^F$5 -> 0.00040623831
A44: 37 | B44: 0.033017316 | C44: =(1/(1+EXP(-(50-$A44)*C$4)))^C$5 -> 5.3446696e-42 | D44: =(1/(1+EXP(-(50-$A44)*D$4)))^D$5 -> 1.5342783e-30 | E44: =(1/(1+EXP(-(50-$A44)*E$4)))^E$5 -> 0.02978389 | F44: =(1/(1+EXP(-(50-$A44)*F$4)))^F$5 -> 0.00014990095
A45: 38 | B45: 0.033017316 | C45: =(1/(1+EXP(-(50-$A45)*C$4)))^C$5 -> 2.4875372e-50 | D45: =(1/(1+EXP(-(50-$A45)*D$4)))^D$5 -> 1.1315495e-36 | E45: =(1/(1+EXP(-(50-$A45)*E$4)))^E$5 -> 0.019027948 | F45: =(1/(1+EXP(-(50-$A45)*F$4)))^F$5 -> 4.9274391e-05
A46: 39 | B46: 0.031841484 | C46: =(1/(1+EXP(-(50-$A46)*C$4)))^C$5 -> 2.9870927e-60 | D46: =(1/(1+EXP(-(50-$A46)*D$4)))^D$5 -> 5.3497949e-44 | E46: =(1/(1+EXP(-(50-$A46)*E$4)))^E$5 -> 0.011548223 | F46: =(1/(1+EXP(-(50-$A46)*F$4)))^F$5 -> 1.4277824e-05
A47: 40 | B47: 0.028946804 | C47: =(1/(1+EXP(-(50-$A47)*C$4)))^C$5 -> 5.0409298e-72 | D47: =(1/(1+EXP(-(50-$A47)*D$4)))^D$5 -> 1.0155774e-52 | E47: =(1/(1+EXP(-(50-$A47)*E$4)))^E$5 -> 0.0066284834 | F47: =(1/(1+EXP(-(50-$A47)*F$4)))^F$5 -> 3.6077018e-06
A48: 41 | B48: 0.026052123 | C48: =(1/(1+EXP(-(50-$A48)*C$4)))^C$5 -> 6.0986906e-86 | D48: =(1/(1+EXP(-(50-$A48)*D$4)))^D$5 -> 4.5993756e-63 | E48: =(1/(1+EXP(-(50-$A48)*E$4)))^E$5 -> 0.0035819812 | F48: =(1/(1+EXP(-(50-$A48)*F$4)))^F$5 -> 7.8626284e-07
A49: 42 | B49: 0.023157443 | C49: =(1/(1+EXP(-(50-$A49)*C$4)))^C$5 -> 2.5432298e-102 | D49: =(1/(1+EXP(-(50-$A49)*D$4)))^D$5 -> 2.8132884e-75 | E49: =(1/(1+EXP(-(50-$A49)*E$4)))^E$5 -> 0.0018141766 | F49: =(1/(1+EXP(-(50-$A49)*F$4)))^F$5 -> 1.4619302e-07
A50: 43 | B50: 0.020262763 | C50: =(1/(1+EXP(-(50-$A50)*C$4)))^C$5 -> 1.6765003e-121 | D50: =(1/(1+EXP(-(50-$A50)*D$4)))^D$5 -> 1.2650411e-89 | E50: =(1/(1+EXP(-(50-$A50)*E$4)))^E$5 -> 0.00085735161 | F50: =(1/(1+EXP(-(50-$A50)*F$4)))^F$5 -> 2.2943555e-08
... A57: 50 | B57: 0 | C57: =(1/(1+EXP(-(50-$A57)*C$4)))^C$5 -> 0 | D57: =(1/(1+EXP(-(50-$A57)*D$4)))^D$5 -> 1.1830522e-271 | E57: =(1/(1+EXP(-(50-$A57)*E$4)))^E$5 -> 4.7683716e-07 | F57: =(1/(1+EXP(-(50-$A57)*F$4)))^F$5 -> 2.220446e-16

Sheet Misc
B3: ~TFM_UPD
B4: attribute | C4: year | D4: process | E4: value
B5: ACT_BND | C5: 2018 | D5: MinBIOBSL-07 | E5: 99999
B8: ~TFM_MIG: attribute=stock
B9: year2 | C9: value | D9: pset_ci
B10: 2100 | C10: *1 | D10: ???GEO,???STH
B16: ~TFM_TOPINS
B17: process | C17: io | D17: commodity
B18: SUP_GasSupply | C18: IN | D18: GAS[_]*
B19: SUP_OilSupply | C19: IN | D19: OIL[_]*
B22: ~TFM_INS
B23: attribute | C23: process | D23: pset_ci | E23: value
B24: START | C24: SUP_GasSupply | D24: -Gas[_]* | E24: 2150
B25: START | C25: =B19 -> SUP_OilSupply | D25: -Oil[_]* | E25: 2150
B29: ~TFM_MIG
B30: attribute | C30: process | D30: year | E30: year2 | F30: value
B31: flo_shar | C31: FT_ELC*,FT_SUP*,FT_IND* | D31: 2020 | E31: 2019 | F31: *1 | H31: ~md-v_r: relaxing flo_share in 2019 as BFG etc not functional anymore

Sheet pumped hydro
A1: ~md-v_s: default parameters for pumped hydro - assuming 6h storage
C3: ~TFM_INS
C4: attribute | D4: other_indexes | E4: timeslice | F4: allregions | G4: process | H4: commodity | I4: pset_co | L4: assuming 6h storage capacity for day-night operation of pumped hydro
C5: NCAP_AFAC | D5: ELC | F5: 0.25 | G5: EP_HPS* | I5: ELC
C6: NCAP_AFAC | D6: INDELC | F6: 0.25 | G6: EA_HPS* | I6: INDELC
C7: NCAP_AFC | D7: ACT | E7: DAYNITE | F7: 0.31 | G7: E?_HPS*
C8: NCAP_AFC | D8: ELC | E8: DAYNITE | F8: 1 | G8: EP_HPS* | I8: ELC
C9: NCAP_AFC | D9: INDELC | E9: DAYNITE | F9: 1 | G9: EA_HPS* | I9: INDELC
C10: NCAP_AFC | D10: NRG | E10: DAYNITE | F10: 0.67 | G10: E?_HPS* | L10: takes 9h to full charge (pump has a smaller capacity than the hydro turbine)
C11: STG_EFF | F11: 0.8 | G11: E?_HPS*
C12: FLO_FUNC | D12: AuxStoOUT | F12: 1.25 | G12: EP_HPS* | H12: ELC
C13: FLO_FUNC | D13: AuxStoOUT | F13: 0.8 | G13: EA_HPS* | H13: INDELC
C16: ~TFM_TOPINS-A
C17: process | D17: commodity | E17: value
C18: EP_HPS* | D18: AuxStoOUT | E18: OUT

Sheet non-TRA elec dem
S1: *Migrated from ssp projections deducting transport demand, but N-P need revise
C3: ~TFM_DINS-TS: attribute=Demand; commodity=ELCDem
C4: region | D4: unit | E4: 2019 | F4: 2020 | G4: 2023 | H4: 2025 | I4: 2030 | J4: 2035 | K4: 2040 | L4: 2045 | M4: 2050 | N4: 2070 | O4: 2090 | P4: 2100
C5: Africa_North | D5: PJ | E5: 1015.5779 | F5: 1037.0147 | G5: 1127.6187 | H5: 1192.8945 | I5: 1370.0568 | J5: 1665.8841 | K5: 2199.3436 | L5: 2925.8764 | M5: 3795.9277 | N5: 6600.51 | O5: 8720.43 | P5: 9222.13
C6: Africa_Other | D6: PJ | E6: 700.50639 | F6: 708.18742 | G6: 763.45629 | H6: 809.88023 | I6: 984.30001 | J6: 1267.9046 | K6: 1745.4711 | L6: 2427.9607 | M6: 3278.0225 | N6: 6217.59 | O6: 8584.99 | P6: 9160.08
C7: Australia | D7: PJ | E7: 811.76071 | F7: 803.64438 | G7: 816.73514 | H7: 828.38482 | I7: 866.15624 | J7: 932.44706 | K7: 1036.6708 | L7: 1169.7692 | M7: 1316.3398 | N7: 1673.84 | O7: 1888.19 | P7: 1934.33
C8: Austria | D8: PJ | E8: 224.68457 | F8: 221.65882 | G8: 229.21146 | H8: 230.39404 | I8: 232.43861 | J8: 238.3788 | K8: 247.64093 | L8: 265.37343 | M8: 282.41627 | N8: 322.22 | O8: 344.22 | P8: 348.8
C9: Baltics | D9: PJ | E9: 91.321321 | F9: 92.640484 | G9: 92.598442 | H9: 91.489816 | I9: 93.555274 | J9: 95.955938 | K9: 101.20917 | L9: 109.2714 | M9: 115.39243 | N9: 131.61 | O9: 140.58 | P9: 142.44
C10: BeNeLux | D10: PJ | E10: 720.05691 | F10: 719.55663 | G10: 733.37396 | H10: 742.08853 | I10: 755.51097 | J10: 772.14348 | K10: 808.86084 | L10: 859.57858 | M10: 917.86221 | N10: 1041.96 | O10: 1110.29 | P10: 1124.49
C11: Brazil | D11: PJ | E11: 1889.6295 | F11: 1859.9688 | G11: 1981.7803 | H11: 2049.7911 | I11: 2098.7811 | J11: 2290.1173 | K11: 2754.8077 | L11: 3444.8998 | M11: 4246.9744 | N11: 6578.11 | O11: 8196.55 | P11: 8566.44
C12: China | D12: PJ | E12: 22744.234 | F12: 23606.967 | G12: 24450.255 | H12: 25084.422 | I12: 26155.042 | J12: 26842.479 | K12: 27770.808 | L12: 28938.7 | M12: 29909.15 | N12: 32216.57 | O12: 33437.36 | P12: 33687.15
C13: CroSloven | D13: PJ | E13: 106.71395 | F13: 105.86115 | G13: 111.7696 | H13: 115.43662 | I13: 120.43337 | J13: 125.534 | K13: 133.21592 | L13: 140.23185 | M13: 145.79172 | N13: 159.58 | O13: 166.96 | P13: 168.48
C14: CzechSlovak | D14: PJ | E14: 298.43161 | F14: 302.89154 | G14: 303.59097 | H14: 306.28758 | I14: 309.52118 | J14: 317.51447 | K14: 349.8843 | L14: 374.42807 | M14: 402.87369 | N14: 464.12 | O14: 498.21 | P14: 505.33
C15: France | D15: PJ | E15: 1523.3183 | F15: 1518.0331 | G15: 1551.1041 | H15: 1590.2874 | I15: 1565.0361 | J15: 1579.3312 | K15: 1626.5637 | L15: 1782.1456 | M15: 1964.2988 | N15: 2374.28 | O15: 2610.91 | P15: 2661.06
... C39: WestBalkans | D39: PJ | E39: 220.41236 | F39: 217.19954 | G39: 237.80765 | H39: 249.74522 | I39: 288.63182 | J39: 340.34926 | K39: 406.33292 | L39: 473.61494 | M39: 535.00955 | N39: 705.78 | O39: 811.01 | P39: 833.92
X47: region | Y47: unit | Z47: 2019 | AA47: 2020 | AB47: 2023 | AC47: 2025 | AD47: 2030 | AE47: 2035 | AF47: 2040 | AG47: 2045 | AH47: 2050 | AI47: 2070 | AJ47: 2090 | AK47: 2100
X48: Africa_North | Y48: PJ | Z48: 1015.12 | AA48: 1036.33 | AB48: 1125.42 | AC48: 1186.93 | AD48: 1349.51 | AE48: 1615.9 | AF48: 2106.97 | AG48: 2776.66 | AH48: 3579.56 | AI48: 6154.98 | AJ48: 8131.8 | AK48: 8599.64
X49: Africa_Other | Y49: PJ | Z49: 700.19 | AA49: 707.72 | AB49: 761.97 | AC49: 805.83 | AD49: 969.54 | AE49: 1229.86 | AF49: 1672.16 | AG49: 2304.13 | AH49: 3091.17 | AI49: 5797.91 | AJ49: 8005.51 | AK49: 8541.77
X50: Australia | Y50: PJ | Z50: 810.91 | AA50: 802.4 | AB50: 813.02 | AC50: 820.1 | AD50: 844.51 | AE50: 885.83 | AF50: 964.1 | AG50: 1070.34 | AH50: 1191.29 | AI50: 1485.54 | AJ50: 1675.77 | AK50: 1716.72
X51: Austria | Y51: PJ | Z51: 224.34 | AA51: 221.17 | AB51: 227.72 | AC51: 226.82 | AD51: 222.45 | AE51: 217.88 | AF51: 217.82 | AG51: 226.57 | AH51: 236.27 | AI51: 259.87 | AJ51: 277.61 | AK51: 281.31
X52: Baltics | Y52: PJ | Z52: 91.18 | AA52: 92.44 | AB52: 92 | AC52: 90.07 | AD52: 89.54 | AE52: 87.71 | AF52: 89.02 | AG52: 93.29 | AH52: 96.54 | AI52: 106.15 | AJ52: 113.37 | AK52: 114.88
X53: BeNeLux | Y53: PJ | Z53: 718.98 | AA53: 717.98 | AB53: 728.6 | AC53: 730.59 | AD53: 723.02 | AE53: 705.74 | AF53: 711.47 | AG53: 733.91 | AH53: 767.88 | AI53: 840.34 | AJ53: 895.45 | AK53: 906.9
X54: Brazil | Y54: PJ | Z54: 1889.35 | AA54: 1859.56 | AB54: 1980.49 | AC54: 2044.67 | AD54: 2077.79 | AE54: 2244.32 | AF54: 2677.68 | AG54: 3327.77 | AH54: 4085.59 | AI54: 6282.09 | AJ54: 7827.71 | AK54: 8180.95
X55: China | Y55: PJ | Z55: 22703.29 | AA55: 23544.65 | AB55: 24259.55 | AC55: 24683.07 | AD55: 25213.46 | AE55: 24909.82 | AF55: 24971.51 | AG55: 25396.6 | AH55: 25817.58 | AI55: 26997.49 | AJ55: 28020.51 | AK55: 28229.83
X56: CroSloven | Y56: PJ | Z56: 106.55 | AA56: 105.63 | AB56: 111.04 | AC56: 113.65 | AD56: 115.25 | AE56: 114.73 | AF56: 117.18 | AG56: 119.73 | AH56: 121.97 | AI56: 128.7 | AJ56: 134.66 | AK56: 135.88
X57: CzechSlovak | Y57: PJ | Z57: 297.98 | AA57: 302.22 | AB57: 301.62 | AC57: 301.54 | AD57: 296.21 | AE57: 290.2 | AF57: 307.75 | AG57: 319.69 | AH57: 337.04 | AI57: 374.31 | AJ57: 401.81 | AK57: 407.55
X58: France | Y58: PJ | Z58: 1521.04 | AA58: 1514.69 | AB58: 1541.02 | AC58: 1565.64 | AD58: 1497.74 | AE58: 1443.51 | AF58: 1430.72 | AG58: 1521.6 | AH58: 1643.33 | AI58: 1914.86 | AJ58: 2105.7 | AK58: 2146.15
... X82: WestBalkans | Y82: PJ | Z82: 220.08 | AA82: 216.72 | AB82: 236.26 | AC82: 245.88 | AD82: 276.22 | AE82: 311.08 | AF82: 357.41 | AG82: 404.37 | AH82: 447.59 | AI82: 569.21 | AJ82: 654.08 | AK82: 672.56

Sheet INDELC_generator

Sheet Elc_demand
C1: ~TFM_INS
A2: attribute | B2: CommName | C2: TimeSlice | D2: AllRegions | E2: Csets | F2: year
A3: COM_FR | B3: ELCDem | C3: S1H1 | D3: 0.037057043 | E3: DEM | F3: 2019
A4: COM_FR | B4: ELCDem | C4: S1H2 | D4: 0.01431031 | E4: DEM | F4: =F3 -> 2019
A5: COM_FR | B5: ELCDem | C5: S1H3 | D5: 0.031935713 | E5: DEM | F5: =F4 -> 2019
A6: COM_FR | B6: ELCDem | C6: S1H4 | D6: 0.031333153 | E6: DEM | F6: =F5 -> 2019
A7: COM_FR | B7: ELCDem | C7: S1H5 | D7: 0.015967293 | E7: DEM | F7: =F6 -> 2019
A8: COM_FR | B8: ELCDem | C8: S1H6 | D8: 0.008888083 | E8: DEM | F8: =F7 -> 2019
A9: COM_FR | B9: ELCDem | C9: S1H7 | D9: 0.025307249 | E9: DEM | F9: =F8 -> 2019
A10: COM_FR | B10: ELCDem | C10: S1H8 | D10: 0.01431031 | E10: DEM | F10: =F9 -> 2019
A11: COM_FR | B11: ELCDem | C11: S2H1 | D11: 0.032602373 | E11: DEM | F11: =F10 -> 2019
A12: COM_FR | B12: ELCDem | C12: S2H2 | D12: 0.012590036 | E12: DEM | F12: =F11 -> 2019
A13: COM_FR | B13: ELCDem | C13: S2H3 | D13: 0.028096701 | E13: DEM | F13: =F12 -> 2019
A14: COM_FR | B14: ELCDem | C14: S2H4 | D14: 0.027566575 | E14: DEM | F14: =F13 -> 2019
A15: COM_FR | B15: ELCDem | C15: S2H5 | D15: 0.014047829 | E15: DEM | F15: =F14 -> 2019
... A50: COM_FR | B50: ELCDem | C50: S6H8 | D50: 0.012751524 | E50: DEM | F50: =F49 -> 2019
