Workbook
Name FID_1: [1]AGR_Fuels!$A$2
Name GROWTH: '[2]TechRep-Doc'!#REF!
Name GROWTH_TID: '[2]TechRep-Doc'!#REF!

Sheet TechSelection
A3: ~TFM_AVA
A4: Region | B4: Process
A5: Africa_North | B5: *
A6: Africa_Other | B6: *
A7: Australia | B7: *
A8: Austria | B8: *
A9: Baltics | B9: *
A10: BeNeLux | B10: *
A11: Brazil | B11: *
A12: China | B12: *
A13: CroSloven | B13: *
A14: CzechSlovak | B14: *
A15: France | B15: *
... A39: WestBalkans | B39: *

Sheet Road transport
B2: ~TFM_FILL-R:w=RoadTra_BY; hcol=region | K2: ~TFM_TOPINS | P2: ~TFM_TOPINS
B3: Scenario | C3: Attribute | D3: PSET_CO | E3: AllRegions | K3: process | L3: IO | M3: commodity | P3: pset_ci | Q3: pset_co | R3: cset_cn | S3: IO
B4: BASE | C4: AF | D4: Trd[_]* | E4: *1 | K4: Trd[_]*gsl* | L4: IN | M4: TRAGSL,TRABGS | P4: TRAELC | Q4: TRDELC | R4: ELC | S4: Out
B5: BASE | C5: EFF | D5: Trd[_]* | E5: *1 | K5: Trd[_]*dsl* | L5: IN | M5: TRADST,TRABDS
K6: Trd[_]*hh2* | L6: IN | M6: TRAGH2
K7: Trd[_]*cng* | L7: IN | M7: TRANGA
B8: ~TFM_INS | K8: Trd[_]*elc* | L8: IN | M8: TRDELC
B9: attribute | C9: PSET_PN | D9: PSET_CI | E9: CSET_CN | F9: value | G9: limtype | H9: year | K9: Trd[_]*lng* | L9: IN | M9: TRANGA
B10: Share | C10: Trd[_]*-pih* | E10: TRDELC | F10: 0.25 | G10: FX | K10: Trd[_]*-pih* | L10: IN | M10: TRDELC
B11: Share | C11: Trd[_]*-pih* | E11: TRDELC | F11: 3 | G11: FX | H11: 0
B12: CEFF | D12: TRAGSL | E12: TRABGS | F12: 0.93 | K12: ~TFM_MIG
B13: LIFE | C13: Trd[_]* | F13: 25 | K13: attribute | L13: value | M13: attribute2 | N13: pset_pn
B14: *START | C14: Trd[_]* | E14: -TRDELC | F14: 2020 | K14: INVCOST | L14: *.03 | M14: FIXOM | N14: Trd[_]*
K15: INVCOST | L15: *.02 | M15: FIXOM | N15: Trd[_]*elc*
B16: ~TFM_INS-TS: attribute=FLO_MARK
B17: pset_ci | C17: 2020 | D17: 0 | E17: attrib_cond | F17: commodity | G17: top_check
B18: -TRDELC | C18: 0.2 | D18: 3 | E18: -FLO_MARK | F18: Trd[_]* | G18: OUT
C21: ~TFM_INS
C22: attribute | D22: =IF(RoadTra_BY!L$1="","\I:",RoadTra_BY!L$1) -> valfield | E22: =IF(RoadTra_BY!M$1="","\I:",RoadTra_BY!M$1) -> \I: | F22: =IF(RoadTra_BY!N$1="","\I:",RoadTra_BY!N$1) -> \I: | G22: =IF(RoadTra_BY!O$1="","\I:",RoadTra_BY!O$1) -> \I: | H22: =IF(RoadTra_BY!P$1="","\I:",RoadTra_BY!P$1) -> \I: | I22: =IF(RoadTra_BY!Q$1="","\I:",RoadTra_BY!Q$1) -> \I: | J22: =IF(RoadTra_BY!R$1="","\I:",RoadTra_BY!R$1) -> \I: | K22: =IF(RoadTra_BY!S$1="","\I:",RoadTra_BY!S$1) -> \I: | ... AW22: =IF(RoadTra_BY!BE$1="","\I:",RoadTra_BY!BE$1) -> \I: | AX22: process
C23: AF | D23: =AVERAGEIFS(RoadTra_BY!L$2:L$999,RoadTra_BY!$B$2:$B$999,'Road transport'!$C23,RoadTra_BY!$C$2:$C$999,'Road transport'!$AX23) -> #DIV/0! | E23: =AVERAGEIFS(RoadTra_BY!M$2:M$999,RoadTra_BY!$B$2:$B$999,'Road transport'!$C23,RoadTra_BY!$C$2:$C$999,'Road transport'!$AX23) -> #DIV/0! | F23: =AVERAGEIFS(RoadTra_BY!N$2:N$999,RoadTra_BY!$B$2:$B$999,'Road transport'!$C23,RoadTra_BY!$C$2:$C$999,'Road transport'!$AX23) -> #DIV/0! | G23: =AVERAGEIFS(RoadTra_BY!O$2:O$999,RoadTra_BY!$B$2:$B$999,'Road transport'!$C23,RoadTra_BY!$C$2:$C$999,'Road transport'!$AX23) -> #DIV/0! | H23: =AVERAGEIFS(RoadTra_BY!P$2:P$999,RoadTra_BY!$B$2:$B$999,'Road transport'!$C23,RoadTra_BY!$C$2:$C$999,'Road transport'!$AX23) -> #DIV/0! | I23: =AVERAGEIFS(RoadTra_BY!Q$2:Q$999,RoadTra_BY!$B$2:$B$999,'Road transport'!$C23,RoadTra_BY!$C$2:$C$999,'Road transport'!$AX23) -> #DIV/0! | J23: =AVERAGEIFS(RoadTra_BY!R$2:R$999,RoadTra_BY!$B$2:$B$999,'Road transport'!$C23,RoadTra_BY!$C$2:$C$999,'Road transport'!$AX23) -> #DIV/0! | K23: =AVERAGEIFS(RoadTra_BY!S$2:S$999,RoadTra_BY!$B$2:$B$999,'Road transport'!$C23,RoadTra_BY!$C$2:$C$999,'Road transport'!$AX23) -> #DIV/0! | ... AW23: =AVERAGEIFS(RoadTra_BY!BE$2:BE$999,RoadTra_BY!$B$2:$B$999,'Road transport'!$C23,RoadTra_BY!$C$2:$C$999,'Road transport'!$AX23) -> #DIV/0! | AX23: Trd_2w_*
C24: AF | D24: =AVERAGEIFS(RoadTra_BY!L$2:L$999,RoadTra_BY!$B$2:$B$999,'Road transport'!$C24,RoadTra_BY!$C$2:$C$999,'Road transport'!$AX24) -> #DIV/0! | E24: =AVERAGEIFS(RoadTra_BY!M$2:M$999,RoadTra_BY!$B$2:$B$999,'Road transport'!$C24,RoadTra_BY!$C$2:$C$999,'Road transport'!$AX24) -> #DIV/0! | F24: =AVERAGEIFS(RoadTra_BY!N$2:N$999,RoadTra_BY!$B$2:$B$999,'Road transport'!$C24,RoadTra_BY!$C$2:$C$999,'Road transport'!$AX24) -> #DIV/0! | G24: =AVERAGEIFS(RoadTra_BY!O$2:O$999,RoadTra_BY!$B$2:$B$999,'Road transport'!$C24,RoadTra_BY!$C$2:$C$999,'Road transport'!$AX24) -> #DIV/0! | H24: =AVERAGEIFS(RoadTra_BY!P$2:P$999,RoadTra_BY!$B$2:$B$999,'Road transport'!$C24,RoadTra_BY!$C$2:$C$999,'Road transport'!$AX24) -> #DIV/0! | I24: =AVERAGEIFS(RoadTra_BY!Q$2:Q$999,RoadTra_BY!$B$2:$B$999,'Road transport'!$C24,RoadTra_BY!$C$2:$C$999,'Road transport'!$AX24) -> #DIV/0! | J24: =AVERAGEIFS(RoadTra_BY!R$2:R$999,RoadTra_BY!$B$2:$B$999,'Road transport'!$C24,RoadTra_BY!$C$2:$C$999,'Road transport'!$AX24) -> #DIV/0! | K24: =AVERAGEIFS(RoadTra_BY!S$2:S$999,RoadTra_BY!$B$2:$B$999,'Road transport'!$C24,RoadTra_BY!$C$2:$C$999,'Road transport'!$AX24) -> #DIV/0! | ... AW24: =AVERAGEIFS(RoadTra_BY!BE$2:BE$999,RoadTra_BY!$B$2:$B$999,'Road transport'!$C24,RoadTra_BY!$C$2:$C$999,'Road transport'!$AX24) -> #DIV/0! | AX24: Trd_3w_*
C25: AF | D25: =AVERAGEIFS(RoadTra_BY!L$2:L$999,RoadTra_BY!$B$2:$B$999,'Road transport'!$C25,RoadTra_BY!$C$2:$C$999,'Road transport'!$AX25) -> #DIV/0! | E25: =AVERAGEIFS(RoadTra_BY!M$2:M$999,RoadTra_BY!$B$2:$B$999,'Road transport'!$C25,RoadTra_BY!$C$2:$C$999,'Road transport'!$AX25) -> #DIV/0! | F25: =AVERAGEIFS(RoadTra_BY!N$2:N$999,RoadTra_BY!$B$2:$B$999,'Road transport'!$C25,RoadTra_BY!$C$2:$C$999,'Road transport'!$AX25) -> #DIV/0! | G25: =AVERAGEIFS(RoadTra_BY!O$2:O$999,RoadTra_BY!$B$2:$B$999,'Road transport'!$C25,RoadTra_BY!$C$2:$C$999,'Road transport'!$AX25) -> #DIV/0! | H25: =AVERAGEIFS(RoadTra_BY!P$2:P$999,RoadTra_BY!$B$2:$B$999,'Road transport'!$C25,RoadTra_BY!$C$2:$C$999,'Road transport'!$AX25) -> #DIV/0! | I25: =AVERAGEIFS(RoadTra_BY!Q$2:Q$999,RoadTra_BY!$B$2:$B$999,'Road transport'!$C25,RoadTra_BY!$C$2:$C$999,'Road transport'!$AX25) -> #DIV/0! | J25: =AVERAGEIFS(RoadTra_BY!R$2:R$999,RoadTra_BY!$B$2:$B$999,'Road transport'!$C25,RoadTra_BY!$C$2:$C$999,'Road transport'!$AX25) -> #DIV/0! | K25: =AVERAGEIFS(RoadTra_BY!S$2:S$999,RoadTra_BY!$B$2:$B$999,'Road transport'!$C25,RoadTra_BY!$C$2:$C$999,'Road transport'!$AX25) -> #DIV/0! | ... AW25: =AVERAGEIFS(RoadTra_BY!BE$2:BE$999,RoadTra_BY!$B$2:$B$999,'Road transport'!$C25,RoadTra_BY!$C$2:$C$999,'Road transport'!$AX25) -> #DIV/0! | AX25: Trd_bus*
C26: AF | D26: =AVERAGEIFS(RoadTra_BY!L$2:L$999,RoadTra_BY!$B$2:$B$999,'Road transport'!$C26,RoadTra_BY!$C$2:$C$999,'Road transport'!$AX26) -> #DIV/0! | E26: =AVERAGEIFS(RoadTra_BY!M$2:M$999,RoadTra_BY!$B$2:$B$999,'Road transport'!$C26,RoadTra_BY!$C$2:$C$999,'Road transport'!$AX26) -> #DIV/0! | F26: =AVERAGEIFS(RoadTra_BY!N$2:N$999,RoadTra_BY!$B$2:$B$999,'Road transport'!$C26,RoadTra_BY!$C$2:$C$999,'Road transport'!$AX26) -> #DIV/0! | G26: =AVERAGEIFS(RoadTra_BY!O$2:O$999,RoadTra_BY!$B$2:$B$999,'Road transport'!$C26,RoadTra_BY!$C$2:$C$999,'Road transport'!$AX26) -> #DIV/0! | H26: =AVERAGEIFS(RoadTra_BY!P$2:P$999,RoadTra_BY!$B$2:$B$999,'Road transport'!$C26,RoadTra_BY!$C$2:$C$999,'Road transport'!$AX26) -> #DIV/0! | I26: =AVERAGEIFS(RoadTra_BY!Q$2:Q$999,RoadTra_BY!$B$2:$B$999,'Road transport'!$C26,RoadTra_BY!$C$2:$C$999,'Road transport'!$AX26) -> #DIV/0! | J26: =AVERAGEIFS(RoadTra_BY!R$2:R$999,RoadTra_BY!$B$2:$B$999,'Road transport'!$C26,RoadTra_BY!$C$2:$C$999,'Road transport'!$AX26) -> #DIV/0! | K26: =AVERAGEIFS(RoadTra_BY!S$2:S$999,RoadTra_BY!$B$2:$B$999,'Road transport'!$C26,RoadTra_BY!$C$2:$C$999,'Road transport'!$AX26) -> #DIV/0! | ... AW26: =AVERAGEIFS(RoadTra_BY!BE$2:BE$999,RoadTra_BY!$B$2:$B$999,'Road transport'!$C26,RoadTra_BY!$C$2:$C$999,'Road transport'!$AX26) -> #DIV/0! | AX26: Trd_car*
C27: AF | D27: =AVERAGEIFS(RoadTra_BY!L$2:L$999,RoadTra_BY!$B$2:$B$999,'Road transport'!$C27,RoadTra_BY!$C$2:$C$999,'Road transport'!$AX27) -> #DIV/0! | E27: =AVERAGEIFS(RoadTra_BY!M$2:M$999,RoadTra_BY!$B$2:$B$999,'Road transport'!$C27,RoadTra_BY!$C$2:$C$999,'Road transport'!$AX27) -> #DIV/0! | F27: =AVERAGEIFS(RoadTra_BY!N$2:N$999,RoadTra_BY!$B$2:$B$999,'Road transport'!$C27,RoadTra_BY!$C$2:$C$999,'Road transport'!$AX27) -> #DIV/0! | G27: =AVERAGEIFS(RoadTra_BY!O$2:O$999,RoadTra_BY!$B$2:$B$999,'Road transport'!$C27,RoadTra_BY!$C$2:$C$999,'Road transport'!$AX27) -> #DIV/0! | H27: =AVERAGEIFS(RoadTra_BY!P$2:P$999,RoadTra_BY!$B$2:$B$999,'Road transport'!$C27,RoadTra_BY!$C$2:$C$999,'Road transport'!$AX27) -> #DIV/0! | I27: =AVERAGEIFS(RoadTra_BY!Q$2:Q$999,RoadTra_BY!$B$2:$B$999,'Road transport'!$C27,RoadTra_BY!$C$2:$C$999,'Road transport'!$AX27) -> #DIV/0! | J27: =AVERAGEIFS(RoadTra_BY!R$2:R$999,RoadTra_BY!$B$2:$B$999,'Road transport'!$C27,RoadTra_BY!$C$2:$C$999,'Road transport'!$AX27) -> #DIV/0! | K27: =AVERAGEIFS(RoadTra_BY!S$2:S$999,RoadTra_BY!$B$2:$B$999,'Road transport'!$C27,RoadTra_BY!$C$2:$C$999,'Road transport'!$AX27) -> #DIV/0! | ... AW27: =AVERAGEIFS(RoadTra_BY!BE$2:BE$999,RoadTra_BY!$B$2:$B$999,'Road transport'!$C27,RoadTra_BY!$C$2:$C$999,'Road transport'!$AX27) -> #DIV/0! | AX27: Trd_hdt*
C28: AF | D28: =AVERAGEIFS(RoadTra_BY!L$2:L$999,RoadTra_BY!$B$2:$B$999,'Road transport'!$C28,RoadTra_BY!$C$2:$C$999,'Road transport'!$AX28) -> #DIV/0! | E28: =AVERAGEIFS(RoadTra_BY!M$2:M$999,RoadTra_BY!$B$2:$B$999,'Road transport'!$C28,RoadTra_BY!$C$2:$C$999,'Road transport'!$AX28) -> #DIV/0! | F28: =AVERAGEIFS(RoadTra_BY!N$2:N$999,RoadTra_BY!$B$2:$B$999,'Road transport'!$C28,RoadTra_BY!$C$2:$C$999,'Road transport'!$AX28) -> #DIV/0! | G28: =AVERAGEIFS(RoadTra_BY!O$2:O$999,RoadTra_BY!$B$2:$B$999,'Road transport'!$C28,RoadTra_BY!$C$2:$C$999,'Road transport'!$AX28) -> #DIV/0! | H28: =AVERAGEIFS(RoadTra_BY!P$2:P$999,RoadTra_BY!$B$2:$B$999,'Road transport'!$C28,RoadTra_BY!$C$2:$C$999,'Road transport'!$AX28) -> #DIV/0! | I28: =AVERAGEIFS(RoadTra_BY!Q$2:Q$999,RoadTra_BY!$B$2:$B$999,'Road transport'!$C28,RoadTra_BY!$C$2:$C$999,'Road transport'!$AX28) -> #DIV/0! | J28: =AVERAGEIFS(RoadTra_BY!R$2:R$999,RoadTra_BY!$B$2:$B$999,'Road transport'!$C28,RoadTra_BY!$C$2:$C$999,'Road transport'!$AX28) -> #DIV/0! | K28: =AVERAGEIFS(RoadTra_BY!S$2:S$999,RoadTra_BY!$B$2:$B$999,'Road transport'!$C28,RoadTra_BY!$C$2:$C$999,'Road transport'!$AX28) -> #DIV/0! | ... AW28: =AVERAGEIFS(RoadTra_BY!BE$2:BE$999,RoadTra_BY!$B$2:$B$999,'Road transport'!$C28,RoadTra_BY!$C$2:$C$999,'Road transport'!$AX28) -> #DIV/0! | AX28: Trd_lcv*
C31: ~TFM_UPD
C32: attribute | D32: =IF(RoadTra_BY!L$1="","\I:",RoadTra_BY!L$1) -> valfield | E32: =IF(RoadTra_BY!M$1="","\I:",RoadTra_BY!M$1) -> \I: | F32: =IF(RoadTra_BY!N$1="","\I:",RoadTra_BY!N$1) -> \I: | G32: =IF(RoadTra_BY!O$1="","\I:",RoadTra_BY!O$1) -> \I: | H32: =IF(RoadTra_BY!P$1="","\I:",RoadTra_BY!P$1) -> \I: | I32: =IF(RoadTra_BY!Q$1="","\I:",RoadTra_BY!Q$1) -> \I: | J32: =IF(RoadTra_BY!R$1="","\I:",RoadTra_BY!R$1) -> \I: | K32: =IF(RoadTra_BY!S$1="","\I:",RoadTra_BY!S$1) -> \I: | ... AW32: =IF(RoadTra_BY!BE$1="","\I:",RoadTra_BY!BE$1) -> \I: | AX32: process
C33: EFF | D33: ="*"&ROUND(SUMIFS(RoadTra_BY!L$2:L$79,RoadTra_BY!$B$2:$B$79,'Road transport'!$C33,RoadTra_BY!$C$2:$C$79,'Road transport'!$BA33),3) -> *0 | E33: ="*"&ROUND(SUMIFS(RoadTra_BY!M$2:M$79,RoadTra_BY!$B$2:$B$79,'Road transport'!$C33,RoadTra_BY!$C$2:$C$79,'Road transport'!$BA33),3) -> *0 | F33: ="*"&ROUND(SUMIFS(RoadTra_BY!N$2:N$79,RoadTra_BY!$B$2:$B$79,'Road transport'!$C33,RoadTra_BY!$C$2:$C$79,'Road transport'!$BA33),3) -> *0 | G33: ="*"&ROUND(SUMIFS(RoadTra_BY!O$2:O$79,RoadTra_BY!$B$2:$B$79,'Road transport'!$C33,RoadTra_BY!$C$2:$C$79,'Road transport'!$BA33),3) -> *0 | H33: ="*"&ROUND(SUMIFS(RoadTra_BY!P$2:P$79,RoadTra_BY!$B$2:$B$79,'Road transport'!$C33,RoadTra_BY!$C$2:$C$79,'Road transport'!$BA33),3) -> *0 | I33: ="*"&ROUND(SUMIFS(RoadTra_BY!Q$2:Q$79,RoadTra_BY!$B$2:$B$79,'Road transport'!$C33,RoadTra_BY!$C$2:$C$79,'Road transport'!$BA33),3) -> *0 | J33: ="*"&ROUND(SUMIFS(RoadTra_BY!R$2:R$79,RoadTra_BY!$B$2:$B$79,'Road transport'!$C33,RoadTra_BY!$C$2:$C$79,'Road transport'!$BA33),3) -> *0 | K33: ="*"&ROUND(SUMIFS(RoadTra_BY!S$2:S$79,RoadTra_BY!$B$2:$B$79,'Road transport'!$C33,RoadTra_BY!$C$2:$C$79,'Road transport'!$BA33),3) -> *0 | ... AW33: ="*"&ROUND(SUMIFS(RoadTra_BY!BE$2:BE$79,RoadTra_BY!$B$2:$B$79,'Road transport'!$C33,RoadTra_BY!$C$2:$C$79,'Road transport'!$BA33),3) -> *0 | AX33: =SUBSTITUTE(SUBSTITUTE(BA33,"gsl",""),"dsl","")&"*" -> Trd_2w_* | AZ33: =IFERROR(IF(FIND("gsl",BA33)>0,1,0),2) -> 1 | BA33: Trd_2w_gsl
C34: EFF | D34: ="*"&ROUND(SUMIFS(RoadTra_BY!L$2:L$79,RoadTra_BY!$B$2:$B$79,'Road transport'!$C34,RoadTra_BY!$C$2:$C$79,'Road transport'!$BA34),3) -> *0 | E34: ="*"&ROUND(SUMIFS(RoadTra_BY!M$2:M$79,RoadTra_BY!$B$2:$B$79,'Road transport'!$C34,RoadTra_BY!$C$2:$C$79,'Road transport'!$BA34),3) -> *0 | F34: ="*"&ROUND(SUMIFS(RoadTra_BY!N$2:N$79,RoadTra_BY!$B$2:$B$79,'Road transport'!$C34,RoadTra_BY!$C$2:$C$79,'Road transport'!$BA34),3) -> *0 | G34: ="*"&ROUND(SUMIFS(RoadTra_BY!O$2:O$79,RoadTra_BY!$B$2:$B$79,'Road transport'!$C34,RoadTra_BY!$C$2:$C$79,'Road transport'!$BA34),3) -> *0 | H34: ="*"&ROUND(SUMIFS(RoadTra_BY!P$2:P$79,RoadTra_BY!$B$2:$B$79,'Road transport'!$C34,RoadTra_BY!$C$2:$C$79,'Road transport'!$BA34),3) -> *0 | I34: ="*"&ROUND(SUMIFS(RoadTra_BY!Q$2:Q$79,RoadTra_BY!$B$2:$B$79,'Road transport'!$C34,RoadTra_BY!$C$2:$C$79,'Road transport'!$BA34),3) -> *0 | J34: ="*"&ROUND(SUMIFS(RoadTra_BY!R$2:R$79,RoadTra_BY!$B$2:$B$79,'Road transport'!$C34,RoadTra_BY!$C$2:$C$79,'Road transport'!$BA34),3) -> *0 | K34: ="*"&ROUND(SUMIFS(RoadTra_BY!S$2:S$79,RoadTra_BY!$B$2:$B$79,'Road transport'!$C34,RoadTra_BY!$C$2:$C$79,'Road transport'!$BA34),3) -> *0 | ... AW34: ="*"&ROUND(SUMIFS(RoadTra_BY!BE$2:BE$79,RoadTra_BY!$B$2:$B$79,'Road transport'!$C34,RoadTra_BY!$C$2:$C$79,'Road transport'!$BA34),3) -> *0 | AX34: =SUBSTITUTE(SUBSTITUTE(BA34,"gsl",""),"dsl","")&"*" -> Trd_3w_* | AZ34: =IFERROR(IF(FIND("gsl",BA34)>0,1,0),2) -> 1 | BA34: Trd_3w_gsl
C35: EFF | D35: ="*"&ROUND(SUMIFS(RoadTra_BY!L$2:L$79,RoadTra_BY!$B$2:$B$79,'Road transport'!$C35,RoadTra_BY!$C$2:$C$79,'Road transport'!$BA35),3) -> *0 | E35: ="*"&ROUND(SUMIFS(RoadTra_BY!M$2:M$79,RoadTra_BY!$B$2:$B$79,'Road transport'!$C35,RoadTra_BY!$C$2:$C$79,'Road transport'!$BA35),3) -> *0 | F35: ="*"&ROUND(SUMIFS(RoadTra_BY!N$2:N$79,RoadTra_BY!$B$2:$B$79,'Road transport'!$C35,RoadTra_BY!$C$2:$C$79,'Road transport'!$BA35),3) -> *0 | G35: ="*"&ROUND(SUMIFS(RoadTra_BY!O$2:O$79,RoadTra_BY!$B$2:$B$79,'Road transport'!$C35,RoadTra_BY!$C$2:$C$79,'Road transport'!$BA35),3) -> *0 | H35: ="*"&ROUND(SUMIFS(RoadTra_BY!P$2:P$79,RoadTra_BY!$B$2:$B$79,'Road transport'!$C35,RoadTra_BY!$C$2:$C$79,'Road transport'!$BA35),3) -> *0 | I35: ="*"&ROUND(SUMIFS(RoadTra_BY!Q$2:Q$79,RoadTra_BY!$B$2:$B$79,'Road transport'!$C35,RoadTra_BY!$C$2:$C$79,'Road transport'!$BA35),3) -> *0 | J35: ="*"&ROUND(SUMIFS(RoadTra_BY!R$2:R$79,RoadTra_BY!$B$2:$B$79,'Road transport'!$C35,RoadTra_BY!$C$2:$C$79,'Road transport'!$BA35),3) -> *0 | K35: ="*"&ROUND(SUMIFS(RoadTra_BY!S$2:S$79,RoadTra_BY!$B$2:$B$79,'Road transport'!$C35,RoadTra_BY!$C$2:$C$79,'Road transport'!$BA35),3) -> *0 | ... AW35: ="*"&ROUND(SUMIFS(RoadTra_BY!BE$2:BE$79,RoadTra_BY!$B$2:$B$79,'Road transport'!$C35,RoadTra_BY!$C$2:$C$79,'Road transport'!$BA35),3) -> *0 | AX35: =SUBSTITUTE(SUBSTITUTE(BA35,"gsl",""),"dsl","")&"*" -> Trd_bus_* | AZ35: =IFERROR(IF(FIND("gsl",BA35)>0,1,0),2) -> 2 | BA35: Trd_bus_dsl
C36: EFF | D36: ="*"&ROUND(SUMIFS(RoadTra_BY!L$2:L$79,RoadTra_BY!$B$2:$B$79,'Road transport'!$C36,RoadTra_BY!$C$2:$C$79,'Road transport'!$BA36),3) -> *0 | E36: ="*"&ROUND(SUMIFS(RoadTra_BY!M$2:M$79,RoadTra_BY!$B$2:$B$79,'Road transport'!$C36,RoadTra_BY!$C$2:$C$79,'Road transport'!$BA36),3) -> *0 | F36: ="*"&ROUND(SUMIFS(RoadTra_BY!N$2:N$79,RoadTra_BY!$B$2:$B$79,'Road transport'!$C36,RoadTra_BY!$C$2:$C$79,'Road transport'!$BA36),3) -> *0 | G36: ="*"&ROUND(SUMIFS(RoadTra_BY!O$2:O$79,RoadTra_BY!$B$2:$B$79,'Road transport'!$C36,RoadTra_BY!$C$2:$C$79,'Road transport'!$BA36),3) -> *0 | H36: ="*"&ROUND(SUMIFS(RoadTra_BY!P$2:P$79,RoadTra_BY!$B$2:$B$79,'Road transport'!$C36,RoadTra_BY!$C$2:$C$79,'Road transport'!$BA36),3) -> *0 | I36: ="*"&ROUND(SUMIFS(RoadTra_BY!Q$2:Q$79,RoadTra_BY!$B$2:$B$79,'Road transport'!$C36,RoadTra_BY!$C$2:$C$79,'Road transport'!$BA36),3) -> *0 | J36: ="*"&ROUND(SUMIFS(RoadTra_BY!R$2:R$79,RoadTra_BY!$B$2:$B$79,'Road transport'!$C36,RoadTra_BY!$C$2:$C$79,'Road transport'!$BA36),3) -> *0 | K36: ="*"&ROUND(SUMIFS(RoadTra_BY!S$2:S$79,RoadTra_BY!$B$2:$B$79,'Road transport'!$C36,RoadTra_BY!$C$2:$C$79,'Road transport'!$BA36),3) -> *0 | ... AW36: ="*"&ROUND(SUMIFS(RoadTra_BY!BE$2:BE$79,RoadTra_BY!$B$2:$B$79,'Road transport'!$C36,RoadTra_BY!$C$2:$C$79,'Road transport'!$BA36),3) -> *0 | AX36: =SUBSTITUTE(SUBSTITUTE(BA36,"gsl",""),"dsl","")&"*" -> Trd_car_* | AZ36: =IFERROR(IF(FIND("gsl",BA36)>0,1,0),2) -> 1 | BA36: Trd_car_gsl
C37: EFF | D37: ="*"&ROUND(SUMIFS(RoadTra_BY!L$2:L$79,RoadTra_BY!$B$2:$B$79,'Road transport'!$C37,RoadTra_BY!$C$2:$C$79,'Road transport'!$BA37),3) -> *0 | E37: ="*"&ROUND(SUMIFS(RoadTra_BY!M$2:M$79,RoadTra_BY!$B$2:$B$79,'Road transport'!$C37,RoadTra_BY!$C$2:$C$79,'Road transport'!$BA37),3) -> *0 | F37: ="*"&ROUND(SUMIFS(RoadTra_BY!N$2:N$79,RoadTra_BY!$B$2:$B$79,'Road transport'!$C37,RoadTra_BY!$C$2:$C$79,'Road transport'!$BA37),3) -> *0 | G37: ="*"&ROUND(SUMIFS(RoadTra_BY!O$2:O$79,RoadTra_BY!$B$2:$B$79,'Road transport'!$C37,RoadTra_BY!$C$2:$C$79,'Road transport'!$BA37),3) -> *0 | H37: ="*"&ROUND(SUMIFS(RoadTra_BY!P$2:P$79,RoadTra_BY!$B$2:$B$79,'Road transport'!$C37,RoadTra_BY!$C$2:$C$79,'Road transport'!$BA37),3) -> *0 | I37: ="*"&ROUND(SUMIFS(RoadTra_BY!Q$2:Q$79,RoadTra_BY!$B$2:$B$79,'Road transport'!$C37,RoadTra_BY!$C$2:$C$79,'Road transport'!$BA37),3) -> *0 | J37: ="*"&ROUND(SUMIFS(RoadTra_BY!R$2:R$79,RoadTra_BY!$B$2:$B$79,'Road transport'!$C37,RoadTra_BY!$C$2:$C$79,'Road transport'!$BA37),3) -> *0 | K37: ="*"&ROUND(SUMIFS(RoadTra_BY!S$2:S$79,RoadTra_BY!$B$2:$B$79,'Road transport'!$C37,RoadTra_BY!$C$2:$C$79,'Road transport'!$BA37),3) -> *0 | ... AW37: ="*"&ROUND(SUMIFS(RoadTra_BY!BE$2:BE$79,RoadTra_BY!$B$2:$B$79,'Road transport'!$C37,RoadTra_BY!$C$2:$C$79,'Road transport'!$BA37),3) -> *0 | AX37: =SUBSTITUTE(SUBSTITUTE(BA37,"gsl",""),"dsl","")&"*" -> Trd_hdt_* | AZ37: =IFERROR(IF(FIND("gsl",BA37)>0,1,0),2) -> 2 | BA37: Trd_hdt_dsl
C38: EFF | D38: ="*"&ROUND(SUMIFS(RoadTra_BY!L$2:L$79,RoadTra_BY!$B$2:$B$79,'Road transport'!$C38,RoadTra_BY!$C$2:$C$79,'Road transport'!$BA38),3) -> *0 | E38: ="*"&ROUND(SUMIFS(RoadTra_BY!M$2:M$79,RoadTra_BY!$B$2:$B$79,'Road transport'!$C38,RoadTra_BY!$C$2:$C$79,'Road transport'!$BA38),3) -> *0 | F38: ="*"&ROUND(SUMIFS(RoadTra_BY!N$2:N$79,RoadTra_BY!$B$2:$B$79,'Road transport'!$C38,RoadTra_BY!$C$2:$C$79,'Road transport'!$BA38),3) -> *0 | G38: ="*"&ROUND(SUMIFS(RoadTra_BY!O$2:O$79,RoadTra_BY!$B$2:$B$79,'Road transport'!$C38,RoadTra_BY!$C$2:$C$79,'Road transport'!$BA38),3) -> *0 | H38: ="*"&ROUND(SUMIFS(RoadTra_BY!P$2:P$79,RoadTra_BY!$B$2:$B$79,'Road transport'!$C38,RoadTra_BY!$C$2:$C$79,'Road transport'!$BA38),3) -> *0 | I38: ="*"&ROUND(SUMIFS(RoadTra_BY!Q$2:Q$79,RoadTra_BY!$B$2:$B$79,'Road transport'!$C38,RoadTra_BY!$C$2:$C$79,'Road transport'!$BA38),3) -> *0 | J38: ="*"&ROUND(SUMIFS(RoadTra_BY!R$2:R$79,RoadTra_BY!$B$2:$B$79,'Road transport'!$C38,RoadTra_BY!$C$2:$C$79,'Road transport'!$BA38),3) -> *0 | K38: ="*"&ROUND(SUMIFS(RoadTra_BY!S$2:S$79,RoadTra_BY!$B$2:$B$79,'Road transport'!$C38,RoadTra_BY!$C$2:$C$79,'Road transport'!$BA38),3) -> *0 | ... AW38: ="*"&ROUND(SUMIFS(RoadTra_BY!BE$2:BE$79,RoadTra_BY!$B$2:$B$79,'Road transport'!$C38,RoadTra_BY!$C$2:$C$79,'Road transport'!$BA38),3) -> *0 | AX38: =SUBSTITUTE(SUBSTITUTE(BA38,"gsl",""),"dsl","")&"*" -> Trd_lcv_* | AZ38: =IFERROR(IF(FIND("gsl",BA38)>0,1,0),2) -> 2 | BA38: Trd_lcv_dsl
B48: ~TFM_UPD
B49: attribute | C49: value | D49: pset_ci | E49: pset_co | I49: tempering the Eff improvement in smaller Evs
B50: EFF | C50: *.5 | D50: TRDELC | E50: Trd_2w,Trd_3w
B53: ~TFM_INS
B54: attribute | C54: value | D54: pset_set | E54: attrib_cond | F54: cset_cn | G54: other_indexes | H54: pset_co
B55: INVCOST | C55: 10 | D55: ELE | E55: -INVCOST
B59: FLO_FUNC | C59: 1 | F59: AuxStoIN | G59: TRAELC | H59: =F59 -> AuxStoIN
B65: ~TFM_INS | CX65: ~TFM_INS
B66: attribute | C66: limtype | D66: process | E66: cset_cn | F66: Africa_North | G66: Africa_Other | H66: Australia | I66: Austria | J66: Baltics | K66: BeNeLux | L66: Brazil | M66: China | N66: CroSloven | O66: CzechSlovak | P66: France | Q66: Germany | R66: GreeceCyp | S66: HunRomBul | T66: Iceland | U66: India | V66: Ireland | W66: ItalyMal | X66: Japan | Y66: LatAm | Z66: MidEast | AA66: NorthAm | AB66: Norway | AC66: Poland | AD66: ROW | AE66: Russia | AF66: SaudiArabia | AG66: SouthAfrica | AH66: SpainPor | AI66: SweFinDen | AJ66: Switzerland | AK66: Turkey | AL66: UK | AM66: Ukraine | AN66: Pset_CO | CW66: attribute | CX66: limtype | CY66: process | CZ66: cset_cn | DA66: year | DB66: AllRegions
B67: FLO_BND | C67: UP | D67: MINBatMaterials_LI | E67: m_lithium | F67: =D77/1000 -> 0 | G67: =E77/1000 -> 310 | H67: =F77/1000 -> 6200 | I67: =G77/1000 -> 0 | J67: =H77/1000 -> 0 | K67: =I77/1000 -> 0 | L67: =J77/1000 -> 250 | M67: 2000 | N67: =L77/1000 -> 0 | O67: =M77/1000 -> 0 | P67: =N77/1000 -> 0 | Q67: =O77/1000 -> 0 | R67: =P77/1000 -> 0 | S67: =Q77/1000 -> 0 | T67: =R77/1000 -> 0 | U67: =S77/1000 -> 0 | ... AM67: =AK77/1000 -> 0 | AN67: =E67 -> m_lithium | CW67: FLO_BND | CX67: UP | CY67: MINBatMaterials | CZ67: m_lithium | DA67: 0 | DB67: 5
B68: FLO_BND | C68: UP | D68: MINBatMaterials_NI | E68: m_nickel | F68: =D78/1000 -> 0 | G68: =E78/1000 -> 0 | H68: =F78/1000 -> 21000 | I68: =G78/1000 -> 0 | J68: =H78/1000 -> 0 | K68: =I78/1000 -> 0 | L68: =J78/1000 -> 16000 | M68: =K78/1000 -> 2100 | ... AM68: =AK78/1000 -> 0 | AN68: =E68 -> m_nickel | CW68: FLO_BND | CX68: UP | CY68: MINBatMaterials | CZ68: m_nickel | DA68: 0 | DB68: 5
B69: FLO_BND | C69: UP | D69: MINBatMaterials_COB | E69: m_cobalt | F69: 0 | G69: =E79/10000 -> 410 | H69: =F79/10000 -> 150 | I69: =G79/10000 -> 0 | J69: =H79/10000 -> 0 | K69: =I79/10000 -> 0 | L69: =J79/10000 -> 0 | M69: =K79/10000 -> 14 | N69: =L79/10000 -> 0 | ... AM69: =AK79/10000 -> 0 | AN69: =E69 -> m_cobalt | CW69: FLO_BND | CX69: UP | CY69: MINBatMaterials | CZ69: m_cobalt | DA69: 0 | DB69: 5
B70: FLO_BND | C70: UP | D70: MINBatMaterials_MN | E70: m_manganese | F70: =D80/1000 -> 0 | G70: =E80/1000 -> 74000 | H70: =F80/1000 -> 270000 | I70: =G80/1000 -> 0 | J70: =H80/1000 -> 0 | K70: =I80/1000 -> 0 | L70: =J80/1000 -> 270000 | M70: =K80/1000 -> 280000 | ... Z70: =X80/1000 -> 0 | AA70: 100 | AB70: =Z80/1000 -> 0 | AC70: =AA80/1000 -> 0 | AD70: =AB80/1000 -> 5000 | AE70: =AC80/1000 -> 0 | AF70: =AD80/1000 -> 0 | AG70: =AE80/1000 -> 640000 | AH70: =AF80/1000 -> 0 | AI70: =AG80/1000 -> 0 | ... AM70: =AK80/1000 -> 140000 | AN70: =E70 -> m_manganese | CW70: FLO_BND | CX70: UP | CY70: MINBatMaterials | CZ70: m_manganese | DA70: 0 | DB70: 5
B71: FLO_BND | C71: UP | D71: MINBatMaterials_AL | E71: m_aluminum | F71: =D81/1000 -> 0 | G71: =E81/1000 -> 0 | H71: =F81/1000 -> 0 | I71: =G81/1000 -> 0 | J71: =H81/1000 -> 0 | K71: =I81/1000 -> 0 | L71: =J81/1000 -> 0 | M71: 41500 | N71: =L81/1000 -> 0 | O71: =M81/1000 -> 0 | P71: =N81/1000 -> 0 | Q71: =O81/1000 -> 0 | R71: =P81/1000 -> 0 | S71: =Q81/1000 -> 0 | T71: =R81/1000 -> 0 | U71: =S81/1000 -> 0 | ... Z71: =X81/1000 -> 0 | AA71: 3650 | AB71: =Z81/1000 -> 0 | AC71: =AA81/1000 -> 0 | AD71: =AB81/1000 -> 0 | AE71: =AC81/1000 -> 0 | AF71: =AD81/1000 -> 0 | AG71: =AE81/1000 -> 0 | AH71: =AF81/1000 -> 0 | AI71: =AG81/1000 -> 0 | ... AM71: =AK81/1000 -> 0 | AN71: =E71 -> m_aluminum | CW71: FLO_BND | CX71: UP | CY71: MINBatMaterials | CZ71: m_aluminum | DA71: 0 | DB71: 5
B72: FLO_BND | C72: UP | D72: MINBatMaterials_COP | E72: m_copper | F72: =D82/1000 -> 0 | G72: =E82/1000 -> 50000 | H72: =F82/1000 -> 97000 | I72: =G82/1000 -> 0 | J72: =H82/1000 -> 0 | K72: =I82/1000 -> 0 | L72: =J82/1000 -> 0 | M72: =K82/1000 -> 27000 | ... AM72: =AK82/1000 -> 0 | AN72: =E72 -> m_copper | CW72: FLO_BND | CX72: UP | CY72: MINBatMaterials | CZ72: m_copper | DA72: 0 | DB72: 5
B73: FLO_BND | C73: UP | D73: MINBatMaterials_GR | E73: m_graphite | F73: =D83/1000 -> 0 | G73: =E83/1000 -> 69000 | H73: =F83/1000 -> 0 | I73: =G83/1000 -> 0 | J73: =H83/1000 -> 0 | K73: =I83/1000 -> 0 | L73: =J83/1000 -> 74000 | M73: =K83/1000 -> 52000 | ... AM73: =AK83/1000 -> 0 | AN73: =E73 -> m_graphite | CW73: FLO_BND | CX73: UP | CY73: MINBatMaterials | CZ73: m_graphite | DA73: 0 | DB73: 5
E75: ktonne
D77: 0 | E77: 310000 | F77: 6200000 | G77: 0 | J77: 250000 | K77: 2000000 | M77: 0 | N77: 0 | O77: 0 | P77: 0 | S77: 0 | V77: 0 | W77: 12250000 | X77: 0 | Y77: 1930000 | Z77: 0 | AA77: 0 | AB77: 3300000 | AC77: 0 | AD77: 0 | AE77: 0 | AF77: 60000 | AG77: 0 | AI77: 0 | AJ77: 0 | AK77: 0
D78: 0 | E78: 0 | F78: 21000000 | G78: 0 | J78: 16000000 | K78: 2100000 | M78: 0 | N78: 0 | O78: 0 | P78: 0 | S78: 0 | V78: 0 | W78: 16000000 | X78: 0 | Y78: 2570000 | Z78: 0 | AA78: 0 | AB78: 52900000 | AC78: 7500000 | AD78: 0 | AE78: 0 | AF78: 0 | AG78: 0 | AI78: 0 | AJ78: 0 | AK78: 0
D79: 13000 | E79: 4100000 | F79: 1500000 | G79: 0 | J79: 0 | K79: 140000 | M79: 0 | N79: 0 | O79: 0 | P79: 0 | S79: 0 | V79: 0 | W79: 500000 | X79: 36000 | Y79: 289000 | Z79: 0 | AA79: 0 | AB79: 1517000 | AC79: 250000 | AD79: 0 | AE79: 0 | AF79: 0 | AG79: 0 | AI79: 36000 | AJ79: 0 | AK79: 0
D80: 0 | E80: 74000000 | F80: 270000000 | G80: 0 | J80: 270000000 | K80: 280000000 | M80: 0 | N80: 0 | O80: 0 | P80: 0 | S80: 34000000 | V80: 0 | W80: 275000000 | X80: 0 | Y80: 0 | Z80: 0 | AA80: 0 | AB80: 5000000 | AC80: 0 | AD80: 0 | AE80: 640000000 | AF80: 0 | AG80: 0 | AI80: 0 | AJ80: 0 | AK80: 140000000
Y81: 0
D82: 0 | E82: 50000000 | F82: 97000000 | G82: 0 | J82: 0 | K82: 27000000 | M82: 0 | N82: 0 | O82: 0 | P82: 0 | S82: 0 | V82: 0 | W82: 324000000 | X82: 0 | Y82: 51600000 | Z82: 0 | AA82: 30000000 | AB82: 244000000 | AC82: 62000000 | AD82: 0 | AE82: 0 | AF82: 0 | AG82: 0 | AI82: 0 | AJ82: 0 | AK82: 0
D83: 0 | E83: 69000000 | F83: 0 | G83: 0 | J83: 74000000 | K83: 52000000 | M83: 0 | N83: 0 | O83: 0 | P83: 0 | S83: 8000000 | V83: 0 | W83: 77100000 | X83: 90000000 | Y83: 5700000 | Z83: 600000 | AA83: 0 | AB83: 12900000 | AC83: 14000000 | AD83: 0 | AE83: 0 | AF83: 0 | AG83: 0 | AI83: 90000000 | AJ83: 0 | AK83: 0
B88: *According to BloomBerg that ~2.5times more demand in 2024 vs. 2017 [means that 2.5 times higher demand every seven years] [https://about.bnef.com/blog/lithium-ion-battery-pack-prices-see-largest-drop-since-2017-falling-to-115-per-kilowatt-hour-bloombergnef/]; and a 18% learning rate also from Bloomberg
D102: ~TFM_INS | N102: ~TFM_INS | Z102: ~TFM_INS
C103: attribute | D103: process | E103: AllRegions | F103: China | G103: NorthAm | L103: year | M103: attribute | N103: process | O103: AllRegions | P103: China | Q103: NorthAm | X103: year | Y103: attribute | Z103: process | AA103: AllRegions | AB103: China | AC103: NorthAm
C104: ACT_COST | D104: PyroRecy-LFP | E104: 7.113844 | F104: 5.4017985 | G104: 8.8554074 | L104: 2050 | M104: ACT_COST | N104: PyroRecy-LFP | O104: =E104*0.313 -> 2.2266332 | P104: =F104*0.313 -> 1.6907629 | Q104: =G104*0.313 -> 2.7717425 | X104: 0 | Y104: ACT_COST | Z104: PyroRecy-LFP | AA104: 5 | AB104: 5 | AC104: 5
C105: ACT_COST | D105: PyroRecy-LMO | E105: 7.113844 | F105: 5.4017985 | G105: 8.8554074 | L105: 2050 | M105: ACT_COST | N105: PyroRecy-LMO | O105: =E105*0.313 -> 2.2266332 | P105: =F105*0.313 -> 1.6907629 | Q105: =G105*0.313 -> 2.7717425 | X105: 0 | Y105: ACT_COST | Z105: PyroRecy-LMO | AA105: 5 | AB105: 5 | AC105: 5
C106: ACT_COST | D106: PyroRecy-NCA | E106: 7.6297545 | F106: 5.793548 | G106: 9.4976197 | L106: 2050 | M106: ACT_COST | N106: PyroRecy-NCA | O106: =E106*0.313 -> 2.3881131 | P106: =F106*0.313 -> 1.8133805 | Q106: =G106*0.313 -> 2.972755 | X106: 0 | Y106: ACT_COST | Z106: PyroRecy-NCA | AA106: 5 | AB106: 5 | AC106: 5
C107: ACT_COST | D107: PyroRecy-NMC111 | E107: 7.4709708 | F107: 5.6729778 | G107: 9.2999637 | L107: 2050 | M107: ACT_COST | N107: PyroRecy-NMC111 | O107: =E107*0.313 -> 2.3384139 | P107: =F107*0.313 -> 1.7756421 | Q107: =G107*0.313 -> 2.9108886 | X107: 0 | Y107: ACT_COST | Z107: PyroRecy-NMC111 | AA107: 5 | AB107: 5 | AC107: 5
C108: ACT_COST | D108: PyroRecy-NMC532 | E108: 7.5164352 | F108: 5.7075006 | G108: 9.3565584 | L108: 2050 | M108: ACT_COST | N108: PyroRecy-NMC532 | O108: =E108*0.313 -> 2.3526442 | P108: =F108*0.313 -> 1.7864477 | Q108: =G108*0.313 -> 2.9286028 | X108: 0 | Y108: ACT_COST | Z108: PyroRecy-NMC532 | AA108: 5 | AB108: 5 | AC108: 5
C109: ACT_COST | D109: PyroRecy-NMC622 | E109: 7.5503626 | F109: 5.7332629 | G109: 9.3987917 | L109: 2050 | M109: ACT_COST | N109: PyroRecy-NMC622 | O109: =E109*0.313 -> 2.3632635 | P109: =F109*0.313 -> 1.7945113 | Q109: =G109*0.313 -> 2.9418218 | X109: 0 | Y109: ACT_COST | Z109: PyroRecy-NMC622 | AA109: 5 | AB109: 5 | AC109: 5
C110: ACT_COST | D110: PyroRecy-NMC811 | E110: 7.6297545 | F110: 5.793548 | G110: 9.4976197 | L110: 2050 | M110: ACT_COST | N110: PyroRecy-NMC811 | O110: =E110*0.313 -> 2.3881131 | P110: =F110*0.313 -> 1.8133805 | Q110: =G110*0.313 -> 2.972755 | X110: 0 | Y110: ACT_COST | Z110: PyroRecy-NMC811 | AA110: 5 | AB110: 5 | AC110: 5
C111: ACT_COST | D111: HydRecy-LFP | E111: 4.183846 | F111: 3.1769453 | G111: 5.2081071 | L111: 2050 | M111: ACT_COST | N111: HydRecy-LFP | O111: =E111*0.313 -> 1.3095438 | P111: =F111*0.313 -> 0.99438389 | Q111: =G111*0.313 -> 1.6301375 | X111: 0 | Y111: ACT_COST | Z111: HydRecy-LFP | AA111: 5 | AB111: 5 | AC111: 5
C112: ACT_COST | D112: HydRecy-LMO | E112: 4.183846 | F112: 3.1769453 | G112: 5.2081071 | L112: 2050 | M112: ACT_COST | N112: HydRecy-LMO | O112: =E112*0.313 -> 1.3095438 | P112: =F112*0.313 -> 0.99438389 | Q112: =G112*0.313 -> 1.6301375 | X112: 0 | Y112: ACT_COST | Z112: HydRecy-LMO | AA112: 5 | AB112: 5 | AC112: 5
C113: ACT_COST | D113: HydRecy-NCA | E113: 4.183846 | F113: 3.1769453 | G113: 5.2081071 | L113: 2050 | M113: ACT_COST | N113: HydRecy-NCA | O113: =E113*0.313 -> 1.3095438 | P113: =F113*0.313 -> 0.99438389 | Q113: =G113*0.313 -> 1.6301375 | X113: 0 | Y113: ACT_COST | Z113: HydRecy-NCA | AA113: 5 | AB113: 5 | AC113: 5
C114: ACT_COST | D114: HydRecy-NMC111 | E114: 4.183846 | F114: 3.1769453 | G114: 5.2081071 | L114: 2050 | M114: ACT_COST | N114: HydRecy-NMC111 | O114: =E114*0.313 -> 1.3095438 | P114: =F114*0.313 -> 0.99438389 | Q114: =G114*0.313 -> 1.6301375 | X114: 0 | Y114: ACT_COST | Z114: HydRecy-NMC111 | AA114: 5 | AB114: 5 | AC114: 5
C115: ACT_COST | D115: HydRecy-NMC532 | E115: 4.183846 | F115: 3.1769453 | G115: 5.2081071 | L115: 2050 | M115: ACT_COST | N115: HydRecy-NMC532 | O115: =E115*0.313 -> 1.3095438 | P115: =F115*0.313 -> 0.99438389 | Q115: =G115*0.313 -> 1.6301375 | X115: 0 | Y115: ACT_COST | Z115: HydRecy-NMC532 | AA115: 5 | AB115: 5 | AC115: 5
... C124: ACT_COST | D124: DirRecy-NMC811 | E124: 3.5649689 | F124: 2.7070096 | G124: 4.4377206 | L124: 2050 | M124: ACT_COST | N124: DirRecy-NMC811 | O124: =E124*0.313 -> 1.1158353 | P124: =F124*0.313 -> 0.847294 | Q124: =G124*0.313 -> 1.3890066 | X124: 0 | Y124: ACT_COST | Z124: DirRecy-NMC811 | AA124: 5 | AB124: 5 | AC124: 5
D132: ~TFM_INS
C133: attribute | D133: process | E133: AllRegions
C134: NCAP_COST | D134: PyroRecy-LFP | E134: 0.001
C135: NCAP_COST | D135: PyroRecy-LMO | E135: =E134 -> 0.001
C136: NCAP_COST | D136: PyroRecy-NCA | E136: =E135 -> 0.001
C137: NCAP_COST | D137: PyroRecy-NMC111 | E137: =E136 -> 0.001
C138: NCAP_COST | D138: PyroRecy-NMC532 | E138: =E137 -> 0.001
C139: NCAP_COST | D139: PyroRecy-NMC622 | E139: =E138 -> 0.001
C140: NCAP_COST | D140: PyroRecy-NMC811 | E140: =E139 -> 0.001
C141: NCAP_COST | D141: HydRecy-LFP | E141: =E140 -> 0.001
C142: NCAP_COST | D142: HydRecy-LMO | E142: =E141 -> 0.001
C143: NCAP_COST | D143: HydRecy-NCA | E143: =E142 -> 0.001
C144: NCAP_COST | D144: HydRecy-NMC111 | E144: =E143 -> 0.001
C145: NCAP_COST | D145: HydRecy-NMC532 | E145: =E144 -> 0.001
C146: NCAP_COST | D146: HydRecy-NMC622 | E146: =E145 -> 0.001
... C154: NCAP_COST | D154: DirRecy-NMC811 | E154: =E153 -> 0.001

Sheet RoadTra_BY
A1: scenario | B1: attribute | C1: process | D1: commodity | E1: lim_type | F1: time_slice | G1: year | H1: commodity_group | I1: currency | J1: stage | K1: sow | L1: valfield

Sheet added_EnergyUse_for_Manu
L4: ~TFM_UPD: attribute= INPUT | R4: ~TFM_UPD: attribute= INPUT | X4: ~TFM_UPD: attribute= INPUT | AD4: ~TFM_UPD: attribute= INPUT | AJ4: ~TFM_UPD: attribute= INPUT | AP4: ~TFM_UPD: attribute= INPUT | AV4: ~TFM_UPD: attribute= INPUT
J5: limtype | K5: process | L5: cset_cn | M5: NorthAm | P5: limtype | Q5: process | R5: cset_cn | S5: NorthAm | V5: limtype | W5: process | X5: cset_cn | Y5: NorthAm | AB5: limtype | AC5: process | AD5: cset_cn | AE5: NorthAm | AH5: limtype | AI5: process | AJ5: cset_cn | AK5: NorthAm | AN5: limtype | AO5: process | AP5: cset_cn | AQ5: NorthAm | AT5: limtype | AU5: process | AV5: cset_cn | AW5: NorthAm
J6: FX | K6: Tra_EV_Batt-NMC 111_virgin | L6: ELC | M6: =M16/1000 -> 0.0768 | P6: FX | Q6: Tra_EV_Batt-NMC532_virgin | R6: ELC | S6: =S16/1000 -> 0.0713 | V6: FX | W6: Tra_EV_Batt-NMC 622_virgin | X6: ELC | Y6: =Y16/1000 -> 0.0712 | AB6: FX | AC6: Tra_EV_Batt-NMC 811_virgin | AD6: ELC | AE6: =AE16/1000 -> 0.0725 | AH6: FX | AI6: Tra_EV_Batt-NCA_virgin | AJ6: ELC | AK6: =AK16/1000 -> 0.077 | AN6: FX | AO6: Tra_EV_Batt-LMO_virgin | AP6: ELC | AQ6: =AQ16/1000 -> 0.0424 | AT6: FX | AU6: Tra_EV_Batt-LFP_virgin | AV6: ELC | AW6: =AW16/1000 -> 0.0472
J7: FX | K7: Tra_EV_Batt-NMC 111_virgin | L7: TRACOA | M7: =M17/1000 -> 0.2026 | P7: FX | Q7: Tra_EV_Batt-NMC532_virgin | R7: TRACOA | S7: =S17/1000 -> 0.1913 | V7: FX | W7: Tra_EV_Batt-NMC 622_virgin | X7: TRACOA | Y7: =Y17/1000 -> 0.1915 | AB7: FX | AC7: Tra_EV_Batt-NMC 811_virgin | AD7: TRACOA | AE7: =AE17/1000 -> 0.1859 | AH7: FX | AI7: Tra_EV_Batt-NCA_virgin | AJ7: TRACOA | AK7: =AK17/1000 -> 0.1982 | AN7: FX | AO7: Tra_EV_Batt-LMO_virgin | AP7: TRACOA | AQ7: =AQ17/1000 -> 0.0768 | AT7: FX | AU7: Tra_EV_Batt-LFP_virgin | AV7: TRACOA | AW7: =AW17/1000 -> 0.1555
J8: FX | K8: Tra_EV_Batt-NMC 111_virgin | L8: TRANGA | M8: =M18/1000 -> 0.5838 | P8: FX | Q8: Tra_EV_Batt-NMC532_virgin | R8: TRANGA | S8: =S18/1000 -> 0.5561 | V8: FX | W8: Tra_EV_Batt-NMC 622_virgin | X8: TRANGA | Y8: =Y18/1000 -> 0.5579 | AB8: FX | AC8: Tra_EV_Batt-NMC 811_virgin | AD8: TRANGA | AE8: =AE18/1000 -> 0.5505 | AH8: FX | AI8: Tra_EV_Batt-NCA_virgin | AJ8: TRANGA | AK8: =AK18/1000 -> 0.5942 | AN8: FX | AO8: Tra_EV_Batt-LMO_virgin | AP8: TRANGA | AQ8: =AQ18/1000 -> 0.4099 | AT8: FX | AU8: Tra_EV_Batt-LFP_virgin | AV8: TRANGA | AW8: =AW18/1000 -> 0.477
J9: FX | K9: Tra_EV_Batt-NMC 111_virgin | L9: TRADST | M9: =M19/1000 -> 0.1275 | P9: FX | Q9: Tra_EV_Batt-NMC532_virgin | R9: TRADST | S9: =S19/1000 -> 0.1337 | V9: FX | W9: Tra_EV_Batt-NMC 622_virgin | X9: TRADST | Y9: =Y19/1000 -> 0.1403 | AB9: FX | AC9: Tra_EV_Batt-NMC 811_virgin | AD9: TRADST | AE9: =AE19/1000 -> 0.1499 | AH9: FX | AI9: Tra_EV_Batt-NCA_virgin | AJ9: TRADST | AK9: =AK19/1000 -> 0.1608 | AN9: FX | AO9: Tra_EV_Batt-LMO_virgin | AP9: TRADST | AQ9: =AQ19/1000 -> 0.057 | AT9: FX | AU9: Tra_EV_Batt-LFP_virgin | AV9: TRADST | AW9: =AW19/1000 -> 0.0952
M16: =T65 -> 76.8 | S16: =U65 -> 71.3 | Y16: =V65 -> 71.2 | AE16: =W65 -> 72.5 | AK16: =X65 -> 77 | AQ16: =Y65 -> 42.4 | AW16: =Z65 -> 47.2
M17: =T66 -> 202.6 | S17: =U66 -> 191.3 | Y17: =V66 -> 191.5 | AE17: =W66 -> 185.9 | AK17: =X66 -> 198.2 | AQ17: =Y66 -> 76.8 | AW17: =Z66 -> 155.5
M18: =T67 -> 583.8 | S18: =U67 -> 556.1 | Y18: =V67 -> 557.9 | AE18: =W67 -> 550.5 | AK18: =X67 -> 594.2 | AQ18: =Y67 -> 409.9 | AW18: =Z67 -> 477
M19: =T68 -> 127.5 | S19: =U68 -> 133.7 | Y19: =V68 -> 140.3 | AE19: =W68 -> 149.9 | AK19: =X68 -> 160.8 | AQ19: =Y68 -> 57 | AW19: =Z68 -> 95.2
L24: ~TFM_UPD: attribute= INPUT | R24: ~TFM_UPD: attribute= INPUT | X24: ~TFM_UPD: attribute= INPUT | AD24: ~TFM_UPD: attribute= INPUT | AJ24: ~TFM_UPD: attribute= INPUT | AP24: ~TFM_UPD: attribute= INPUT | AV24: ~TFM_UPD: attribute= INPUT
J25: limtype | K25: process | L25: cset_cn | M25: China | P25: limtype | Q25: process | R25: cset_cn | S25: China | V25: limtype | W25: process | X25: cset_cn | Y25: China | AB25: limtype | AC25: process | AD25: cset_cn | AE25: China | AH25: limtype | AI25: process | AJ25: cset_cn | AK25: China | AN25: limtype | AO25: process | AP25: cset_cn | AQ25: China | AT25: limtype | AU25: process | AV25: cset_cn | AW25: China
J26: FX | K26: =K6 -> Tra_EV_Batt-NMC 111_virgin | L26: ELC | M26: =T73/1000 -> 0.0774 | P26: FX | Q26: =Q6 -> Tra_EV_Batt-NMC532_virgin | R26: ELC | S26: =S32/1000 -> 0.072 | V26: FX | W26: =W6 -> Tra_EV_Batt-NMC 622_virgin | X26: ELC | Y26: =Y32/1000 -> 0.0719 | AB26: FX | AC26: =AC6 -> Tra_EV_Batt-NMC 811_virgin | AD26: ELC | AE26: =AE32/1000 -> 0.0731 | AH26: FX | AI26: =AI6 -> Tra_EV_Batt-NCA_virgin | AJ26: ELC | AK26: =AK32/1000 -> 0.0777 | AN26: FX | AO26: =AO6 -> Tra_EV_Batt-LMO_virgin | AP26: ELC | AQ26: =AQ32/1000 -> 0.0431 | AT26: FX | AU26: =AU6 -> Tra_EV_Batt-LFP_virgin | AV26: ELC | AW26: =AW32/1000 -> 0.0478
J27: FX | K27: =K7 -> Tra_EV_Batt-NMC 111_virgin | L27: TRACOA | M27: =T74/1000 -> 0.2366 | P27: FX | Q27: =Q7 -> Tra_EV_Batt-NMC532_virgin | R27: TRACOA | S27: =S33/1000 -> 0.2252 | V27: FX | W27: =W7 -> Tra_EV_Batt-NMC 622_virgin | X27: TRACOA | Y27: =Y33/1000 -> 0.2255 | AB27: FX | AC27: =AC7 -> Tra_EV_Batt-NMC 811_virgin | AD27: TRACOA | AE27: =AE33/1000 -> 0.2198 | AH27: FX | AI27: =AI7 -> Tra_EV_Batt-NCA_virgin | AJ27: TRACOA | AK27: =AK33/1000 -> 0.2322 | AN27: FX | AO27: =AO7 -> Tra_EV_Batt-LMO_virgin | AP27: TRACOA | AQ27: =AQ33/1000 -> 0.1108 | AT27: FX | AU27: =AU7 -> Tra_EV_Batt-LFP_virgin | AV27: TRACOA | AW27: =AW33/1000 -> 0.1895
J28: FX | K28: =K8 -> Tra_EV_Batt-NMC 111_virgin | L28: TRANGA | M28: =T75/1000 -> 0.5598 | P28: FX | Q28: =Q8 -> Tra_EV_Batt-NMC532_virgin | R28: TRANGA | S28: =S34/1000 -> 0.5321 | V28: FX | W28: =W8 -> Tra_EV_Batt-NMC 622_virgin | X28: TRANGA | Y28: =Y34/1000 -> 0.5339 | AB28: FX | AC28: =AC8 -> Tra_EV_Batt-NMC 811_virgin | AD28: TRANGA | AE28: =AE34/1000 -> 0.5264 | AH28: FX | AI28: =AI8 -> Tra_EV_Batt-NCA_virgin | AJ28: TRANGA | AK28: =AK34/1000 -> 0.5702 | AN28: FX | AO28: =AO8 -> Tra_EV_Batt-LMO_virgin | AP28: TRANGA | AQ28: =AQ34/1000 -> 0.3858 | AT28: FX | AU28: =AU8 -> Tra_EV_Batt-LFP_virgin | AV28: TRANGA | AW28: =AW34/1000 -> 0.453
J29: FX | K29: =K9 -> Tra_EV_Batt-NMC 111_virgin | L29: TRADST | M29: =T76/1000 -> 0.1277 | P29: FX | Q29: =Q9 -> Tra_EV_Batt-NMC532_virgin | R29: TRADST | S29: =S35/1000 -> 0.134 | V29: FX | W29: =W9 -> Tra_EV_Batt-NMC 622_virgin | X29: TRADST | Y29: =Y35/1000 -> 0.1406 | AB29: FX | AC29: =AC9 -> Tra_EV_Batt-NMC 811_virgin | AD29: TRADST | AE29: =AE35/1000 -> 0.1502 | AH29: FX | AI29: =AI9 -> Tra_EV_Batt-NCA_virgin | AJ29: TRADST | AK29: =AK35/1000 -> 0.1611 | AN29: FX | AO29: =AO9 -> Tra_EV_Batt-LMO_virgin | AP29: TRADST | AQ29: =AQ35/1000 -> 0.0572 | AT29: FX | AU29: =AU9 -> Tra_EV_Batt-LFP_virgin | AV29: TRADST | AW29: =AW35/1000 -> 0.0955
S32: =U73 -> 72 | Y32: =V73 -> 71.9 | AE32: =W73 -> 73.1 | AK32: =X73 -> 77.7 | AQ32: =Y73 -> 43.1 | AW32: =Z73 -> 47.8
S33: =U74 -> 225.2 | Y33: =V74 -> 225.5 | AE33: =W74 -> 219.8 | AK33: =X74 -> 232.2 | AQ33: =Y74 -> 110.8 | AW33: =Z74 -> 189.5
S34: =U75 -> 532.1 | Y34: =V75 -> 533.9 | AE34: =W75 -> 526.4 | AK34: =X75 -> 570.2 | AQ34: =Y75 -> 385.8 | AW34: =Z75 -> 453
S35: =U76 -> 134 | Y35: =V76 -> 140.6 | AE35: =W76 -> 150.2 | AK35: =X76 -> 161.1 | AQ35: =Y76 -> 57.2 | AW35: =Z76 -> 95.5
Q42: Original data_provided by Anna
Q43: Location | R43: Energy use (MJ/kWh battery produced) | S43: Chemistry
S44: LCO | T44: NMC111 | U44: NMC532 | V44: NMC622 | W44: NMC811 | X44: NCA | Y44: LMO | Z44: LFP
Q45: US | R45: Total Energy | S45: 1211.3 | T45: 990.7 | U45: 952.4 | V45: 961 | W45: 958.7 | X45: 1030.2 | Y45: 586.1 | Z45: 775
R46: Fossil fuels | S46: 1103.7 | T46: 913.9 | U46: 881.1 | V46: 889.8 | W46: 886.2 | X46: 953.2 | Y46: 543.7 | Z46: 727.8
R47: Coal | S47: 267.3 | T47: 202.6 | U47: 191.3 | V47: 191.5 | W47: 185.9 | X47: 198.2 | Y47: 76.8 | Z47: 155.5
R48: Natural gas | S48: 692.5 | T48: 583.8 | U48: 556.1 | V48: 557.9 | W48: 550.5 | X48: 594.2 | Y48: 409.9 | Z48: 477
R49: Petroleum | S49: 144 | T49: 127.5 | U49: 133.7 | V49: 140.3 | W49: 149.9 | X49: 160.8 | Y49: 57 | Z49: 95.2
Q50: Korea | R50: Total Energy | S50: 1217.1 | T50: 996.4 | U50: 958.2 | V50: 966.8 | W50: 964.4 | X50: 1036 | Y50: 591.9 | Z50: 780.8
R51: Fossil fuels | S51: 1109.8 | T51: 920 | U51: 887.2 | V51: 895.9 | W51: 892.3 | X51: 959.3 | Y51: 549.8 | Z51: 733.9
R52: Coal | S52: 280.2 | T52: 215.6 | U52: 204.2 | V52: 204.5 | W52: 198.8 | X52: 211.1 | Y52: 89.8 | Z52: 168.5
R53: Natural gas | S53: 684.6 | T53: 575.9 | U53: 548.2 | V53: 550 | W53: 542.6 | X53: 586.3 | Y53: 402 | Z53: 469.1
R54: Petroleum | S54: 145 | T54: 128.5 | U54: 134.7 | V54: 141.3 | W54: 150.9 | X54: 161.9 | Y54: 58 | Z54: 96.3
Q55: China | R55: Total Energy | S55: 1222.2 | T55: 1001.5 | U55: 963.3 | V55: 971.9 | W55: 969.5 | X55: 1041.1 | Y55: 597 | Z55: 785.8
R56: Fossil fuels | S56: 1113.9 | T56: 924.1 | U56: 891.3 | V56: 900 | W56: 896.4 | X56: 963.4 | Y56: 553.9 | Z56: 738
R57: Coal | S57: 301.2 | T57: 236.6 | U57: 225.2 | V57: 225.5 | W57: 219.8 | X57: 232.2 | Y57: 110.8 | Z57: 189.5
R58: Natural gas | S58: 668.4 | T58: 559.8 | U58: 532.1 | V58: 533.9 | W58: 526.4 | X58: 570.2 | Y58: 385.8 | Z58: 453
R59: Petroleum | S59: 144.2 | T59: 127.7 | U59: 134 | V59: 140.6 | W59: 150.2 | X59: 161.1 | Y59: 57.2 | Z59: 95.5
Q61: ** Assumed to be cell manufacturing
S64: LCO | T64: NMC111 | U64: NMC532 | V64: NMC622 | W64: NMC811 | X64: NCA | Y64: LMO | Z64: LFP
Q65: US | R65: ELC | S65: =S45-S46 -> 107.6 | T65: =T45-T46 -> 76.8 | U65: =U45-U46 -> 71.3 | V65: =V45-V46 -> 71.2 | W65: =W45-W46 -> 72.5 | X65: =X45-X46 -> 77 | Y65: =Y45-Y46 -> 42.4 | Z65: =Z45-Z46 -> 47.2
R66: Coal | S66: =S47 -> 267.3 | T66: =T47 -> 202.6 | U66: =U47 -> 191.3 | V66: =V47 -> 191.5 | W66: =W47 -> 185.9 | X66: =X47 -> 198.2 | Y66: =Y47 -> 76.8 | Z66: =Z47 -> 155.5
R67: Natural gas | S67: =S48 -> 692.5 | T67: =T48 -> 583.8 | U67: =U48 -> 556.1 | V67: =V48 -> 557.9 | W67: =W48 -> 550.5 | X67: =X48 -> 594.2 | Y67: =Y48 -> 409.9 | Z67: =Z48 -> 477
R68: Petroleum | S68: =S49 -> 144 | T68: =T49 -> 127.5 | U68: =U49 -> 133.7 | V68: =V49 -> 140.3 | W68: =W49 -> 149.9 | X68: =X49 -> 160.8 | Y68: =Y49 -> 57 | Z68: =Z49 -> 95.2
Q69: Korea | R69: ELC | S69: =S50-S51 -> 107.3 | T69: =T50-T51 -> 76.4 | U69: =U50-U51 -> 71 | V69: =V50-V51 -> 70.9 | W69: =W50-W51 -> 72.1 | X69: =X50-X51 -> 76.7 | Y69: =Y50-Y51 -> 42.1 | Z69: =Z50-Z51 -> 46.9
R70: Coal | S70: =S52 -> 280.2 | T70: =T52 -> 215.6 | U70: =U52 -> 204.2 | V70: =V52 -> 204.5 | W70: =W52 -> 198.8 | X70: =X52 -> 211.1 | Y70: =Y52 -> 89.8 | Z70: =Z52 -> 168.5
R71: Natural gas | S71: =S53 -> 684.6 | T71: =T53 -> 575.9 | U71: =U53 -> 548.2 | V71: =V53 -> 550 | W71: =W53 -> 542.6 | X71: =X53 -> 586.3 | Y71: =Y53 -> 402 | Z71: =Z53 -> 469.1
R72: Petroleum | S72: =S54 -> 145 | T72: =T54 -> 128.5 | U72: =U54 -> 134.7 | V72: =V54 -> 141.3 | W72: =W54 -> 150.9 | X72: =X54 -> 161.9 | Y72: =Y54 -> 58 | Z72: =Z54 -> 96.3
Q73: China | R73: ELC | S73: =S55-S56 -> 108.3 | T73: =T55-T56 -> 77.4 | U73: =U55-U56 -> 72 | V73: =V55-V56 -> 71.9 | W73: =W55-W56 -> 73.1 | X73: =X55-X56 -> 77.7 | Y73: =Y55-Y56 -> 43.1 | Z73: =Z55-Z56 -> 47.8
R74: Coal | S74: =S57 -> 301.2 | T74: =T57 -> 236.6 | U74: =U57 -> 225.2 | V74: =V57 -> 225.5 | W74: =W57 -> 219.8 | X74: =X57 -> 232.2 | Y74: =Y57 -> 110.8 | Z74: =Z57 -> 189.5
R75: Natural gas | S75: =S58 -> 668.4 | T75: =T58 -> 559.8 | U75: =U58 -> 532.1 | V75: =V58 -> 533.9 | W75: =W58 -> 526.4 | X75: =X58 -> 570.2 | Y75: =Y58 -> 385.8 | Z75: =Z58 -> 453
R76: Petroleum | S76: =S59 -> 144.2 | T76: =T59 -> 127.7 | U76: =U59 -> 134 | V76: =V59 -> 140.6 | W76: =W59 -> 150.2 | X76: =X59 -> 161.1 | Y76: =Y59 -> 57.2 | Z76: =Z59 -> 95.5
Q79: Other countries | R79: ELC | S79: =AVERAGE(S65,S69,S73) -> 107.73333 | T79: =AVERAGE(T65,T69,T73) -> 76.866667 | U79: =AVERAGE(U65,U69,U73) -> 71.433333 | V79: =AVERAGE(V65,V69,V73) -> 71.333333 | W79: =AVERAGE(W65,W69,W73) -> 72.566667 | X79: =AVERAGE(X65,X69,X73) -> 77.133333 | Y79: =AVERAGE(Y65,Y69,Y73) -> 42.533333 | Z79: =AVERAGE(Z65,Z69,Z73) -> 47.3
R80: Coal | S80: =AVERAGE(S66,S70,S74) -> 282.9 | T80: =AVERAGE(T66,T70,T74) -> 218.26667 | U80: =AVERAGE(U66,U70,U74) -> 206.9 | V80: =AVERAGE(V66,V70,V74) -> 207.16667 | W80: =AVERAGE(W66,W70,W74) -> 201.5 | X80: =AVERAGE(X66,X70,X74) -> 213.83333 | Y80: =AVERAGE(Y66,Y70,Y74) -> 92.466667 | Z80: =AVERAGE(Z66,Z70,Z74) -> 171.16667
R81: Natural gas | S81: =AVERAGE(S67,S71,S75) -> 681.83333 | T81: =AVERAGE(T67,T71,T75) -> 573.16667 | U81: =AVERAGE(U67,U71,U75) -> 545.46667 | V81: =AVERAGE(V67,V71,V75) -> 547.26667 | W81: =AVERAGE(W67,W71,W75) -> 539.83333 | X81: =AVERAGE(X67,X71,X75) -> 583.56667 | Y81: =AVERAGE(Y67,Y71,Y75) -> 399.23333 | Z81: =AVERAGE(Z67,Z71,Z75) -> 466.36667
R82: Petroleum | S82: =AVERAGE(S68,S72,S76) -> 144.4 | T82: =AVERAGE(T68,T72,T76) -> 127.9 | U82: =AVERAGE(U68,U72,U76) -> 134.13333 | V82: =AVERAGE(V68,V72,V76) -> 140.73333 | W82: =AVERAGE(W68,W72,W76) -> 150.33333 | X82: =AVERAGE(X68,X72,X76) -> 161.26667 | Y82: =AVERAGE(Y68,Y72,Y76) -> 57.4 | Z82: =AVERAGE(Z68,Z72,Z76) -> 95.666667

Sheet added_energyUse_for_US_1.0
A1: Pyrometallurgical | L1: ktonne/GWh | W1: if energy use for LFP and LMO=1.0*that for NMC611 | AB1: Fill the data gap of EverBatt, by using a sensitivity analysis | AF1: if energy use for LFP and LMO=1.15*that for NMC611 | AO1: if energy use for LFP and LMO=0.85*that for NMC611 | AZ1: Pyrometallurgical
A2: Location | B2: Energy use (PJ/GWh battery produced) | C2: Chemistry | V2: INPUT | AZ2: Location | BA2: Energy use (PJ/GWh battery produced) | BB2: Chemistry
C3: LCO | D3: NMC111 | E3: NMC532 | F3: NMC622 | G3: NMC811 | H3: NCA | I3: LMO | J3: LFP | L3: LCO | M3: NMC111 | N3: NMC532 | O3: NMC622 | P3: NMC811 | Q3: NCA | R3: LMO | S3: LFP | V3: PJ/ktonne | W3: NMC111 | X3: NMC532 | Y3: NMC622 | Z3: NMC811 | AA3: NCA | AB3: LMO | AC3: LFP | AF3: NMC111 | AG3: NMC532 | AH3: NMC622 | AI3: NMC811 | AJ3: NCA | AK3: LMO | AL3: LFP | AO3: NMC111 | AP3: NMC532 | AQ3: NMC622 | AR3: NMC811 | AS3: NCA | AT3: LMO | AU3: LFP | BB3: LCO | BC3: NMC111 | BD3: NMC532 | BE3: NMC622 | BF3: NMC811 | BG3: NCA | BH3: LMO | BI3: LFP
A4: US | B4: Total Energy | C4: =BB4/1000 -> 0.8374 | D4: =BC4/1000 -> 0.8081 | E4: =BD4/1000 -> 0.7705 | F4: =BE4/1000 -> 0.76 | G4: =BF4/1000 -> 0.7551 | H4: =BG4/1000 -> 0.796 | I4: =BH4/1000 -> 0.76 | J4: =BI4/1000 -> 0.76 | M4: 5.937 | N4: 5.845 | O4: 5.575 | P4: 5.276 | Q4: 5.363 | R4: 6.645 | S4: 5.654 | U4: US | V4: Total Energy | W4: =D4/M4 -> 0.13611251 | X4: =E4/N4 -> 0.13182207 | Y4: =F4/O4 -> 0.13632287 | Z4: =G4/P4 -> 0.14311979 | AA4: =H4/Q4 -> 0.14842439 | AB4: =I4/R4 -> 0.11437171 | AC4: =J4/S4 -> 0.13441811 | AF4: =W4 -> 0.13611251 | AG4: =X4 -> 0.13182207 | AH4: =Y4 -> 0.13632287 | AI4: =Z4 -> 0.14311979 | AJ4: =AA4 -> 0.14842439 | AK4: =AB4*1.15 -> 0.13152746 | AL4: =AC4*1.15 -> 0.15458083 | AO4: =W4 -> 0.13611251 | AP4: =X4 -> 0.13182207 | AQ4: =Y4 -> 0.13632287 | AR4: =Z4 -> 0.14311979 | AS4: =AA4 -> 0.14842439 | AT4: =AB4*0.85 -> 0.097215952 | AU4: =AC4*0.85 -> 0.11425539 | AZ4: US | BA4: Total Energy | BB4: 837.4 | BC4: 808.1 | BD4: 770.5 | BE4: 760 | BF4: 755.1 | BG4: 796 | BH4: 760 | BI4: 760
B5: Fossil fuels | C5: =BB5/1000 -> 0.7701 | D5: =BC5/1000 -> 0.7457 | E5: =BD5/1000 -> 0.7115 | F5: =BE5/1000 -> 0.7021 | G5: =BF5/1000 -> 0.6948 | H5: =BG5/1000 -> 0.7338 | I5: =BH5/1000 -> 0.7021 | J5: =BI5/1000 -> 0.7021 | M5: 5.937 | N5: 5.845 | O5: 5.575 | P5: 5.276 | Q5: 5.363 | R5: 6.645 | S5: 5.654 | V5: Fossil fuels | W5: =D5/M5 -> 0.12560216 | X5: =E5/N5 -> 0.12172797 | Y5: =F5/O5 -> 0.12593722 | Z5: =G5/P5 -> 0.13169067 | AA5: =H5/Q5 -> 0.1368264 | AB5: =I5/R5 -> 0.10565839 | AC5: =J5/S5 -> 0.12417757 | AF5: =W5 -> 0.12560216 | AG5: =X5 -> 0.12172797 | AH5: =Y5 -> 0.12593722 | AI5: =Z5 -> 0.13169067 | AJ5: =AA5 -> 0.1368264 | AK5: =AB5*1.15 -> 0.12150715 | AL5: =AC5*1.15 -> 0.14280421 | AO5: =W5 -> 0.12560216 | AP5: =X5 -> 0.12172797 | AQ5: =Y5 -> 0.12593722 | AR5: =Z5 -> 0.13169067 | AS5: =AA5 -> 0.1368264 | AT5: =AB5*0.85 -> 0.089809631 | AU5: =AC5*0.85 -> 0.10555094 | BA5: Fossil fuels | BB5: 770.1 | BC5: 745.7 | BD5: 711.5 | BE5: 702.1 | BF5: 694.8 | BG5: 733.8 | BH5: 702.1 | BI5: 702.1
B6: Coal | C6: =BB6/1000 -> 0.1986 | D6: =BC6/1000 -> 0.1717 | E6: =BD6/1000 -> 0.1611 | F6: =BE6/1000 -> 0.1579 | G6: =BF6/1000 -> 0.1521 | H6: =BG6/1000 -> 0.1588 | I6: =BH6/1000 -> 0.1579 | J6: =BI6/1000 -> 0.1579 | M6: 5.937 | N6: 5.845 | O6: 5.575 | P6: 5.276 | Q6: 5.363 | R6: 6.645 | S6: 5.654 | V6: Coal | W6: =D6/M6 -> 0.02892033 | X6: =E6/N6 -> 0.027562019 | Y6: =F6/O6 -> 0.02832287 | Z6: =G6/P6 -> 0.028828658 | AA6: =H6/Q6 -> 0.029610293 | AB6: =I6/R6 -> 0.023762227 | AC6: =J6/S6 -> 0.027927131 | AF6: =W6 -> 0.02892033 | AG6: =X6 -> 0.027562019 | AH6: =Y6 -> 0.02832287 | AI6: =Z6 -> 0.028828658 | AJ6: =AA6 -> 0.029610293 | AK6: =AB6*1.15 -> 0.027326561 | AL6: =AC6*1.15 -> 0.032116201 | AO6: =W6 -> 0.02892033 | AP6: =X6 -> 0.027562019 | AQ6: =Y6 -> 0.02832287 | AR6: =Z6 -> 0.028828658 | AS6: =AA6 -> 0.029610293 | AT6: =AB6*0.85 -> 0.020197893 | AU6: =AC6*0.85 -> 0.023738062 | BA6: Coal | BB6: 198.6 | BC6: 171.7 | BD6: 161.1 | BE6: 157.9 | BF6: 152.1 | BG6: 158.8 | BH6: 157.9 | BI6: 157.9
B7: Natural gas | C7: =BB7/1000 -> 0.487 | D7: =BC7/1000 -> 0.4967 | E7: =BD7/1000 -> 0.4758 | F7: =BE7/1000 -> 0.4705 | G7: =BF7/1000 -> 0.4665 | H7: =BG7/1000 -> 0.496 | I7: =BH7/1000 -> 0.4705 | J7: =BI7/1000 -> 0.4705 | M7: 5.937 | N7: 5.845 | O7: 5.575 | P7: 5.276 | Q7: 5.363 | R7: 6.645 | S7: 5.654 | V7: Natural gas | W7: =D7/M7 -> 0.083661782 | X7: =E7/N7 -> 0.081402908 | Y7: =F7/O7 -> 0.084394619 | Z7: =G7/P7 -> 0.088419257 | AA7: =H7/Q7 -> 0.092485549 | AB7: =I7/R7 -> 0.070805117 | AC7: =J7/S7 -> 0.083215423 | AF7: =W7 -> 0.083661782 | AG7: =X7 -> 0.081402908 | AH7: =Y7 -> 0.084394619 | AI7: =Z7 -> 0.088419257 | AJ7: =AA7 -> 0.092485549 | AK7: =AB7*1.15 -> 0.081425884 | AL7: =AC7*1.15 -> 0.095697736 | AO7: =W7 -> 0.083661782 | AP7: =X7 -> 0.081402908 | AQ7: =Y7 -> 0.084394619 | AR7: =Z7 -> 0.088419257 | AS7: =AA7 -> 0.092485549 | AT7: =AB7*0.85 -> 0.060184349 | AU7: =AC7*0.85 -> 0.070733109 | BA7: Natural gas | BB7: 487 | BC7: 496.7 | BD7: 475.8 | BE7: 470.5 | BF7: 466.5 | BG7: 496 | BH7: 470.5 | BI7: 470.5
B8: Petroleum | C8: =BB8/1000 -> 0.0845 | D8: =BC8/1000 -> 0.0773 | E8: =BD8/1000 -> 0.0745 | F8: =BE8/1000 -> 0.0736 | G8: =BF8/1000 -> 0.0761 | H8: =BG8/1000 -> 0.0789 | I8: =BH8/1000 -> 0.0736 | J8: =BI8/1000 -> 0.0736 | M8: 5.937 | N8: 5.845 | O8: 5.575 | P8: 5.276 | Q8: 5.363 | R8: 6.645 | S8: 5.654 | V8: Petroleum | W8: =D8/M8 -> 0.013020044 | X8: =E8/N8 -> 0.012745937 | Y8: =F8/O8 -> 0.013201794 | Z8: =G8/P8 -> 0.014423806 | AA8: =H8/Q8 -> 0.014711915 | AB8: =I8/R8 -> 0.011075997 | AC8: =J8/S8 -> 0.013017333 | AF8: =W8 -> 0.013020044 | AG8: =X8 -> 0.012745937 | AH8: =Y8 -> 0.013201794 | AI8: =Z8 -> 0.014423806 | AJ8: =AA8 -> 0.014711915 | AK8: =AB8*1.15 -> 0.012737397 | AL8: =AC8*1.15 -> 0.014969933 | AO8: =W8 -> 0.013020044 | AP8: =X8 -> 0.012745937 | AQ8: =Y8 -> 0.013201794 | AR8: =Z8 -> 0.014423806 | AS8: =AA8 -> 0.014711915 | AT8: =AB8*0.85 -> 0.0094145974 | AU8: =AC8*0.85 -> 0.011064733 | BA8: Petroleum | BB8: 84.5 | BC8: 77.3 | BD8: 74.5 | BE8: 73.6 | BF8: 76.1 | BG8: 78.9 | BH8: 73.6 | BI8: 73.6
A9: Korea | B9: Total Energy | C9: =BB9/1000 -> 0.855 | D9: =BC9/1000 -> 0.8241 | E9: =BD9/1000 -> 0.7857 | F9: =BE9/1000 -> 0.775 | G9: =BF9/1000 -> 0.7702 | H9: =BG9/1000 -> 0.8116 | I9: =BH9/1000 -> 0.775 | J9: =BI9/1000 -> 0.775 | M9: 5.937 | N9: 5.845 | O9: 5.575 | P9: 5.276 | Q9: 5.363 | R9: 6.645 | S9: 5.654 | U9: Korea | V9: Total Energy | W9: =D9/M9 -> 0.13880748 | X9: =E9/N9 -> 0.13442258 | Y9: =F9/O9 -> 0.13901345 | Z9: =G9/P9 -> 0.1459818 | AA9: =H9/Q9 -> 0.15133321 | AB9: =I9/R9 -> 0.11662904 | AC9: =J9/S9 -> 0.1370711 | AF9: =W9 -> 0.13880748 | AG9: =X9 -> 0.13442258 | AH9: =Y9 -> 0.13901345 | AI9: =Z9 -> 0.1459818 | AJ9: =AA9 -> 0.15133321 | AK9: =AB9*1.15 -> 0.1341234 | AL9: =AC9*1.15 -> 0.15763177 | AO9: =W9 -> 0.13880748 | AP9: =X9 -> 0.13442258 | AQ9: =Y9 -> 0.13901345 | AR9: =Z9 -> 0.1459818 | AS9: =AA9 -> 0.15133321 | AT9: =AB9*0.85 -> 0.099134688 | AU9: =AC9*0.85 -> 0.11651044 | AZ9: Korea | BA9: Total Energy | BB9: 855 | BC9: 824.1 | BD9: 785.7 | BE9: 775 | BF9: 770.2 | BG9: 811.6 | BH9: 775 | BI9: 775
B10: Fossil fuels | C10: =BB10/1000 -> 0.7888 | D10: =BC10/1000 -> 0.7626 | E10: =BD10/1000 -> 0.7275 | F10: =BE10/1000 -> 0.7179 | G10: =BF10/1000 -> 0.7107 | H10: =BG10/1000 -> 0.7503 | I10: =BH10/1000 -> 0.7179 | J10: =BI10/1000 -> 0.7179 | M10: 5.937 | N10: 5.845 | O10: 5.575 | P10: 5.276 | Q10: 5.363 | R10: 6.645 | S10: 5.654 | V10: Fossil fuels | W10: =D10/M10 -> 0.12844871 | X10: =E10/N10 -> 0.12446536 | Y10: =F10/O10 -> 0.1287713 | Z10: =G10/P10 -> 0.13470432 | AA10: =H10/Q10 -> 0.13990304 | AB10: =I10/R10 -> 0.10803612 | AC10: =J10/S10 -> 0.12697206 | AF10: =W10 -> 0.12844871 | AG10: =X10 -> 0.12446536 | AH10: =Y10 -> 0.1287713 | AI10: =Z10 -> 0.13470432 | AJ10: =AA10 -> 0.13990304 | AK10: =AB10*1.15 -> 0.12424153 | AL10: =AC10*1.15 -> 0.14601786 | AO10: =W10 -> 0.12844871 | AP10: =X10 -> 0.12446536 | AQ10: =Y10 -> 0.1287713 | AR10: =Z10 -> 0.13470432 | AS10: =AA10 -> 0.13990304 | AT10: =AB10*0.85 -> 0.0918307 | AU10: =AC10*0.85 -> 0.10792625 | BA10: Fossil fuels | BB10: 788.8 | BC10: 762.6 | BD10: 727.5 | BE10: 717.9 | BF10: 710.7 | BG10: 750.3 | BH10: 717.9 | BI10: 717.9
B11: Coal | C11: =BB11/1000 -> 0.2381 | D11: =BC11/1000 -> 0.2075 | E11: =BD11/1000 -> 0.1951 | F11: =BE11/1000 -> 0.1916 | G11: =BF11/1000 -> 0.186 | H11: =BG11/1000 -> 0.1938 | I11: =BH11/1000 -> 0.1916 | J11: =BI11/1000 -> 0.1916 | M11: 5.937 | N11: 5.845 | O11: 5.575 | P11: 5.276 | Q11: 5.363 | R11: 6.645 | S11: 5.654 | V11: Coal | W11: =D11/M11 -> 0.034950312 | X11: =E11/N11 -> 0.033378956 | Y11: =F11/O11 -> 0.034367713 | Z11: =G11/P11 -> 0.03525398 | AA11: =H11/Q11 -> 0.036136491 | AB11: =I11/R11 -> 0.02883371 | AC11: =J11/S11 -> 0.033887513 | AF11: =W11 -> 0.034950312 | AG11: =X11 -> 0.033378956 | AH11: =Y11 -> 0.034367713 | AI11: =Z11 -> 0.03525398 | AJ11: =AA11 -> 0.036136491 | AK11: =AB11*1.15 -> 0.033158766 | AL11: =AC11*1.15 -> 0.03897064 | AO11: =W11 -> 0.034950312 | AP11: =X11 -> 0.033378956 | AQ11: =Y11 -> 0.034367713 | AR11: =Z11 -> 0.03525398 | AS11: =AA11 -> 0.036136491 | AT11: =AB11*0.85 -> 0.024508653 | AU11: =AC11*0.85 -> 0.028804386 | BA11: Coal | BB11: 238.1 | BC11: 207.5 | BD11: 195.1 | BE11: 191.6 | BF11: 186 | BG11: 193.8 | BH11: 191.6 | BI11: 191.6
B12: Natural gas | C12: =BB12/1000 -> 0.4629 | D12: =BC12/1000 -> 0.4749 | E12: =BD12/1000 -> 0.4551 | F12: =BE12/1000 -> 0.45 | G12: =BF12/1000 -> 0.4459 | H12: =BG12/1000 -> 0.4747 | I12: =BH12/1000 -> 0.45 | J12: =BI12/1000 -> 0.45 | M12: 5.937 | N12: 5.845 | O12: 5.575 | P12: 5.276 | Q12: 5.363 | R12: 6.645 | S12: 5.654 | V12: Natural gas | W12: =D12/M12 -> 0.079989894 | X12: =E12/N12 -> 0.07786142 | Y12: =F12/O12 -> 0.080717489 | Z12: =G12/P12 -> 0.084514784 | AA12: =H12/Q12 -> 0.088513891 | AB12: =I12/R12 -> 0.06772009 | AC12: =J12/S12 -> 0.079589671 | AF12: =W12 -> 0.079989894 | AG12: =X12 -> 0.07786142 | AH12: =Y12 -> 0.080717489 | AI12: =Z12 -> 0.084514784 | AJ12: =AA12 -> 0.088513891 | AK12: =AB12*1.15 -> 0.077878104 | AL12: =AC12*1.15 -> 0.091528122 | AO12: =W12 -> 0.079989894 | AP12: =X12 -> 0.07786142 | AQ12: =Y12 -> 0.080717489 | AR12: =Z12 -> 0.084514784 | AS12: =AA12 -> 0.088513891 | AT12: =AB12*0.85 -> 0.057562077 | AU12: =AC12*0.85 -> 0.06765122 | BA12: Natural gas | BB12: 462.9 | BC12: 474.9 | BD12: 455.1 | BE12: 450 | BF12: 445.9 | BG12: 474.7 | BH12: 450 | BI12: 450
B13: Petroleum | C13: =BB13/1000 -> 0.0877 | D13: =BC13/1000 -> 0.0802 | E13: =BD13/1000 -> 0.0772 | F13: =BE13/1000 -> 0.0763 | G13: =BF13/1000 -> 0.0789 | H13: =BG13/1000 -> 0.0817 | I13: =BH13/1000 -> 0.0763 | J13: =BI13/1000 -> 0.0763 | M13: 5.937 | N13: 5.845 | O13: 5.575 | P13: 5.276 | Q13: 5.363 | R13: 6.645 | S13: 5.654 | V13: Petroleum | W13: =D13/M13 -> 0.013508506 | X13: =E13/N13 -> 0.01320787 | Y13: =F13/O13 -> 0.013686099 | Z13: =G13/P13 -> 0.014954511 | AA13: =H13/Q13 -> 0.015234011 | AB13: =I13/R13 -> 0.011482318 | AC13: =J13/S13 -> 0.013494871 | AF13: =W13 -> 0.013508506 | AG13: =X13 -> 0.01320787 | AH13: =Y13 -> 0.013686099 | AI13: =Z13 -> 0.014954511 | AJ13: =AA13 -> 0.015234011 | AK13: =AB13*1.15 -> 0.013204665 | AL13: =AC13*1.15 -> 0.015519102 | AO13: =W13 -> 0.013508506 | AP13: =X13 -> 0.01320787 | AQ13: =Y13 -> 0.013686099 | AR13: =Z13 -> 0.014954511 | AS13: =AA13 -> 0.015234011 | AT13: =AB13*0.85 -> 0.0097599699 | AU13: =AC13*0.85 -> 0.01147064 | BA13: Petroleum | BB13: 87.7 | BC13: 80.2 | BD13: 77.2 | BE13: 76.3 | BF13: 78.9 | BG13: 81.7 | BH13: 76.3 | BI13: 76.3
A14: China | B14: Total Energy | C14: =BB14/1000 -> 0.8705 | D14: =BC14/1000 -> 0.8381 | E14: =BD14/1000 -> 0.799 | F14: =BE14/1000 -> 0.7882 | G14: =BF14/1000 -> 0.7835 | H14: =BG14/1000 -> 0.8253 | I14: =BH14/1000 -> 0.7882 | J14: =BI14/1000 -> 0.7882 | M14: 5.937 | N14: 5.845 | O14: 5.575 | P14: 5.276 | Q14: 5.363 | R14: 6.645 | S14: 5.654 | U14: China | V14: Total Energy | W14: =D14/M14 -> 0.14116557 | X14: =E14/N14 -> 0.13669803 | Y14: =F14/O14 -> 0.14138117 | Z14: =G14/P14 -> 0.14850265 | AA14: =H14/Q14 -> 0.15388775 | AB14: =I14/R14 -> 0.1186155 | AC14: =J14/S14 -> 0.13940573 | AF14: =W14 -> 0.14116557 | AG14: =X14 -> 0.13669803 | AH14: =Y14 -> 0.14138117 | AI14: =Z14 -> 0.14850265 | AJ14: =AA14 -> 0.15388775 | AK14: =AB14*1.15 -> 0.13640783 | AL14: =AC14*1.15 -> 0.16031659 | AO14: =W14 -> 0.14116557 | AP14: =X14 -> 0.13669803 | AQ14: =Y14 -> 0.14138117 | AR14: =Z14 -> 0.14850265 | AS14: =AA14 -> 0.15388775 | AT14: =AB14*0.85 -> 0.10082318 | AU14: =AC14*0.85 -> 0.11849487 | AZ14: China | BA14: Total Energy | BB14: 870.5 | BC14: 838.1 | BD14: 799 | BE14: 788.2 | BF14: 783.5 | BG14: 825.3 | BH14: 788.2 | BI14: 788.2
B15: Fossil fuels | C15: =BB15/1000 -> 0.8012 | D15: =BC15/1000 -> 0.7738 | E15: =BD15/1000 -> 0.7382 | F15: =BE15/1000 -> 0.7285 | G15: =BF15/1000 -> 0.7214 | H15: =BG15/1000 -> 0.7613 | I15: =BH15/1000 -> 0.7285 | J15: =BI15/1000 -> 0.7285 | M15: 5.937 | N15: 5.845 | O15: 5.575 | P15: 5.276 | Q15: 5.363 | R15: 6.645 | S15: 5.654 | V15: Fossil fuels | W15: =D15/M15 -> 0.13033519 | X15: =E15/N15 -> 0.12629598 | Y15: =F15/O15 -> 0.13067265 | Z15: =G15/P15 -> 0.13673237 | AA15: =H15/Q15 -> 0.14195413 | AB15: =I15/R15 -> 0.1096313 | AC15: =J15/S15 -> 0.12884683 | AF15: =W15 -> 0.13033519 | AG15: =X15 -> 0.12629598 | AH15: =Y15 -> 0.13067265 | AI15: =Z15 -> 0.13673237 | AJ15: =AA15 -> 0.14195413 | AK15: =AB15*1.15 -> 0.126076 | AL15: =AC15*1.15 -> 0.14817386 | AO15: =W15 -> 0.13033519 | AP15: =X15 -> 0.12629598 | AQ15: =Y15 -> 0.13067265 | AR15: =Z15 -> 0.13673237 | AS15: =AA15 -> 0.14195413 | AT15: =AB15*0.85 -> 0.093186606 | AU15: =AC15*0.85 -> 0.10951981 | BA15: Fossil fuels | BB15: 801.2 | BC15: 773.8 | BD15: 738.2 | BE15: 728.5 | BF15: 721.4 | BG15: 761.3 | BH15: 728.5 | BI15: 728.5
B16: Coal | C16: =BB16/1000 -> 0.3021 | D16: =BC16/1000 -> 0.2654 | E16: =BD16/1000 -> 0.2502 | F16: =BE16/1000 -> 0.246 | G16: =BF16/1000 -> 0.2408 | H16: =BG16/1000 -> 0.2506 | I16: =BH16/1000 -> 0.246 | J16: =BI16/1000 -> 0.246 | M16: 5.937 | N16: 5.845 | O16: 5.575 | P16: 5.276 | Q16: 5.363 | R16: 6.645 | S16: 5.654 | V16: Coal | W16: =D16/M16 -> 0.044702712 | X16: =E16/N16 -> 0.042805817 | Y16: =F16/O16 -> 0.044125561 | Z16: =G16/P16 -> 0.045640637 | AA16: =H16/Q16 -> 0.046727578 | AB16: =I16/R16 -> 0.037020316 | AC16: =J16/S16 -> 0.04350902 | AF16: =W16 -> 0.044702712 | AG16: =X16 -> 0.042805817 | AH16: =Y16 -> 0.044125561 | AI16: =Z16 -> 0.045640637 | AJ16: =AA16 -> 0.046727578 | AK16: =AB16*1.15 -> 0.042573363 | AL16: =AC16*1.15 -> 0.050035373 | AO16: =W16 -> 0.044702712 | AP16: =X16 -> 0.042805817 | AQ16: =Y16 -> 0.044125561 | AR16: =Z16 -> 0.045640637 | AS16: =AA16 -> 0.046727578 | AT16: =AB16*0.85 -> 0.031467269 | AU16: =AC16*0.85 -> 0.036982667 | BA16: Coal | BB16: 302.1 | BC16: 265.4 | BD16: 250.2 | BE16: 246 | BF16: 240.8 | BG16: 250.6 | BH16: 246 | BI16: 246
B17: Natural gas | C17: =BB17/1000 -> 0.4137 | D17: =BC17/1000 -> 0.4304 | E17: =BD17/1000 -> 0.4127 | F17: =BE17/1000 -> 0.4081 | G17: =BF17/1000 -> 0.4037 | H17: =BG17/1000 -> 0.4311 | I17: =BH17/1000 -> 0.4081 | J17: =BI17/1000 -> 0.4081 | M17: 5.937 | N17: 5.845 | O17: 5.575 | P17: 5.276 | Q17: 5.363 | R17: 6.645 | S17: 5.654 | V17: Natural gas | W17: =D17/M17 -> 0.072494526 | X17: =E17/N17 -> 0.070607357 | Y17: =F17/O17 -> 0.073201794 | Z17: =G17/P17 -> 0.0765163 | AA17: =H17/Q17 -> 0.080384113 | AB17: =I17/R17 -> 0.061414597 | AC17: =J17/S17 -> 0.072178988 | AF17: =W17 -> 0.072494526 | AG17: =X17 -> 0.070607357 | AH17: =Y17 -> 0.073201794 | AI17: =Z17 -> 0.0765163 | AJ17: =AA17 -> 0.080384113 | AK17: =AB17*1.15 -> 0.070626787 | AL17: =AC17*1.15 -> 0.083005837 | AO17: =W17 -> 0.072494526 | AP17: =X17 -> 0.070607357 | AQ17: =Y17 -> 0.073201794 | AR17: =Z17 -> 0.0765163 | AS17: =AA17 -> 0.080384113 | AT17: =AB17*0.85 -> 0.052202408 | AU17: =AC17*0.85 -> 0.06135214 | BA17: Natural gas | BB17: 413.7 | BC17: 430.4 | BD17: 412.7 | BE17: 408.1 | BF17: 403.7 | BG17: 431.1 | BH17: 408.1 | BI17: 408.1
B18: Petroleum | C18: =BB18/1000 -> 0.0853 | D18: =BC18/1000 -> 0.0781 | E18: =BD18/1000 -> 0.0752 | F18: =BE18/1000 -> 0.0743 | G18: =BF18/1000 -> 0.0768 | H18: =BG18/1000 -> 0.0797 | I18: =BH18/1000 -> 0.0743 | J18: =BI18/1000 -> 0.0743 | M18: 5.937 | N18: 5.845 | O18: 5.575 | P18: 5.276 | Q18: 5.363 | R18: 6.645 | S18: 5.654 | V18: Petroleum | W18: =D18/M18 -> 0.013154792 | X18: =E18/N18 -> 0.012865697 | Y18: =F18/O18 -> 0.013327354 | Z18: =G18/P18 -> 0.014556482 | AA18: =H18/Q18 -> 0.014861085 | AB18: =I18/R18 -> 0.011181339 | AC18: =J18/S18 -> 0.013141139 | AF18: =W18 -> 0.013154792 | AG18: =X18 -> 0.012865697 | AH18: =Y18 -> 0.013327354 | AI18: =Z18 -> 0.014556482 | AJ18: =AA18 -> 0.014861085 | AK18: =AB18*1.15 -> 0.01285854 | AL18: =AC18*1.15 -> 0.01511231 | AO18: =W18 -> 0.013154792 | AP18: =X18 -> 0.012865697 | AQ18: =Y18 -> 0.013327354 | AR18: =Z18 -> 0.014556482 | AS18: =AA18 -> 0.014861085 | AT18: =AB18*0.85 -> 0.0095041384 | AU18: =AC18*0.85 -> 0.011169968 | BA18: Petroleum | BB18: 85.3 | BC18: 78.1 | BD18: 75.2 | BE18: 74.3 | BF18: 76.8 | BG18: 79.7 | BH18: 74.3 | BI18: 74.3
A21: Hydrometallurgical | AZ21: Hydrometallurgical
A22: Location | B22: Energy use (MJ/kWh battery produced) | C22: Chemistry | AZ22: Location | BA22: Energy use (MJ/kWh battery produced) | BB22: Chemistry
C23: LCO | D23: NMC111 | E23: NMC532 | F23: NMC622 | G23: NMC811 | H23: NCA | I23: LMO | J23: LFP | M23: NMC111 | N23: NMC532 | O23: NMC622 | P23: NMC811 | Q23: NCA | R23: LMO | S23: LFP | V23: PJ/ktonne | W23: NMC111 | X23: NMC532 | Y23: NMC622 | Z23: NMC811 | AA23: NCA | AB23: LMO | AC23: LFP | AF23: NMC111 | AG23: NMC532 | AH23: NMC622 | AI23: NMC811 | AJ23: NCA | AK23: LMO | AL23: LFP | AO23: NMC111 | AP23: NMC532 | AQ23: NMC622 | AR23: NMC811 | AS23: NCA | AT23: LMO | AU23: LFP | BB23: LCO | BC23: NMC111 | BD23: NMC532 | BE23: NMC622 | BF23: NMC811 | BG23: NCA | BH23: LMO | BI23: LFP
A24: US | B24: Total Energy | C24: =BB24/1000 -> 0.8898 | D24: =BC24/1000 -> 0.8432 | E24: =BD24/1000 -> 0.8038 | F24: =BE24/1000 -> 0.7946 | G24: =BF24/1000 -> 0.7665 | H24: =BG24/1000 -> 0.8066 | I24: =BH24/1000 -> 0.7946 | J24: =BI24/1000 -> 0.7946 | M24: 5.937 | N24: 5.845 | O24: 5.575 | P24: 5.276 | Q24: 5.363 | R24: 6.645 | S24: 5.654 | U24: US | V24: Total Energy | W24: =D24/M24 -> 0.14202459 | X24: =E24/N24 -> 0.13751925 | Y24: =F24/O24 -> 0.14252915 | Z24: =G24/P24 -> 0.14528052 | AA24: =H24/Q24 -> 0.1504009 | AB24: =I24/R24 -> 0.11957863 | AC24: =J24/S24 -> 0.14053767 | AF24: =W24 -> 0.14202459 | AG24: =X24 -> 0.13751925 | AH24: =Y24 -> 0.14252915 | AI24: =Z24 -> 0.14528052 | AJ24: =AA24 -> 0.1504009 | AK24: =AB24*1.15 -> 0.13751543 | AL24: =AC24*1.15 -> 0.16161832 | AO24: =W24 -> 0.14202459 | AP24: =X24 -> 0.13751925 | AQ24: =Y24 -> 0.14252915 | AR24: =Z24 -> 0.14528052 | AS24: =AA24 -> 0.1504009 | AT24: =AB24*0.85 -> 0.10164184 | AU24: =AC24*0.85 -> 0.11945702 | AZ24: US | BA24: Total Energy | BB24: 889.8 | BC24: 843.2 | BD24: 803.8 | BE24: 794.6 | BF24: 766.5 | BG24: 806.6 | BH24: 794.6 | BI24: 794.6
B25: Fossil fuels | C25: =BB25/1000 -> 0.8124 | D25: =BC25/1000 -> 0.7746 | E25: =BD25/1000 -> 0.739 | F25: =BE25/1000 -> 0.7307 | G25: =BF25/1000 -> 0.7045 | H25: =BG25/1000 -> 0.7424 | I25: =BH25/1000 -> 0.7307 | J25: =BI25/1000 -> 0.7307 | M25: 5.937 | N25: 5.845 | O25: 5.575 | P25: 5.276 | Q25: 5.363 | R25: 6.645 | S25: 5.654 | V25: Fossil fuels | W25: =D25/M25 -> 0.13046993 | X25: =E25/N25 -> 0.12643285 | Y25: =F25/O25 -> 0.13106726 | Z25: =G25/P25 -> 0.13352919 | AA25: =H25/Q25 -> 0.13842998 | AB25: =I25/R25 -> 0.10996238 | AC25: =J25/S25 -> 0.12923594 | AF25: =W25 -> 0.13046993 | AG25: =X25 -> 0.12643285 | AH25: =Y25 -> 0.13106726 | AI25: =Z25 -> 0.13352919 | AJ25: =AA25 -> 0.13842998 | AK25: =AB25*1.15 -> 0.12645673 | AL25: =AC25*1.15 -> 0.14862133 | AO25: =W25 -> 0.13046993 | AP25: =X25 -> 0.12643285 | AQ25: =Y25 -> 0.13106726 | AR25: =Z25 -> 0.13352919 | AS25: =AA25 -> 0.13842998 | AT25: =AB25*0.85 -> 0.093468021 | AU25: =AC25*0.85 -> 0.10985055 | BA25: Fossil fuels | BB25: 812.4 | BC25: 774.6 | BD25: 739 | BE25: 730.7 | BF25: 704.5 | BG25: 742.4 | BH25: 730.7 | BI25: 730.7
B26: Coal | C26: =BB26/1000 -> 0.1699 | D26: =BC26/1000 -> 0.1497 | E26: =BD26/1000 -> 0.1418 | F26: =BE26/1000 -> 0.1399 | G26: =BF26/1000 -> 0.1359 | H26: =BG26/1000 -> 0.1408 | I26: =BH26/1000 -> 0.1399 | J26: =BI26/1000 -> 0.1399 | M26: 5.937 | N26: 5.845 | O26: 5.575 | P26: 5.276 | Q26: 5.363 | R26: 6.645 | S26: 5.654 | V26: Coal | W26: =D26/M26 -> 0.025214755 | X26: =E26/N26 -> 0.024260051 | Y26: =F26/O26 -> 0.02509417 | Z26: =G26/P26 -> 0.02575815 | AA26: =H26/Q26 -> 0.026253962 | AB26: =I26/R26 -> 0.021053424 | AC26: =J26/S26 -> 0.024743544 | AF26: =W26 -> 0.025214755 | AG26: =X26 -> 0.024260051 | AH26: =Y26 -> 0.02509417 | AI26: =Z26 -> 0.02575815 | AJ26: =AA26 -> 0.026253962 | AK26: =AB26*1.15 -> 0.024211437 | AL26: =AC26*1.15 -> 0.028455076 | AO26: =W26 -> 0.025214755 | AP26: =X26 -> 0.024260051 | AQ26: =Y26 -> 0.02509417 | AR26: =Z26 -> 0.02575815 | AS26: =AA26 -> 0.026253962 | AT26: =AB26*0.85 -> 0.01789541 | AU26: =AC26*0.85 -> 0.021032013 | BA26: Coal | BB26: 169.9 | BC26: 149.7 | BD26: 141.8 | BE26: 139.9 | BF26: 135.9 | BG26: 140.8 | BH26: 139.9 | BI26: 139.9
B27: Natural gas | C27: =BB27/1000 -> 0.5978 | D27: =BC27/1000 -> 0.5807 | E27: =BD27/1000 -> 0.554 | F27: =BE27/1000 -> 0.5478 | G27: =BF27/1000 -> 0.526 | H27: =BG27/1000 -> 0.5575 | I27: =BH27/1000 -> 0.5478 | J27: =BI27/1000 -> 0.5478 | M27: 5.937 | N27: 5.845 | O27: 5.575 | P27: 5.276 | Q27: 5.363 | R27: 6.645 | S27: 5.654 | V27: Natural gas | W27: =D27/M27 -> 0.097810342 | X27: =E27/N27 -> 0.094781865 | Y27: =F27/O27 -> 0.09826009 | Z27: =G27/P27 -> 0.09969674 | AA27: =H27/Q27 -> 0.10395301 | AB27: =I27/R27 -> 0.082437923 | AC27: =J27/S27 -> 0.09688716 | AF27: =W27 -> 0.097810342 | AG27: =X27 -> 0.094781865 | AH27: =Y27 -> 0.09826009 | AI27: =Z27 -> 0.09969674 | AJ27: =AA27 -> 0.10395301 | AK27: =AB27*1.15 -> 0.094803612 | AL27: =AC27*1.15 -> 0.11142023 | AO27: =W27 -> 0.097810342 | AP27: =X27 -> 0.094781865 | AQ27: =Y27 -> 0.09826009 | AR27: =Z27 -> 0.09969674 | AS27: =AA27 -> 0.10395301 | AT27: =AB27*0.85 -> 0.070072235 | AU27: =AC27*0.85 -> 0.082354086 | BA27: Natural gas | BB27: 597.8 | BC27: 580.7 | BD27: 554 | BE27: 547.8 | BF27: 526 | BG27: 557.5 | BH27: 547.8 | BI27: 547.8
B28: Petroleum | C28: =BB28/1000 -> 0.085 | D28: =BC28/1000 -> 0.0786 | E28: =BD28/1000 -> 0.0763 | F28: =BE28/1000 -> 0.0759 | G28: =BF28/1000 -> 0.0737 | H28: =BG28/1000 -> 0.076 | I28: =BH28/1000 -> 0.0759 | J28: =BI28/1000 -> 0.0759 | M28: 5.937 | N28: 5.845 | O28: 5.575 | P28: 5.276 | Q28: 5.363 | R28: 6.645 | S28: 5.654 | V28: Petroleum | W28: =D28/M28 -> 0.01323901 | X28: =E28/N28 -> 0.013053892 | Y28: =F28/O28 -> 0.01361435 | Z28: =G28/P28 -> 0.013968916 | AA28: =H28/Q28 -> 0.014171173 | AB28: =I28/R28 -> 0.011422122 | AC28: =J28/S28 -> 0.013424125 | AF28: =W28 -> 0.01323901 | AG28: =X28 -> 0.013053892 | AH28: =Y28 -> 0.01361435 | AI28: =Z28 -> 0.013968916 | AJ28: =AA28 -> 0.014171173 | AK28: =AB28*1.15 -> 0.01313544 | AL28: =AC28*1.15 -> 0.015437743 | AO28: =W28 -> 0.01323901 | AP28: =X28 -> 0.013053892 | AQ28: =Y28 -> 0.01361435 | AR28: =Z28 -> 0.013968916 | AS28: =AA28 -> 0.014171173 | AT28: =AB28*0.85 -> 0.0097088036 | AU28: =AC28*0.85 -> 0.011410506 | BA28: Petroleum | BB28: 85 | BC28: 78.6 | BD28: 76.3 | BE28: 75.9 | BF28: 73.7 | BG28: 76 | BH28: 75.9 | BI28: 75.9
A29: Korea | B29: Total Energy | C29: =BB29/1000 -> 0.9068 | D29: =BC29/1000 -> 0.8586 | E29: =BD29/1000 -> 0.8184 | F29: =BE29/1000 -> 0.8091 | G29: =BF29/1000 -> 0.7811 | H29: =BG29/1000 -> 0.8217 | I29: =BH29/1000 -> 0.8091 | J29: =BI29/1000 -> 0.8091 | M29: 5.937 | N29: 5.845 | O29: 5.575 | P29: 5.276 | Q29: 5.363 | R29: 6.645 | S29: 5.654 | U29: Korea | V29: Total Energy | W29: =D29/M29 -> 0.14461849 | X29: =E29/N29 -> 0.14001711 | Y29: =F29/O29 -> 0.14513004 | Z29: =G29/P29 -> 0.14804776 | AA29: =H29/Q29 -> 0.15321648 | AB29: =I29/R29 -> 0.12176072 | AC29: =J29/S29 -> 0.14310223 | AF29: =W29 -> 0.14461849 | AG29: =X29 -> 0.14001711 | AH29: =Y29 -> 0.14513004 | AI29: =Z29 -> 0.14804776 | AJ29: =AA29 -> 0.15321648 | AK29: =AB29*1.15 -> 0.14002483 | AL29: =AC29*1.15 -> 0.16456756 | AO29: =W29 -> 0.14461849 | AP29: =X29 -> 0.14001711 | AQ29: =Y29 -> 0.14513004 | AR29: =Z29 -> 0.14804776 | AS29: =AA29 -> 0.15321648 | AT29: =AB29*0.85 -> 0.10349661 | AU29: =AC29*0.85 -> 0.12163689 | AZ29: Korea | BA29: Total Energy | BB29: 906.8 | BC29: 858.6 | BD29: 818.4 | BE29: 809.1 | BF29: 781.1 | BG29: 821.7 | BH29: 809.1 | BI29: 809.1
B30: Fossil fuels | C30: =BB30/1000 -> 0.8303 | D30: =BC30/1000 -> 0.7909 | E30: =BD30/1000 -> 0.7545 | F30: =BE30/1000 -> 0.746 | G30: =BF30/1000 -> 0.7199 | H30: =BG30/1000 -> 0.7584 | I30: =BH30/1000 -> 0.746 | J30: =BI30/1000 -> 0.746 | M30: 5.937 | N30: 5.845 | O30: 5.575 | P30: 5.276 | Q30: 5.363 | R30: 6.645 | S30: 5.654 | V30: Fossil fuels | W30: =D30/M30 -> 0.13321543 | X30: =E30/N30 -> 0.12908469 | Y30: =F30/O30 -> 0.13381166 | Z30: =G30/P30 -> 0.13644807 | AA30: =H30/Q30 -> 0.14141339 | AB30: =I30/R30 -> 0.11226486 | AC30: =J30/S30 -> 0.13194199 | AF30: =W30 -> 0.13321543 | AG30: =X30 -> 0.12908469 | AH30: =Y30 -> 0.13381166 | AI30: =Z30 -> 0.13644807 | AJ30: =AA30 -> 0.14141339 | AK30: =AB30*1.15 -> 0.12910459 | AL30: =AC30*1.15 -> 0.15173329 | AO30: =W30 -> 0.13321543 | AP30: =X30 -> 0.12908469 | AQ30: =Y30 -> 0.13381166 | AR30: =Z30 -> 0.13644807 | AS30: =AA30 -> 0.14141339 | AT30: =AB30*0.85 -> 0.095425132 | AU30: =AC30*0.85 -> 0.11215069 | BA30: Fossil fuels | BB30: 830.3 | BC30: 790.9 | BD30: 754.5 | BE30: 746 | BF30: 719.9 | BG30: 758.4 | BH30: 746 | BI30: 746
B31: Coal | C31: =BB31/1000 -> 0.2079 | D31: =BC31/1000 -> 0.1842 | E31: =BD31/1000 -> 0.1746 | F31: =BE31/1000 -> 0.1724 | G31: =BF31/1000 -> 0.1687 | H31: =BG31/1000 -> 0.1747 | I31: =BH31/1000 -> 0.1724 | J31: =BI31/1000 -> 0.1724 | M31: 5.937 | N31: 5.845 | O31: 5.575 | P31: 5.276 | Q31: 5.363 | R31: 6.645 | S31: 5.654 | V31: Coal | W31: =D31/M31 -> 0.031025771 | X31: =E31/N31 -> 0.029871685 | Y31: =F31/O31 -> 0.030923767 | Z31: =G31/P31 -> 0.031974981 | AA31: =H31/Q31 -> 0.032575051 | AB31: =I31/R31 -> 0.025944319 | AC31: =J31/S31 -> 0.030491687 | AF31: =W31 -> 0.031025771 | AG31: =X31 -> 0.029871685 | AH31: =Y31 -> 0.030923767 | AI31: =Z31 -> 0.031974981 | AJ31: =AA31 -> 0.032575051 | AK31: =AB31*1.15 -> 0.029835967 | AL31: =AC31*1.15 -> 0.03506544 | AO31: =W31 -> 0.031025771 | AP31: =X31 -> 0.029871685 | AQ31: =Y31 -> 0.030923767 | AR31: =Z31 -> 0.031974981 | AS31: =AA31 -> 0.032575051 | AT31: =AB31*0.85 -> 0.022052671 | AU31: =AC31*0.85 -> 0.025917934 | BA31: Coal | BB31: 207.9 | BC31: 184.2 | BD31: 174.6 | BE31: 172.4 | BF31: 168.7 | BG31: 174.7 | BH31: 172.4 | BI31: 172.4
B32: Natural gas | C32: =BB32/1000 -> 0.5747 | D32: =BC32/1000 -> 0.5597 | E32: =BD32/1000 -> 0.534 | F32: =BE32/1000 -> 0.528 | G32: =BF32/1000 -> 0.5061 | H32: =BG32/1000 -> 0.5369 | I32: =BH32/1000 -> 0.528 | J32: =BI32/1000 -> 0.528 | M32: 5.937 | N32: 5.845 | O32: 5.575 | P32: 5.276 | Q32: 5.363 | R32: 6.645 | S32: 5.654 | V32: Natural gas | W32: =D32/M32 -> 0.094273202 | X32: =E32/N32 -> 0.091360137 | Y32: =F32/O32 -> 0.09470852 | Z32: =G32/P32 -> 0.095924943 | AA32: =H32/Q32 -> 0.10011188 | AB32: =I32/R32 -> 0.079458239 | AC32: =J32/S32 -> 0.093385214 | AF32: =W32 -> 0.094273202 | AG32: =X32 -> 0.091360137 | AH32: =Y32 -> 0.09470852 | AI32: =Z32 -> 0.095924943 | AJ32: =AA32 -> 0.10011188 | AK32: =AB32*1.15 -> 0.091376975 | AL32: =AC32*1.15 -> 0.107393 | AO32: =W32 -> 0.094273202 | AP32: =X32 -> 0.091360137 | AQ32: =Y32 -> 0.09470852 | AR32: =Z32 -> 0.095924943 | AS32: =AA32 -> 0.10011188 | AT32: =AB32*0.85 -> 0.067539503 | AU32: =AC32*0.85 -> 0.079377432 | BA32: Natural gas | BB32: 574.7 | BC32: 559.7 | BD32: 534 | BE32: 528 | BF32: 506.1 | BG32: 536.9 | BH32: 528 | BI32: 528
B33: Petroleum | C33: =BB33/1000 -> 0.088 | D33: =BC33/1000 -> 0.0814 | E33: =BD33/1000 -> 0.079 | F33: =BE33/1000 -> 0.0785 | G33: =BF33/1000 -> 0.0764 | H33: =BG33/1000 -> 0.0787 | I33: =BH33/1000 -> 0.0785 | J33: =BI33/1000 -> 0.0785 | M33: 5.937 | N33: 5.845 | O33: 5.575 | P33: 5.276 | Q33: 5.363 | R33: 6.645 | S33: 5.654 | V33: Petroleum | W33: =D33/M33 -> 0.013710628 | X33: =E33/N33 -> 0.013515825 | Y33: =F33/O33 -> 0.014080717 | Z33: =G33/P33 -> 0.014480667 | AA33: =H33/Q33 -> 0.014674622 | AB33: =I33/R33 -> 0.011813394 | AC33: =J33/S33 -> 0.013883976 | AF33: =W33 -> 0.013710628 | AG33: =X33 -> 0.013515825 | AH33: =Y33 -> 0.014080717 | AI33: =Z33 -> 0.014480667 | AJ33: =AA33 -> 0.014674622 | AK33: =AB33*1.15 -> 0.013585403 | AL33: =AC33*1.15 -> 0.015966572 | AO33: =W33 -> 0.013710628 | AP33: =X33 -> 0.013515825 | AQ33: =Y33 -> 0.014080717 | AR33: =Z33 -> 0.014480667 | AS33: =AA33 -> 0.014674622 | AT33: =AB33*0.85 -> 0.010041384 | AU33: =AC33*0.85 -> 0.01180138 | BA33: Petroleum | BB33: 88 | BC33: 81.4 | BD33: 79 | BE33: 78.5 | BF33: 76.4 | BG33: 78.7 | BH33: 78.5 | BI33: 78.5
A34: China | B34: Total Energy | C34: =BB34/1000 -> 0.9217 | D34: =BC34/1000 -> 0.8721 | E34: =BD34/1000 -> 0.8313 | F34: =BE34/1000 -> 0.8218 | G34: =BF34/1000 -> 0.794 | H34: =BG34/1000 -> 0.835 | I34: =BH34/1000 -> 0.8218 | J34: =BI34/1000 -> 0.8218 | M34: 5.937 | N34: 5.845 | O34: 5.575 | P34: 5.276 | Q34: 5.363 | R34: 6.645 | S34: 5.654 | U34: China | V34: Total Energy | W34: =D34/M34 -> 0.14689237 | X34: =E34/N34 -> 0.14222412 | Y34: =F34/O34 -> 0.14740807 | Z34: =G34/P34 -> 0.1504928 | AA34: =H34/Q34 -> 0.15569644 | AB34: =I34/R34 -> 0.12367193 | AC34: =J34/S34 -> 0.14534843 | AF34: =W34 -> 0.14689237 | AG34: =X34 -> 0.14222412 | AH34: =Y34 -> 0.14740807 | AI34: =Z34 -> 0.1504928 | AJ34: =AA34 -> 0.15569644 | AK34: =AB34*1.15 -> 0.14222272 | AL34: =AC34*1.15 -> 0.16715069 | AO34: =W34 -> 0.14689237 | AP34: =X34 -> 0.14222412 | AQ34: =Y34 -> 0.14740807 | AR34: =Z34 -> 0.1504928 | AS34: =AA34 -> 0.15569644 | AT34: =AB34*0.85 -> 0.10512114 | AU34: =AC34*0.85 -> 0.12354616 | AZ34: China | BA34: Total Energy | BB34: 921.7 | BC34: 872.1 | BD34: 831.3 | BE34: 821.8 | BF34: 794 | BG34: 835 | BH34: 821.8 | BI34: 821.8
B35: Fossil fuels | C35: =BB35/1000 -> 0.8422 | D35: =BC35/1000 -> 0.8018 | E35: =BD35/1000 -> 0.7648 | F35: =BE35/1000 -> 0.7562 | G35: =BF35/1000 -> 0.7302 | H35: =BG35/1000 -> 0.7691 | I35: =BH35/1000 -> 0.7562 | J35: =BI35/1000 -> 0.7562 | M35: 5.937 | N35: 5.845 | O35: 5.575 | P35: 5.276 | Q35: 5.363 | R35: 6.645 | S35: 5.654 | V35: Fossil fuels | W35: =D35/M35 -> 0.13505137 | X35: =E35/N35 -> 0.13084688 | Y35: =F35/O35 -> 0.13564126 | Z35: =G35/P35 -> 0.1384003 | AA35: =H35/Q35 -> 0.14340854 | AB35: =I35/R35 -> 0.11379985 | AC35: =J35/S35 -> 0.13374602 | AF35: =W35 -> 0.13505137 | AG35: =X35 -> 0.13084688 | AH35: =Y35 -> 0.13564126 | AI35: =Z35 -> 0.1384003 | AJ35: =AA35 -> 0.14340854 | AK35: =AB35*1.15 -> 0.13086983 | AL35: =AC35*1.15 -> 0.15380792 | AO35: =W35 -> 0.13505137 | AP35: =X35 -> 0.13084688 | AQ35: =Y35 -> 0.13564126 | AR35: =Z35 -> 0.1384003 | AS35: =AA35 -> 0.14340854 | AT35: =AB35*0.85 -> 0.096729872 | AU35: =AC35*0.85 -> 0.11368412 | BA35: Fossil fuels | BB35: 842.2 | BC35: 801.8 | BD35: 764.8 | BE35: 756.2 | BF35: 730.2 | BG35: 769.1 | BH35: 756.2 | BI35: 756.2
B36: Coal | C36: =BB36/1000 -> 0.2694 | D36: =BC36/1000 -> 0.2401 | E36: =BD36/1000 -> 0.2278 | F36: =BE36/1000 -> 0.2249 | G36: =BF36/1000 -> 0.2217 | H36: =BG36/1000 -> 0.2296 | I36: =BH36/1000 -> 0.2249 | J36: =BI36/1000 -> 0.2249 | M36: 5.937 | N36: 5.845 | O36: 5.575 | P36: 5.276 | Q36: 5.363 | R36: 6.645 | S36: 5.654 | V36: Coal | W36: =D36/M36 -> 0.0404413 | X36: =E36/N36 -> 0.038973482 | Y36: =F36/O36 -> 0.040340807 | Z36: =G36/P36 -> 0.04202047 | AA36: =H36/Q36 -> 0.042811859 | AB36: =I36/R36 -> 0.033844996 | AC36: =J36/S36 -> 0.039777149 | AF36: =W36 -> 0.0404413 | AG36: =X36 -> 0.038973482 | AH36: =Y36 -> 0.040340807 | AI36: =Z36 -> 0.04202047 | AJ36: =AA36 -> 0.042811859 | AK36: =AB36*1.15 -> 0.038921746 | AL36: =AC36*1.15 -> 0.045743721 | AO36: =W36 -> 0.0404413 | AP36: =X36 -> 0.038973482 | AQ36: =Y36 -> 0.040340807 | AR36: =Z36 -> 0.04202047 | AS36: =AA36 -> 0.042811859 | AT36: =AB36*0.85 -> 0.028768247 | AU36: =AC36*0.85 -> 0.033810577 | BA36: Coal | BB36: 269.4 | BC36: 240.1 | BD36: 227.8 | BE36: 224.9 | BF36: 221.7 | BG36: 229.6 | BH36: 224.9 | BI36: 224.9
B37: Natural gas | C37: =BB37/1000 -> 0.5273 | D37: =BC37/1000 -> 0.5167 | E37: =BD37/1000 -> 0.4931 | F37: =BE37/1000 -> 0.4875 | G37: =BF37/1000 -> 0.4653 | H37: =BG37/1000 -> 0.4946 | I37: =BH37/1000 -> 0.4875 | J37: =BI37/1000 -> 0.4875 | M37: 5.937 | N37: 5.845 | O37: 5.575 | P37: 5.276 | Q37: 5.363 | R37: 6.645 | S37: 5.654 | V37: Natural gas | W37: =D37/M37 -> 0.087030487 | X37: =E37/N37 -> 0.084362703 | Y37: =F37/O37 -> 0.087443946 | Z37: =G37/P37 -> 0.088191812 | AA37: =H37/Q37 -> 0.092224501 | AB37: =I37/R37 -> 0.073363431 | AC37: =J37/S37 -> 0.086222144 | AF37: =W37 -> 0.087030487 | AG37: =X37 -> 0.084362703 | AH37: =Y37 -> 0.087443946 | AI37: =Z37 -> 0.088191812 | AJ37: =AA37 -> 0.092224501 | AK37: =AB37*1.15 -> 0.084367946 | AL37: =AC37*1.15 -> 0.099155465 | AO37: =W37 -> 0.087030487 | AP37: =X37 -> 0.084362703 | AQ37: =Y37 -> 0.087443946 | AR37: =Z37 -> 0.088191812 | AS37: =AA37 -> 0.092224501 | AT37: =AB37*0.85 -> 0.062358916 | AU37: =AC37*0.85 -> 0.073288822 | BA37: Natural gas | BB37: 527.3 | BC37: 516.7 | BD37: 493.1 | BE37: 487.5 | BF37: 465.3 | BG37: 494.6 | BH37: 487.5 | BI37: 487.5
B38: Petroleum | C38: =BB38/1000 -> 0.0858 | D38: =BC38/1000 -> 0.0793 | E38: =BD38/1000 -> 0.0771 | F38: =BE38/1000 -> 0.0766 | G38: =BF38/1000 -> 0.0744 | H38: =BG38/1000 -> 0.0767 | I38: =BH38/1000 -> 0.0766 | J38: =BI38/1000 -> 0.0766 | M38: 5.937 | N38: 5.845 | O38: 5.575 | P38: 5.276 | Q38: 5.363 | R38: 6.645 | S38: 5.654 | V38: Petroleum | W38: =D38/M38 -> 0.013356914 | X38: =E38/N38 -> 0.013190761 | Y38: =F38/O38 -> 0.01373991 | Z38: =G38/P38 -> 0.014101592 | AA38: =H38/Q38 -> 0.014301697 | AB38: =I38/R38 -> 0.011527464 | AC38: =J38/S38 -> 0.013547931 | AF38: =W38 -> 0.013356914 | AG38: =X38 -> 0.013190761 | AH38: =Y38 -> 0.01373991 | AI38: =Z38 -> 0.014101592 | AJ38: =AA38 -> 0.014301697 | AK38: =AB38*1.15 -> 0.013256584 | AL38: =AC38*1.15 -> 0.01558012 | AO38: =W38 -> 0.013356914 | AP38: =X38 -> 0.013190761 | AQ38: =Y38 -> 0.01373991 | AR38: =Z38 -> 0.014101592 | AS38: =AA38 -> 0.014301697 | AT38: =AB38*0.85 -> 0.0097983446 | AU38: =AC38*0.85 -> 0.011515741 | BA38: Petroleum | BB38: 85.8 | BC38: 79.3 | BD38: 77.1 | BE38: 76.6 | BF38: 74.4 | BG38: 76.7 | BH38: 76.6 | BI38: 76.6
A41: Direct | AZ41: Direct
A42: Location | B42: Energy use (MJ/kWh battery produced) | C42: Chemistry | AZ42: Location | BA42: Energy use (MJ/kWh battery produced) | BB42: Chemistry
C43: LCO | D43: NMC111 | E43: NMC532 | F43: NMC622 | G43: NMC811 | H43: NCA | I43: LMO | J43: LFP | M43: NMC111 | N43: NMC532 | O43: NMC622 | P43: NMC811 | Q43: NCA | R43: LMO | S43: LFP | V43: PJ/ktonne | W43: NMC111 | X43: NMC532 | Y43: NMC622 | Z43: NMC811 | AA43: NCA | AB43: LMO | AC43: LFP | AF43: NMC111 | AG43: NMC532 | AH43: NMC622 | AI43: NMC811 | AJ43: NCA | AK43: LMO | AL43: LFP | AO43: NMC111 | AP43: NMC532 | AQ43: NMC622 | AR43: NMC811 | AS43: NCA | AT43: LMO | AU43: LFP | BB43: LCO | BC43: NMC111 | BD43: NMC532 | BE43: NMC622 | BF43: NMC811 | BG43: NCA | BH43: LMO | BI43: LFP
A44: US | B44: Total Energy | C44: =BB44/1000 -> 0.6652 | D44: =BC44/1000 -> 0.5864 | E44: =BD44/1000 -> 0.5679 | F44: =BE44/1000 -> 0.5636 | G44: =BF44/1000 -> 0.5409 | H44: =BG44/1000 -> 0.5521 | I44: =BH44/1000 -> 0.5636 | J44: =BI44/1000 -> 0.5636 | M44: 5.937 | N44: 5.845 | O44: 5.575 | P44: 5.276 | Q44: 5.363 | R44: 6.645 | S44: 5.654 | U44: US | V44: Total Energy | W44: =D44/M44 -> 0.098770423 | X44: =E44/N44 -> 0.097159966 | Y44: =F44/O44 -> 0.10109417 | Z44: =G44/P44 -> 0.10252085 | AA44: =H44/Q44 -> 0.10294611 | AB44: =I44/R44 -> 0.084815651 | AC44: =J44/S44 -> 0.099681641 | AF44: =W44 -> 0.098770423 | AG44: =X44 -> 0.097159966 | AH44: =Y44 -> 0.10109417 | AI44: =Z44 -> 0.10252085 | AJ44: =AA44 -> 0.10294611 | AK44: =AB44*1.15 -> 0.097537998 | AL44: =AC44*1.15 -> 0.11463389 | AO44: =W44 -> 0.098770423 | AP44: =X44 -> 0.097159966 | AQ44: =Y44 -> 0.10109417 | AR44: =Z44 -> 0.10252085 | AS44: =AA44 -> 0.10294611 | AT44: =AB44*0.85 -> 0.072093303 | AU44: =AC44*0.85 -> 0.084729395 | AZ44: US | BA44: Total Energy | BB44: 665.2 | BC44: 586.4 | BD44: 567.9 | BE44: 563.6 | BF44: 540.9 | BG44: 552.1 | BH44: 563.6 | BI44: 563.6
B45: Fossil fuels | C45: =BB45/1000 -> 0.6092 | D45: =BC45/1000 -> 0.5396 | E45: =BD45/1000 -> 0.5232 | F45: =BE45/1000 -> 0.5193 | G45: =BF45/1000 -> 0.499 | H45: =BG45/1000 -> 0.5091 | I45: =BH45/1000 -> 0.5193 | J45: =BI45/1000 -> 0.5193 | M45: 5.937 | N45: 5.845 | O45: 5.575 | P45: 5.276 | Q45: 5.363 | R45: 6.645 | S45: 5.654 | V45: Fossil fuels | W45: =D45/M45 -> 0.090887654 | X45: =E45/N45 -> 0.089512404 | Y45: =F45/O45 -> 0.093147982 | Z45: =G45/P45 -> 0.094579227 | AA45: =H45/Q45 -> 0.094928212 | AB45: =I45/R45 -> 0.078148984 | AC45: =J45/S45 -> 0.09184648 | AF45: =W45 -> 0.090887654 | AG45: =X45 -> 0.089512404 | AH45: =Y45 -> 0.093147982 | AI45: =Z45 -> 0.094579227 | AJ45: =AA45 -> 0.094928212 | AK45: =AB45*1.15 -> 0.089871332 | AL45: =AC45*1.15 -> 0.10562345 | AO45: =W45 -> 0.090887654 | AP45: =X45 -> 0.089512404 | AQ45: =Y45 -> 0.093147982 | AR45: =Z45 -> 0.094579227 | AS45: =AA45 -> 0.094928212 | AT45: =AB45*0.85 -> 0.066426637 | AU45: =AC45*0.85 -> 0.078069508 | BA45: Fossil fuels | BB45: 609.2 | BC45: 539.6 | BD45: 523.2 | BE45: 519.3 | BF45: 499 | BG45: 509.1 | BH45: 519.3 | BI45: 519.3
B46: Coal | C46: =BB46/1000 -> 0.1429 | D46: =BC46/1000 -> 0.1194 | E46: =BD46/1000 -> 0.114 | F46: =BE46/1000 -> 0.1127 | G46: =BF46/1000 -> 0.1061 | H46: =BG46/1000 -> 0.1094 | I46: =BH46/1000 -> 0.1127 | J46: =BI46/1000 -> 0.1127 | M46: 5.937 | N46: 5.845 | O46: 5.575 | P46: 5.276 | Q46: 5.363 | R46: 6.645 | S46: 5.654 | V46: Coal | W46: =D46/M46 -> 0.020111167 | X46: =E46/N46 -> 0.019503849 | Y46: =F46/O46 -> 0.020215247 | Z46: =G46/P46 -> 0.020109932 | AA46: =H46/Q46 -> 0.02039903 | AB46: =I46/R46 -> 0.01696012 | AC46: =J46/S46 -> 0.019932791 | AF46: =W46 -> 0.020111167 | AG46: =X46 -> 0.019503849 | AH46: =Y46 -> 0.020215247 | AI46: =Z46 -> 0.020109932 | AJ46: =AA46 -> 0.02039903 | AK46: =AB46*1.15 -> 0.019504138 | AL46: =AC46*1.15 -> 0.02292271 | AO46: =W46 -> 0.020111167 | AP46: =X46 -> 0.019503849 | AQ46: =Y46 -> 0.020215247 | AR46: =Z46 -> 0.020109932 | AS46: =AA46 -> 0.02039903 | AT46: =AB46*0.85 -> 0.014416102 | AU46: =AC46*0.85 -> 0.016942872 | BA46: Coal | BB46: 142.9 | BC46: 119.4 | BD46: 114 | BE46: 112.7 | BF46: 106.1 | BG46: 109.4 | BH46: 112.7 | BI46: 112.7
B47: Natural gas | C47: =BB47/1000 -> 0.4256 | D47: =BC47/1000 -> 0.3807 | E47: =BD47/1000 -> 0.3703 | F47: =BE47/1000 -> 0.3679 | G47: =BF47/1000 -> 0.3552 | H47: =BG47/1000 -> 0.3613 | I47: =BH47/1000 -> 0.3679 | J47: =BI47/1000 -> 0.3679 | M47: 5.937 | N47: 5.845 | O47: 5.575 | P47: 5.276 | Q47: 5.363 | R47: 6.645 | S47: 5.654 | V47: Natural gas | W47: =D47/M47 -> 0.064123295 | X47: =E47/N47 -> 0.063353293 | Y47: =F47/O47 -> 0.065991031 | Z47: =G47/P47 -> 0.06732373 | AA47: =H47/Q47 -> 0.06736901 | AB47: =I47/R47 -> 0.055364936 | AC47: =J47/S47 -> 0.065068978 | AF47: =W47 -> 0.064123295 | AG47: =X47 -> 0.063353293 | AH47: =Y47 -> 0.065991031 | AI47: =Z47 -> 0.06732373 | AJ47: =AA47 -> 0.06736901 | AK47: =AB47*1.15 -> 0.063669676 | AL47: =AC47*1.15 -> 0.074829324 | AO47: =W47 -> 0.064123295 | AP47: =X47 -> 0.063353293 | AQ47: =Y47 -> 0.065991031 | AR47: =Z47 -> 0.06732373 | AS47: =AA47 -> 0.06736901 | AT47: =AB47*0.85 -> 0.047060196 | AU47: =AC47*0.85 -> 0.055308631 | BA47: Natural gas | BB47: 425.6 | BC47: 380.7 | BD47: 370.3 | BE47: 367.9 | BF47: 355.2 | BG47: 361.3 | BH47: 367.9 | BI47: 367.9
B48: Petroleum | C48: =BB48/1000 -> 0.0846 | D48: =BC48/1000 -> 0.077 | E48: =BD48/1000 -> 0.0749 | F48: =BE48/1000 -> 0.0744 | G48: =BF48/1000 -> 0.0717 | H48: =BG48/1000 -> 0.0731 | I48: =BH48/1000 -> 0.0744 | J48: =BI48/1000 -> 0.0744 | M48: 5.937 | N48: 5.845 | O48: 5.575 | P48: 5.276 | Q48: 5.363 | R48: 6.645 | S48: 5.654 | V48: Petroleum | W48: =D48/M48 -> 0.012969513 | X48: =E48/N48 -> 0.012814371 | Y48: =F48/O48 -> 0.013345291 | Z48: =G48/P48 -> 0.013589841 | AA48: =H48/Q48 -> 0.013630431 | AB48: =I48/R48 -> 0.011196388 | AC48: =J48/S48 -> 0.013158826 | AF48: =W48 -> 0.012969513 | AG48: =X48 -> 0.012814371 | AH48: =Y48 -> 0.013345291 | AI48: =Z48 -> 0.013589841 | AJ48: =AA48 -> 0.013630431 | AK48: =AB48*1.15 -> 0.012875847 | AL48: =AC48*1.15 -> 0.015132649 | AO48: =W48 -> 0.012969513 | AP48: =X48 -> 0.012814371 | AQ48: =Y48 -> 0.013345291 | AR48: =Z48 -> 0.013589841 | AS48: =AA48 -> 0.013630431 | AT48: =AB48*0.85 -> 0.00951693 | AU48: =AC48*0.85 -> 0.011185002 | BA48: Petroleum | BB48: 84.6 | BC48: 77 | BD48: 74.9 | BE48: 74.4 | BF48: 71.7 | BG48: 73.1 | BH48: 74.4 | BI48: 74.4
A49: Korea | B49: Total Energy | C49: =BB49/1000 -> 0.6792 | D49: =BC49/1000 -> 0.5984 | E49: =BD49/1000 -> 0.5794 | F49: =BE49/1000 -> 0.575 | G49: =BF49/1000 -> 0.5517 | H49: =BG49/1000 -> 0.5632 | I49: =BH49/1000 -> 0.575 | J49: =BI49/1000 -> 0.575 | M49: 5.937 | N49: 5.845 | O49: 5.575 | P49: 5.276 | Q49: 5.363 | R49: 6.645 | S49: 5.654 | U49: Korea | V49: Total Energy | W49: =D49/M49 -> 0.10079165 | X49: =E49/N49 -> 0.099127459 | Y49: =F49/O49 -> 0.10313901 | Z49: =G49/P49 -> 0.10456785 | AA49: =H49/Q49 -> 0.10501585 | AB49: =I49/R49 -> 0.086531226 | AC49: =J49/S49 -> 0.10169791 | AF49: =W49 -> 0.10079165 | AG49: =X49 -> 0.099127459 | AH49: =Y49 -> 0.10313901 | AI49: =Z49 -> 0.10456785 | AJ49: =AA49 -> 0.10501585 | AK49: =AB49*1.15 -> 0.09951091 | AL49: =AC49*1.15 -> 0.1169526 | AO49: =W49 -> 0.10079165 | AP49: =X49 -> 0.099127459 | AQ49: =Y49 -> 0.10313901 | AR49: =Z49 -> 0.10456785 | AS49: =AA49 -> 0.10501585 | AT49: =AB49*0.85 -> 0.073551543 | AU49: =AC49*0.85 -> 0.086443226 | AZ49: Korea | BA49: Total Energy | BB49: 679.2 | BC49: 598.4 | BD49: 579.4 | BE49: 575 | BF49: 551.7 | BG49: 563.2 | BH49: 575 | BI49: 575
B50: Fossil fuels | C50: =BB50/1000 -> 0.6241 | D50: =BC50/1000 -> 0.5523 | E50: =BD50/1000 -> 0.5353 | F50: =BE50/1000 -> 0.5314 | G50: =BF50/1000 -> 0.5105 | H50: =BG50/1000 -> 0.5209 | I50: =BH50/1000 -> 0.5314 | J50: =BI50/1000 -> 0.5314 | M50: 5.937 | N50: 5.845 | O50: 5.575 | P50: 5.276 | Q50: 5.363 | R50: 6.645 | S50: 5.654 | V50: Fossil fuels | W50: =D50/M50 -> 0.093026781 | X50: =E50/N50 -> 0.091582549 | Y50: =F50/O50 -> 0.095318386 | Z50: =G50/P50 -> 0.096758908 | AA50: =H50/Q50 -> 0.097128473 | AB50: =I50/R50 -> 0.079969902 | AC50: =J50/S50 -> 0.093986558 | AF50: =W50 -> 0.093026781 | AG50: =X50 -> 0.091582549 | AH50: =Y50 -> 0.095318386 | AI50: =Z50 -> 0.096758908 | AJ50: =AA50 -> 0.097128473 | AK50: =AB50*1.15 -> 0.091965388 | AL50: =AC50*1.15 -> 0.10808454 | AO50: =W50 -> 0.093026781 | AP50: =X50 -> 0.091582549 | AQ50: =Y50 -> 0.095318386 | AR50: =Z50 -> 0.096758908 | AS50: =AA50 -> 0.097128473 | AT50: =AB50*0.85 -> 0.067974417 | AU50: =AC50*0.85 -> 0.079888574 | BA50: Fossil fuels | BB50: 624.1 | BC50: 552.3 | BD50: 535.3 | BE50: 531.4 | BF50: 510.5 | BG50: 520.9 | BH50: 531.4 | BI50: 531.4
B51: Coal | C51: =BB51/1000 -> 0.1745 | D51: =BC51/1000 -> 0.1463 | E51: =BD51/1000 -> 0.1398 | F51: =BE51/1000 -> 0.1383 | G51: =BF51/1000 -> 0.1304 | H51: =BG51/1000 -> 0.1343 | I51: =BH51/1000 -> 0.1383 | J51: =BI51/1000 -> 0.1383 | M51: 5.937 | N51: 5.845 | O51: 5.575 | P51: 5.276 | Q51: 5.363 | R51: 6.645 | S51: 5.654 | V51: Coal | W51: =D51/M51 -> 0.024642075 | X51: =E51/N51 -> 0.023917879 | Y51: =F51/O51 -> 0.024807175 | Z51: =G51/P51 -> 0.024715694 | AA51: =H51/Q51 -> 0.025041954 | AB51: =I51/R51 -> 0.020812641 | AC51: =J51/S51 -> 0.024460559 | AF51: =W51 -> 0.024642075 | AG51: =X51 -> 0.023917879 | AH51: =Y51 -> 0.024807175 | AI51: =Z51 -> 0.024715694 | AJ51: =AA51 -> 0.025041954 | AK51: =AB51*1.15 -> 0.023934537 | AL51: =AC51*1.15 -> 0.028129643 | AO51: =W51 -> 0.024642075 | AP51: =X51 -> 0.023917879 | AQ51: =Y51 -> 0.024807175 | AR51: =Z51 -> 0.024715694 | AS51: =AA51 -> 0.025041954 | AT51: =AB51*0.85 -> 0.017690745 | AU51: =AC51*0.85 -> 0.020791475 | BA51: Coal | BB51: 174.5 | BC51: 146.3 | BD51: 139.8 | BE51: 138.3 | BF51: 130.4 | BG51: 134.3 | BH51: 138.3 | BI51: 138.3
B52: Natural gas | C52: =BB52/1000 -> 0.4064 | D52: =BC52/1000 -> 0.3643 | E52: =BD52/1000 -> 0.3546 | F52: =BE52/1000 -> 0.3523 | G52: =BF52/1000 -> 0.3404 | H52: =BG52/1000 -> 0.3462 | I52: =BH52/1000 -> 0.3523 | J52: =BI52/1000 -> 0.3523 | M52: 5.937 | N52: 5.845 | O52: 5.575 | P52: 5.276 | Q52: 5.363 | R52: 6.645 | S52: 5.654 | V52: Natural gas | W52: =D52/M52 -> 0.061360957 | X52: =E52/N52 -> 0.060667237 | Y52: =F52/O52 -> 0.063192825 | Z52: =G52/P52 -> 0.064518575 | AA52: =H52/Q52 -> 0.064553422 | AB52: =I52/R52 -> 0.053017306 | AC52: =J52/S52 -> 0.062309869 | AF52: =W52 -> 0.061360957 | AG52: =X52 -> 0.060667237 | AH52: =Y52 -> 0.063192825 | AI52: =Z52 -> 0.064518575 | AJ52: =AA52 -> 0.064553422 | AK52: =AB52*1.15 -> 0.060969902 | AL52: =AC52*1.15 -> 0.071656349 | AO52: =W52 -> 0.061360957 | AP52: =X52 -> 0.060667237 | AQ52: =Y52 -> 0.063192825 | AR52: =Z52 -> 0.064518575 | AS52: =AA52 -> 0.064553422 | AT52: =AB52*0.85 -> 0.04506471 | AU52: =AC52*0.85 -> 0.052963389 | BA52: Natural gas | BB52: 406.4 | BC52: 364.3 | BD52: 354.6 | BE52: 352.3 | BF52: 340.4 | BG52: 346.2 | BH52: 352.3 | BI52: 352.3
B53: Petroleum | C53: =BB53/1000 -> 0.0872 | D53: =BC53/1000 -> 0.0791 | E53: =BD53/1000 -> 0.077 | F53: =BE53/1000 -> 0.0765 | G53: =BF53/1000 -> 0.0737 | H53: =BG53/1000 -> 0.0751 | I53: =BH53/1000 -> 0.0765 | J53: =BI53/1000 -> 0.0765 | M53: 5.937 | N53: 5.845 | O53: 5.575 | P53: 5.276 | Q53: 5.363 | R53: 6.645 | S53: 5.654 | V53: Petroleum | W53: =D53/M53 -> 0.013323227 | X53: =E53/N53 -> 0.013173653 | Y53: =F53/O53 -> 0.013721973 | Z53: =G53/P53 -> 0.013968916 | AA53: =H53/Q53 -> 0.014003356 | AB53: =I53/R53 -> 0.011512415 | AC53: =J53/S53 -> 0.013530244 | AF53: =W53 -> 0.013323227 | AG53: =X53 -> 0.013173653 | AH53: =Y53 -> 0.013721973 | AI53: =Z53 -> 0.013968916 | AJ53: =AA53 -> 0.014003356 | AK53: =AB53*1.15 -> 0.013239278 | AL53: =AC53*1.15 -> 0.015559781 | AO53: =W53 -> 0.013323227 | AP53: =X53 -> 0.013173653 | AQ53: =Y53 -> 0.013721973 | AR53: =Z53 -> 0.013968916 | AS53: =AA53 -> 0.014003356 | AT53: =AB53*0.85 -> 0.009785553 | AU53: =AC53*0.85 -> 0.011500707 | BA53: Petroleum | BB53: 87.2 | BC53: 79.1 | BD53: 77 | BE53: 76.5 | BF53: 73.7 | BG53: 75.1 | BH53: 76.5 | BI53: 76.5
A54: China | B54: Total Energy | C54: =BB54/1000 -> 0.6916 | D54: =BC54/1000 -> 0.6089 | E54: =BD54/1000 -> 0.5895 | F54: =BE54/1000 -> 0.585 | G54: =BF54/1000 -> 0.5612 | H54: =BG54/1000 -> 0.573 | I54: =BH54/1000 -> 0.585 | J54: =BI54/1000 -> 0.585 | M54: 5.937 | N54: 5.845 | O54: 5.575 | P54: 5.276 | Q54: 5.363 | R54: 6.645 | S54: 5.654 | U54: China | V54: Total Energy | W54: =D54/M54 -> 0.10256022 | X54: =E54/N54 -> 0.10085543 | Y54: =F54/O54 -> 0.10493274 | Z54: =G54/P54 -> 0.10636846 | AA54: =H54/Q54 -> 0.10684318 | AB54: =I54/R54 -> 0.088036117 | AC54: =J54/S54 -> 0.10346657 | AF54: =W54 -> 0.10256022 | AG54: =X54 -> 0.10085543 | AH54: =Y54 -> 0.10493274 | AI54: =Z54 -> 0.10636846 | AJ54: =AA54 -> 0.10684318 | AK54: =AB54*1.15 -> 0.10124153 | AL54: =AC54*1.15 -> 0.11898656 | AO54: =W54 -> 0.10256022 | AP54: =X54 -> 0.10085543 | AQ54: =Y54 -> 0.10493274 | AR54: =Z54 -> 0.10636846 | AS54: =AA54 -> 0.10684318 | AT54: =AB54*0.85 -> 0.0748307 | AU54: =AC54*0.85 -> 0.087946586 | AZ54: China | BA54: Total Energy | BB54: 691.6 | BC54: 608.9 | BD54: 589.5 | BE54: 585 | BF54: 561.2 | BG54: 573 | BH54: 585 | BI54: 585
B55: Fossil fuels | C55: =BB55/1000 -> 0.634 | D55: =BC55/1000 -> 0.5608 | E55: =BD55/1000 -> 0.5435 | F55: =BE55/1000 -> 0.5394 | G55: =BF55/1000 -> 0.5181 | H55: =BG55/1000 -> 0.5287 | I55: =BH55/1000 -> 0.5394 | J55: =BI55/1000 -> 0.5394 | M55: 5.937 | N55: 5.845 | O55: 5.575 | P55: 5.276 | Q55: 5.363 | R55: 6.645 | S55: 5.654 | V55: Fossil fuels | W55: =D55/M55 -> 0.094458481 | X55: =E55/N55 -> 0.092985458 | Y55: =F55/O55 -> 0.096753363 | Z55: =G55/P55 -> 0.098199393 | AA55: =H55/Q55 -> 0.098582883 | AB55: =I55/R55 -> 0.081173815 | AC55: =J55/S55 -> 0.095401486 | AF55: =W55 -> 0.094458481 | AG55: =X55 -> 0.092985458 | AH55: =Y55 -> 0.096753363 | AI55: =Z55 -> 0.098199393 | AJ55: =AA55 -> 0.098582883 | AK55: =AB55*1.15 -> 0.093349887 | AL55: =AC55*1.15 -> 0.10971171 | AO55: =W55 -> 0.094458481 | AP55: =X55 -> 0.092985458 | AQ55: =Y55 -> 0.096753363 | AR55: =Z55 -> 0.098199393 | AS55: =AA55 -> 0.098582883 | AT55: =AB55*0.85 -> 0.068997743 | AU55: =AC55*0.85 -> 0.081091263 | BA55: Fossil fuels | BB55: 634 | BC55: 560.8 | BD55: 543.5 | BE55: 539.4 | BF55: 518.1 | BG55: 528.7 | BH55: 539.4 | BI55: 539.4
B56: Coal | C56: =BB56/1000 -> 0.2256 | D56: =BC56/1000 -> 0.1898 | E56: =BD56/1000 -> 0.1816 | F56: =BE56/1000 -> 0.1797 | G56: =BF56/1000 -> 0.1697 | H56: =BG56/1000 -> 0.1747 | I56: =BH56/1000 -> 0.1797 | J56: =BI56/1000 -> 0.1797 | M56: 5.937 | N56: 5.845 | O56: 5.575 | P56: 5.276 | Q56: 5.363 | R56: 6.645 | S56: 5.654 | V56: Coal | W56: =D56/M56 -> 0.031969008 | X56: =E56/N56 -> 0.03106929 | Y56: =F56/O56 -> 0.032233184 | Z56: =G56/P56 -> 0.032164519 | AA56: =H56/Q56 -> 0.032575051 | AB56: =I56/R56 -> 0.027042889 | AC56: =J56/S56 -> 0.031782809 | AF56: =W56 -> 0.031969008 | AG56: =X56 -> 0.03106929 | AH56: =Y56 -> 0.032233184 | AI56: =Z56 -> 0.032164519 | AJ56: =AA56 -> 0.032575051 | AK56: =AB56*1.15 -> 0.031099323 | AL56: =AC56*1.15 -> 0.03655023 | AO56: =W56 -> 0.031969008 | AP56: =X56 -> 0.03106929 | AQ56: =Y56 -> 0.032233184 | AR56: =Z56 -> 0.032164519 | AS56: =AA56 -> 0.032575051 | AT56: =AB56*0.85 -> 0.022986456 | AU56: =AC56*0.85 -> 0.027015387 | BA56: Coal | BB56: 225.6 | BC56: 189.8 | BD56: 181.6 | BE56: 179.7 | BF56: 169.7 | BG56: 174.7 | BH56: 179.7 | BI56: 179.7
B57: Natural gas | C57: =BB57/1000 -> 0.3671 | D57: =BC57/1000 -> 0.3308 | E57: =BD57/1000 -> 0.3224 | F57: =BE57/1000 -> 0.3205 | G57: =BF57/1000 -> 0.3101 | H57: =BG57/1000 -> 0.3151 | I57: =BH57/1000 -> 0.3205 | J57: =BI57/1000 -> 0.3205 | M57: 5.937 | N57: 5.845 | O57: 5.575 | P57: 5.276 | Q57: 5.363 | R57: 6.645 | S57: 5.654 | V57: Natural gas | W57: =D57/M57 -> 0.055718376 | X57: =E57/N57 -> 0.055158255 | Y57: =F57/O57 -> 0.057488789 | Z57: =G57/P57 -> 0.058775588 | AA57: =H57/Q57 -> 0.058754428 | AB57: =I57/R57 -> 0.048231753 | AC57: =J57/S57 -> 0.056685532 | AF57: =W57 -> 0.055718376 | AG57: =X57 -> 0.055158255 | AH57: =Y57 -> 0.057488789 | AI57: =Z57 -> 0.058775588 | AJ57: =AA57 -> 0.058754428 | AK57: =AB57*1.15 -> 0.055466516 | AL57: =AC57*1.15 -> 0.065188362 | AO57: =W57 -> 0.055718376 | AP57: =X57 -> 0.055158255 | AQ57: =Y57 -> 0.057488789 | AR57: =Z57 -> 0.058775588 | AS57: =AA57 -> 0.058754428 | AT57: =AB57*0.85 -> 0.04099699 | AU57: =AC57*0.85 -> 0.048182703 | BA57: Natural gas | BB57: 367.1 | BC57: 330.8 | BD57: 322.4 | BE57: 320.5 | BF57: 310.1 | BG57: 315.1 | BH57: 320.5 | BI57: 320.5
B58: Petroleum | C58: =BB58/1000 -> 0.0853 | D58: =BC58/1000 -> 0.0775 | E58: =BD58/1000 -> 0.0755 | F58: =BE58/1000 -> 0.075 | G58: =BF58/1000 -> 0.0722 | H58: =BG58/1000 -> 0.0736 | I58: =BH58/1000 -> 0.075 | J58: =BI58/1000 -> 0.075 | M58: 5.937 | N58: 5.845 | O58: 5.575 | P58: 5.276 | Q58: 5.363 | R58: 6.645 | S58: 5.654 | V58: Petroleum | W58: =D58/M58 -> 0.013053731 | X58: =E58/N58 -> 0.012917023 | Y58: =F58/O58 -> 0.013452915 | Z58: =G58/P58 -> 0.01368461 | AA58: =H58/Q58 -> 0.013723662 | AB58: =I58/R58 -> 0.011286682 | AC58: =J58/S58 -> 0.013264945 | AF58: =W58 -> 0.013053731 | AG58: =X58 -> 0.012917023 | AH58: =Y58 -> 0.013452915 | AI58: =Z58 -> 0.01368461 | AJ58: =AA58 -> 0.013723662 | AK58: =AB58*1.15 -> 0.012979684 | AL58: =AC58*1.15 -> 0.015254687 | AO58: =W58 -> 0.013053731 | AP58: =X58 -> 0.012917023 | AQ58: =Y58 -> 0.013452915 | AR58: =Z58 -> 0.01368461 | AS58: =AA58 -> 0.013723662 | AT58: =AB58*0.85 -> 0.0095936795 | AU58: =AC58*0.85 -> 0.011275203 | BA58: Petroleum | BB58: 85.3 | BC58: 77.5 | BD58: 75.5 | BE58: 75 | BF58: 72.2 | BG58: 73.6 | BH58: 75 | BI58: 75
A60: ** Assumed to be cell manufacturing | AZ60: ** Assumed to be cell manufacturing
A61: *** LMO and LFP cathode production from recycled materials is not included in EverBatt | AZ61: *** LMO and LFP cathode production from recycled materials is not included in EverBatt
A62: **** All recycled chemistries are assumed to be priducing the same cathode chemistry for manufacture with recyclked materials | AZ62: **** All recycled chemistries are assumed to be priducing the same cathode chemistry for manufacture with recyclked materials
W72: NMC111 | X72: NMC532 | Y72: NMC622 | Z72: NMC811 | AA72: NCA | AB72: LMO | AC72: LFP | AF72: NMC111 | AG72: NMC532 | AH72: NMC622 | AI72: NMC811 | AJ72: NCA | AK72: LMO | AL72: LFP | AO72: NMC111 | AP72: NMC532 | AQ72: NMC622 | AR72: NMC811 | AS72: NCA | AT72: LMO | AU72: LFP
U73: US | V73: ELC | W73: =W4-W5 -> 0.010510359 | X73: =X4-X5 -> 0.010094098 | Y73: =Y4-Y5 -> 0.01038565 | Z73: =Z4-Z5 -> 0.011429113 | AA73: =AA4-AA5 -> 0.011597986 | AB73: =AB4-AB5 -> 0.0087133183 | AC73: =AC4-AC5 -> 0.010240538 | AF73: =AF4-AF5 -> 0.010510359 | AG73: =AG4-AG5 -> 0.010094098 | AH73: =AH4-AH5 -> 0.01038565 | AI73: =AI4-AI5 -> 0.011429113 | AJ73: =AJ4-AJ5 -> 0.011597986 | AK73: =AK4-AK5 -> 0.010020316 | AL73: =AL4-AL5 -> 0.011776618 | AO73: =AO4-AO5 -> 0.010510359 | AP73: =AP4-AP5 -> 0.010094098 | AQ73: =AQ4-AQ5 -> 0.01038565 | AR73: =AR4-AR5 -> 0.011429113 | AS73: =AS4-AS5 -> 0.011597986 | AT73: =AT4-AT5 -> 0.0074063205 | AU73: =AU4-AU5 -> 0.008704457
V74: COAHCO | W74: =W6 -> 0.02892033 | X74: =X6 -> 0.027562019 | Y74: =Y6 -> 0.02832287 | Z74: =Z6 -> 0.028828658 | AA74: =AA6 -> 0.029610293 | AB74: =AB6 -> 0.023762227 | AC74: =AC6 -> 0.027927131 | AF74: =AF6 -> 0.02892033 | AG74: =AG6 -> 0.027562019 | AH74: =AH6 -> 0.02832287 | AI74: =AI6 -> 0.028828658 | AJ74: =AJ6 -> 0.029610293 | AK74: =AK6 -> 0.027326561 | AL74: =AL6 -> 0.032116201 | AO74: =AO6 -> 0.02892033 | AP74: =AP6 -> 0.027562019 | AQ74: =AQ6 -> 0.02832287 | AR74: =AR6 -> 0.028828658 | AS74: =AS6 -> 0.029610293 | AT74: =AT6 -> 0.020197893 | AU74: =AU6 -> 0.023738062
V75: GASNGA | W75: =W7 -> 0.083661782 | X75: =X7 -> 0.081402908 | Y75: =Y7 -> 0.084394619 | Z75: =Z7 -> 0.088419257 | AA75: =AA7 -> 0.092485549 | AB75: =AB7 -> 0.070805117 | AC75: =AC7 -> 0.083215423 | AF75: =AF7 -> 0.083661782 | AG75: =AG7 -> 0.081402908 | AH75: =AH7 -> 0.084394619 | AI75: =AI7 -> 0.088419257 | AJ75: =AJ7 -> 0.092485549 | AK75: =AK7 -> 0.081425884 | AL75: =AL7 -> 0.095697736 | AO75: =AO7 -> 0.083661782 | AP75: =AP7 -> 0.081402908 | AQ75: =AQ7 -> 0.084394619 | AR75: =AR7 -> 0.088419257 | AS75: =AS7 -> 0.092485549 | AT75: =AT7 -> 0.060184349 | AU75: =AU7 -> 0.070733109
V76: OILDST | W76: =W8 -> 0.013020044 | X76: =X8 -> 0.012745937 | Y76: =Y8 -> 0.013201794 | Z76: =Z8 -> 0.014423806 | AA76: =AA8 -> 0.014711915 | AB76: =AB8 -> 0.011075997 | AC76: =AC8 -> 0.013017333 | AF76: =AF8 -> 0.013020044 | AG76: =AG8 -> 0.012745937 | AH76: =AH8 -> 0.013201794 | AI76: =AI8 -> 0.014423806 | AJ76: =AJ8 -> 0.014711915 | AK76: =AK8 -> 0.012737397 | AL76: =AL8 -> 0.014969933 | AO76: =AO8 -> 0.013020044 | AP76: =AP8 -> 0.012745937 | AQ76: =AQ8 -> 0.013201794 | AR76: =AR8 -> 0.014423806 | AS76: =AS8 -> 0.014711915 | AT76: =AT8 -> 0.0094145974 | AU76: =AU8 -> 0.011064733
U77: Korea | V77: ELC | W77: =W9-W10 -> 0.010358767 | X77: =X9-X10 -> 0.0099572284 | Y77: =Y9-Y10 -> 0.010242152 | Z77: =Z9-Z10 -> 0.011277483 | AA77: =AA9-AA10 -> 0.01143017 | AB77: =AB9-AB10 -> 0.008592927 | AC77: =AC9-AC10 -> 0.010099045 | AF77: =AF9-AF10 -> 0.010358767 | AG77: =AG9-AG10 -> 0.0099572284 | AH77: =AH9-AH10 -> 0.010242152 | AI77: =AI9-AI10 -> 0.011277483 | AJ77: =AJ9-AJ10 -> 0.01143017 | AK77: =AK9-AK10 -> 0.0098818661 | AL77: =AL9-AL10 -> 0.011613902 | AO77: =AO9-AO10 -> 0.010358767 | AP77: =AP9-AP10 -> 0.0099572284 | AQ77: =AQ9-AQ10 -> 0.010242152 | AR77: =AR9-AR10 -> 0.011277483 | AS77: =AS9-AS10 -> 0.01143017 | AT77: =AT9-AT10 -> 0.007303988 | AU77: =AU9-AU10 -> 0.0085841882
V78: COAHCO | W78: =W11 -> 0.034950312 | X78: =X11 -> 0.033378956 | Y78: =Y11 -> 0.034367713 | Z78: =Z11 -> 0.03525398 | AA78: =AA11 -> 0.036136491 | AB78: =AB11 -> 0.02883371 | AC78: =AC11 -> 0.033887513 | AF78: =AF11 -> 0.034950312 | AG78: =AG11 -> 0.033378956 | AH78: =AH11 -> 0.034367713 | AI78: =AI11 -> 0.03525398 | AJ78: =AJ11 -> 0.036136491 | AK78: =AK11 -> 0.033158766 | AL78: =AL11 -> 0.03897064 | AO78: =AO11 -> 0.034950312 | AP78: =AP11 -> 0.033378956 | AQ78: =AQ11 -> 0.034367713 | AR78: =AR11 -> 0.03525398 | AS78: =AS11 -> 0.036136491 | AT78: =AT11 -> 0.024508653 | AU78: =AU11 -> 0.028804386
V79: GASNGA | W79: =W12 -> 0.079989894 | X79: =X12 -> 0.07786142 | Y79: =Y12 -> 0.080717489 | Z79: =Z12 -> 0.084514784 | AA79: =AA12 -> 0.088513891 | AB79: =AB12 -> 0.06772009 | AC79: =AC12 -> 0.079589671 | AF79: =AF12 -> 0.079989894 | AG79: =AG12 -> 0.07786142 | AH79: =AH12 -> 0.080717489 | AI79: =AI12 -> 0.084514784 | AJ79: =AJ12 -> 0.088513891 | AK79: =AK12 -> 0.077878104 | AL79: =AL12 -> 0.091528122 | AO79: =AO12 -> 0.079989894 | AP79: =AP12 -> 0.07786142 | AQ79: =AQ12 -> 0.080717489 | AR79: =AR12 -> 0.084514784 | AS79: =AS12 -> 0.088513891 | AT79: =AT12 -> 0.057562077 | AU79: =AU12 -> 0.06765122
V80: OILDST | W80: =W13 -> 0.013508506 | X80: =X13 -> 0.01320787 | Y80: =Y13 -> 0.013686099 | Z80: =Z13 -> 0.014954511 | AA80: =AA13 -> 0.015234011 | AB80: =AB13 -> 0.011482318 | AC80: =AC13 -> 0.013494871 | AF80: =AF13 -> 0.013508506 | AG80: =AG13 -> 0.01320787 | AH80: =AH13 -> 0.013686099 | AI80: =AI13 -> 0.014954511 | AJ80: =AJ13 -> 0.015234011 | AK80: =AK13 -> 0.013204665 | AL80: =AL13 -> 0.015519102 | AO80: =AO13 -> 0.013508506 | AP80: =AP13 -> 0.01320787 | AQ80: =AQ13 -> 0.013686099 | AR80: =AR13 -> 0.014954511 | AS80: =AS13 -> 0.015234011 | AT80: =AT13 -> 0.0097599699 | AU80: =AU13 -> 0.01147064
U81: CN | V81: ELC | W81: =W14-W15 -> 0.010830386 | X81: =X14-X15 -> 0.010402053 | Y81: =Y14-Y15 -> 0.01070852 | Z81: =Z14-Z15 -> 0.011770281 | AA81: =AA14-AA15 -> 0.011933619 | AB81: =AB14-AB15 -> 0.0089841986 | AC81: =AC14-AC15 -> 0.010558896 | AF81: =AF14-AF15 -> 0.010830386 | AG81: =AG14-AG15 -> 0.010402053 | AH81: =AH14-AH15 -> 0.01070852 | AI81: =AI14-AI15 -> 0.011770281 | AJ81: =AJ14-AJ15 -> 0.011933619 | AK81: =AK14-AK15 -> 0.010331828 | AL81: =AL14-AL15 -> 0.012142731 | AO81: =AO14-AO15 -> 0.010830386 | AP81: =AP14-AP15 -> 0.010402053 | AQ81: =AQ14-AQ15 -> 0.01070852 | AR81: =AR14-AR15 -> 0.011770281 | AS81: =AS14-AS15 -> 0.011933619 | AT81: =AT14-AT15 -> 0.0076365688 | AU81: =AU14-AU15 -> 0.0089750619
V82: COAHCO | W82: =W16 -> 0.044702712 | X82: =X16 -> 0.042805817 | Y82: =Y16 -> 0.044125561 | Z82: =Z16 -> 0.045640637 | AA82: =AA16 -> 0.046727578 | AB82: =AB16 -> 0.037020316 | AC82: =AC16 -> 0.04350902 | AF82: =AF16 -> 0.044702712 | AG82: =AG16 -> 0.042805817 | AH82: =AH16 -> 0.044125561 | AI82: =AI16 -> 0.045640637 | AJ82: =AJ16 -> 0.046727578 | AK82: =AK16 -> 0.042573363 | AL82: =AL16 -> 0.050035373 | AO82: =AO16 -> 0.044702712 | AP82: =AP16 -> 0.042805817 | AQ82: =AQ16 -> 0.044125561 | AR82: =AR16 -> 0.045640637 | AS82: =AS16 -> 0.046727578 | AT82: =AT16 -> 0.031467269 | AU82: =AU16 -> 0.036982667
V83: GASNGA | W83: =W17 -> 0.072494526 | X83: =X17 -> 0.070607357 | Y83: =Y17 -> 0.073201794 | Z83: =Z17 -> 0.0765163 | AA83: =AA17 -> 0.080384113 | AB83: =AB17 -> 0.061414597 | AC83: =AC17 -> 0.072178988 | AF83: =AF17 -> 0.072494526 | AG83: =AG17 -> 0.070607357 | AH83: =AH17 -> 0.073201794 | AI83: =AI17 -> 0.0765163 | AJ83: =AJ17 -> 0.080384113 | AK83: =AK17 -> 0.070626787 | AL83: =AL17 -> 0.083005837 | AO83: =AO17 -> 0.072494526 | AP83: =AP17 -> 0.070607357 | AQ83: =AQ17 -> 0.073201794 | AR83: =AR17 -> 0.0765163 | AS83: =AS17 -> 0.080384113 | AT83: =AT17 -> 0.052202408 | AU83: =AU17 -> 0.06135214
V84: OILDST | W84: =W18 -> 0.013154792 | X84: =X18 -> 0.012865697 | Y84: =Y18 -> 0.013327354 | Z84: =Z18 -> 0.014556482 | AA84: =AA18 -> 0.014861085 | AB84: =AB18 -> 0.011181339 | AC84: =AC18 -> 0.013141139 | AF84: =AF18 -> 0.013154792 | AG84: =AG18 -> 0.012865697 | AH84: =AH18 -> 0.013327354 | AI84: =AI18 -> 0.014556482 | AJ84: =AJ18 -> 0.014861085 | AK84: =AK18 -> 0.01285854 | AL84: =AL18 -> 0.01511231 | AO84: =AO18 -> 0.013154792 | AP84: =AP18 -> 0.012865697 | AQ84: =AQ18 -> 0.013327354 | AR84: =AR18 -> 0.014556482 | AS84: =AS18 -> 0.014861085 | AT84: =AT18 -> 0.0095041384 | AU84: =AU18 -> 0.011169968
U85: US | V85: ELC | W85: =W73 -> 0.010510359 | X85: =X73 -> 0.010094098 | Y85: =Y73 -> 0.01038565 | Z85: =Z73 -> 0.011429113 | AA85: =AA73 -> 0.011597986 | AB85: =AB73 -> 0.0087133183 | AC85: =AC73 -> 0.010240538 | AF85: =AF73 -> 0.010510359 | AG85: =AG73 -> 0.010094098 | AH85: =AH73 -> 0.01038565 | AI85: =AI73 -> 0.011429113 | AJ85: =AJ73 -> 0.011597986 | AK85: =AK73 -> 0.010020316 | AL85: =AL73 -> 0.011776618 | AO85: =AO73 -> 0.010510359 | AP85: =AP73 -> 0.010094098 | AQ85: =AQ73 -> 0.01038565 | AR85: =AR73 -> 0.011429113 | AS85: =AS73 -> 0.011597986 | AT85: =AT73 -> 0.0074063205 | AU85: =AU73 -> 0.008704457
V86: COAHCO | W86: =W74 -> 0.02892033 | X86: =X74 -> 0.027562019 | Y86: =Y74 -> 0.02832287 | Z86: =Z74 -> 0.028828658 | AA86: =AA74 -> 0.029610293 | AB86: =AB74 -> 0.023762227 | AC86: =AC74 -> 0.027927131 | AF86: =AF74 -> 0.02892033 | AG86: =AG74 -> 0.027562019 | AH86: =AH74 -> 0.02832287 | AI86: =AI74 -> 0.028828658 | AJ86: =AJ74 -> 0.029610293 | AK86: =AK74 -> 0.027326561 | AL86: =AL74 -> 0.032116201 | AO86: =AO74 -> 0.02892033 | AP86: =AP74 -> 0.027562019 | AQ86: =AQ74 -> 0.02832287 | AR86: =AR74 -> 0.028828658 | AS86: =AS74 -> 0.029610293 | AT86: =AT74 -> 0.020197893 | AU86: =AU74 -> 0.023738062
V87: GASNGA | W87: =W75 -> 0.083661782 | X87: =X75 -> 0.081402908 | Y87: =Y75 -> 0.084394619 | Z87: =Z75 -> 0.088419257 | AA87: =AA75 -> 0.092485549 | AB87: =AB75 -> 0.070805117 | AC87: =AC75 -> 0.083215423 | AF87: =AF75 -> 0.083661782 | AG87: =AG75 -> 0.081402908 | AH87: =AH75 -> 0.084394619 | AI87: =AI75 -> 0.088419257 | AJ87: =AJ75 -> 0.092485549 | AK87: =AK75 -> 0.081425884 | AL87: =AL75 -> 0.095697736 | AO87: =AO75 -> 0.083661782 | AP87: =AP75 -> 0.081402908 | AQ87: =AQ75 -> 0.084394619 | AR87: =AR75 -> 0.088419257 | AS87: =AS75 -> 0.092485549 | AT87: =AT75 -> 0.060184349 | AU87: =AU75 -> 0.070733109
V88: OILDST | W88: =W76 -> 0.013020044 | X88: =X76 -> 0.012745937 | Y88: =Y76 -> 0.013201794 | Z88: =Z76 -> 0.014423806 | AA88: =AA76 -> 0.014711915 | AB88: =AB76 -> 0.011075997 | AC88: =AC76 -> 0.013017333 | AF88: =AF76 -> 0.013020044 | AG88: =AG76 -> 0.012745937 | AH88: =AH76 -> 0.013201794 | AI88: =AI76 -> 0.014423806 | AJ88: =AJ76 -> 0.014711915 | AK88: =AK76 -> 0.012737397 | AL88: =AL76 -> 0.014969933 | AO88: =AO76 -> 0.013020044 | AP88: =AP76 -> 0.012745937 | AQ88: =AQ76 -> 0.013201794 | AR88: =AR76 -> 0.014423806 | AS88: =AS76 -> 0.014711915 | AT88: =AT76 -> 0.0094145974 | AU88: =AU76 -> 0.011064733
W92: NMC111 | X92: NMC532 | Y92: NMC622 | Z92: NMC811 | AA92: NCA | AB92: LMO | AC92: LFP | AF92: NMC111 | AG92: NMC532 | AH92: NMC622 | AI92: NMC811 | AJ92: NCA | AK92: LMO | AL92: LFP | AO92: NMC111 | AP92: NMC532 | AQ92: NMC622 | AR92: NMC811 | AS92: NCA | AT92: LMO | AU92: LFP
U93: US | V93: ELC | W93: =W24-W25 -> 0.011554657 | X93: =X24-X25 -> 0.011086399 | Y93: =Y24-Y25 -> 0.011461883 | Z93: =Z24-Z25 -> 0.011751327 | AA93: =AA24-AA25 -> 0.011970912 | AB93: =AB24-AB25 -> 0.0096162528 | AC93: =AC24-AC25 -> 0.011301733 | AF93: =AF24-AF25 -> 0.011554657 | AG93: =AG24-AG25 -> 0.011086399 | AH93: =AH24-AH25 -> 0.011461883 | AI93: =AI24-AI25 -> 0.011751327 | AJ93: =AJ24-AJ25 -> 0.011970912 | AK93: =AK24-AK25 -> 0.011058691 | AL93: =AL24-AL25 -> 0.012996993 | AO93: =AO24-AO25 -> 0.011554657 | AP93: =AP24-AP25 -> 0.011086399 | AQ93: =AQ24-AQ25 -> 0.011461883 | AR93: =AR24-AR25 -> 0.011751327 | AS93: =AS24-AS25 -> 0.011970912 | AT93: =AT24-AT25 -> 0.0081738149 | AU93: =AU24-AU25 -> 0.0096064733
V94: COAHCO | W94: =W26 -> 0.025214755 | X94: =X26 -> 0.024260051 | Y94: =Y26 -> 0.02509417 | Z94: =Z26 -> 0.02575815 | AA94: =AA26 -> 0.026253962 | AB94: =AB26 -> 0.021053424 | AC94: =AC26 -> 0.024743544 | AF94: =AF26 -> 0.025214755 | AG94: =AG26 -> 0.024260051 | AH94: =AH26 -> 0.02509417 | AI94: =AI26 -> 0.02575815 | AJ94: =AJ26 -> 0.026253962 | AK94: =AK26 -> 0.024211437 | AL94: =AL26 -> 0.028455076 | AO94: =AO26 -> 0.025214755 | AP94: =AP26 -> 0.024260051 | AQ94: =AQ26 -> 0.02509417 | AR94: =AR26 -> 0.02575815 | AS94: =AS26 -> 0.026253962 | AT94: =AT26 -> 0.01789541 | AU94: =AU26 -> 0.021032013
V95: GASNGA | W95: =W27 -> 0.097810342 | X95: =X27 -> 0.094781865 | Y95: =Y27 -> 0.09826009 | Z95: =Z27 -> 0.09969674 | AA95: =AA27 -> 0.10395301 | AB95: =AB27 -> 0.082437923 | AC95: =AC27 -> 0.09688716 | AF95: =AF27 -> 0.097810342 | AG95: =AG27 -> 0.094781865 | AH95: =AH27 -> 0.09826009 | AI95: =AI27 -> 0.09969674 | AJ95: =AJ27 -> 0.10395301 | AK95: =AK27 -> 0.094803612 | AL95: =AL27 -> 0.11142023 | AO95: =AO27 -> 0.097810342 | AP95: =AP27 -> 0.094781865 | AQ95: =AQ27 -> 0.09826009 | AR95: =AR27 -> 0.09969674 | AS95: =AS27 -> 0.10395301 | AT95: =AT27 -> 0.070072235 | AU95: =AU27 -> 0.082354086
V96: OILDST | W96: =W28 -> 0.01323901 | X96: =X28 -> 0.013053892 | Y96: =Y28 -> 0.01361435 | Z96: =Z28 -> 0.013968916 | AA96: =AA28 -> 0.014171173 | AB96: =AB28 -> 0.011422122 | AC96: =AC28 -> 0.013424125 | AF96: =AF28 -> 0.01323901 | AG96: =AG28 -> 0.013053892 | AH96: =AH28 -> 0.01361435 | AI96: =AI28 -> 0.013968916 | AJ96: =AJ28 -> 0.014171173 | AK96: =AK28 -> 0.01313544 | AL96: =AL28 -> 0.015437743 | AO96: =AO28 -> 0.01323901 | AP96: =AP28 -> 0.013053892 | AQ96: =AQ28 -> 0.01361435 | AR96: =AR28 -> 0.013968916 | AS96: =AS28 -> 0.014171173 | AT96: =AT28 -> 0.0097088036 | AU96: =AU28 -> 0.011410506
U97: Korea | V97: ELC | W97: =W29-W30 -> 0.011403066 | X97: =X29-X30 -> 0.010932421 | Y97: =Y29-Y30 -> 0.011318386 | Z97: =Z29-Z30 -> 0.011599697 | AA97: =AA29-AA30 -> 0.011803095 | AB97: =AB29-AB30 -> 0.0094958616 | AC97: =AC29-AC30 -> 0.011160241 | AF97: =AF29-AF30 -> 0.011403066 | AG97: =AG29-AG30 -> 0.010932421 | AH97: =AH29-AH30 -> 0.011318386 | AI97: =AI29-AI30 -> 0.011599697 | AJ97: =AJ29-AJ30 -> 0.011803095 | AK97: =AK29-AK30 -> 0.010920241 | AL97: =AL29-AL30 -> 0.012834277 | AO97: =AO29-AO30 -> 0.011403066 | AP97: =AP29-AP30 -> 0.010932421 | AQ97: =AQ29-AQ30 -> 0.011318386 | AR97: =AR29-AR30 -> 0.011599697 | AS97: =AS29-AS30 -> 0.011803095 | AT97: =AT29-AT30 -> 0.0080714823 | AU97: =AU29-AU30 -> 0.0094862045
V98: COAHCO | W98: =W31 -> 0.031025771 | X98: =X31 -> 0.029871685 | Y98: =Y31 -> 0.030923767 | Z98: =Z31 -> 0.031974981 | AA98: =AA31 -> 0.032575051 | AB98: =AB31 -> 0.025944319 | AC98: =AC31 -> 0.030491687 | AF98: =AF31 -> 0.031025771 | AG98: =AG31 -> 0.029871685 | AH98: =AH31 -> 0.030923767 | AI98: =AI31 -> 0.031974981 | AJ98: =AJ31 -> 0.032575051 | AK98: =AK31 -> 0.029835967 | AL98: =AL31 -> 0.03506544 | AO98: =AO31 -> 0.031025771 | AP98: =AP31 -> 0.029871685 | AQ98: =AQ31 -> 0.030923767 | AR98: =AR31 -> 0.031974981 | AS98: =AS31 -> 0.032575051 | AT98: =AT31 -> 0.022052671 | AU98: =AU31 -> 0.025917934
V99: GASNGA | W99: =W32 -> 0.094273202 | X99: =X32 -> 0.091360137 | Y99: =Y32 -> 0.09470852 | Z99: =Z32 -> 0.095924943 | AA99: =AA32 -> 0.10011188 | AB99: =AB32 -> 0.079458239 | AC99: =AC32 -> 0.093385214 | AF99: =AF32 -> 0.094273202 | AG99: =AG32 -> 0.091360137 | AH99: =AH32 -> 0.09470852 | AI99: =AI32 -> 0.095924943 | AJ99: =AJ32 -> 0.10011188 | AK99: =AK32 -> 0.091376975 | AL99: =AL32 -> 0.107393 | AO99: =AO32 -> 0.094273202 | AP99: =AP32 -> 0.091360137 | AQ99: =AQ32 -> 0.09470852 | AR99: =AR32 -> 0.095924943 | AS99: =AS32 -> 0.10011188 | AT99: =AT32 -> 0.067539503 | AU99: =AU32 -> 0.079377432
V100: OILDST | W100: =W33 -> 0.013710628 | X100: =X33 -> 0.013515825 | Y100: =Y33 -> 0.014080717 | Z100: =Z33 -> 0.014480667 | AA100: =AA33 -> 0.014674622 | AB100: =AB33 -> 0.011813394 | AC100: =AC33 -> 0.013883976 | AF100: =AF33 -> 0.013710628 | AG100: =AG33 -> 0.013515825 | AH100: =AH33 -> 0.014080717 | AI100: =AI33 -> 0.014480667 | AJ100: =AJ33 -> 0.014674622 | AK100: =AK33 -> 0.013585403 | AL100: =AL33 -> 0.015966572 | AO100: =AO33 -> 0.013710628 | AP100: =AP33 -> 0.013515825 | AQ100: =AQ33 -> 0.014080717 | AR100: =AR33 -> 0.014480667 | AS100: =AS33 -> 0.014674622 | AT100: =AT33 -> 0.010041384 | AU100: =AU33 -> 0.01180138
U101: CN | V101: ELC | W101: =W34-W35 -> 0.011840997 | X101: =X34-X35 -> 0.011377246 | Y101: =Y34-Y35 -> 0.011766816 | Z101: =Z34-Z35 -> 0.012092494 | AA101: =AA34-AA35 -> 0.012287899 | AB101: =AB34-AB35 -> 0.0098720843 | AC101: =AC34-AC35 -> 0.011602405 | AF101: =AF34-AF35 -> 0.011840997 | AG101: =AG34-AG35 -> 0.011377246 | AH101: =AH34-AH35 -> 0.011766816 | AI101: =AI34-AI35 -> 0.012092494 | AJ101: =AJ34-AJ35 -> 0.012287899 | AK101: =AK34-AK35 -> 0.011352897 | AL101: =AL34-AL35 -> 0.013342766 | AO101: =AO34-AO35 -> 0.011840997 | AP101: =AP34-AP35 -> 0.011377246 | AQ101: =AQ34-AQ35 -> 0.011766816 | AR101: =AR34-AR35 -> 0.012092494 | AS101: =AS34-AS35 -> 0.012287899 | AT101: =AT34-AT35 -> 0.0083912716 | AU101: =AU34-AU35 -> 0.0098620446
V102: COAHCO | W102: =W36 -> 0.0404413 | X102: =X36 -> 0.038973482 | Y102: =Y36 -> 0.040340807 | Z102: =Z36 -> 0.04202047 | AA102: =AA36 -> 0.042811859 | AB102: =AB36 -> 0.033844996 | AC102: =AC36 -> 0.039777149 | AF102: =AF36 -> 0.0404413 | AG102: =AG36 -> 0.038973482 | AH102: =AH36 -> 0.040340807 | AI102: =AI36 -> 0.04202047 | AJ102: =AJ36 -> 0.042811859 | AK102: =AK36 -> 0.038921746 | AL102: =AL36 -> 0.045743721 | AO102: =AO36 -> 0.0404413 | AP102: =AP36 -> 0.038973482 | AQ102: =AQ36 -> 0.040340807 | AR102: =AR36 -> 0.04202047 | AS102: =AS36 -> 0.042811859 | AT102: =AT36 -> 0.028768247 | AU102: =AU36 -> 0.033810577
V103: GASNGA | W103: =W37 -> 0.087030487 | X103: =X37 -> 0.084362703 | Y103: =Y37 -> 0.087443946 | Z103: =Z37 -> 0.088191812 | AA103: =AA37 -> 0.092224501 | AB103: =AB37 -> 0.073363431 | AC103: =AC37 -> 0.086222144 | AF103: =AF37 -> 0.087030487 | AG103: =AG37 -> 0.084362703 | AH103: =AH37 -> 0.087443946 | AI103: =AI37 -> 0.088191812 | AJ103: =AJ37 -> 0.092224501 | AK103: =AK37 -> 0.084367946 | AL103: =AL37 -> 0.099155465 | AO103: =AO37 -> 0.087030487 | AP103: =AP37 -> 0.084362703 | AQ103: =AQ37 -> 0.087443946 | AR103: =AR37 -> 0.088191812 | AS103: =AS37 -> 0.092224501 | AT103: =AT37 -> 0.062358916 | AU103: =AU37 -> 0.073288822
V104: OILDST | W104: =W38 -> 0.013356914 | X104: =X38 -> 0.013190761 | Y104: =Y38 -> 0.01373991 | Z104: =Z38 -> 0.014101592 | AA104: =AA38 -> 0.014301697 | AB104: =AB38 -> 0.011527464 | AC104: =AC38 -> 0.013547931 | AF104: =AF38 -> 0.013356914 | AG104: =AG38 -> 0.013190761 | AH104: =AH38 -> 0.01373991 | AI104: =AI38 -> 0.014101592 | AJ104: =AJ38 -> 0.014301697 | AK104: =AK38 -> 0.013256584 | AL104: =AL38 -> 0.01558012 | AO104: =AO38 -> 0.013356914 | AP104: =AP38 -> 0.013190761 | AQ104: =AQ38 -> 0.01373991 | AR104: =AR38 -> 0.014101592 | AS104: =AS38 -> 0.014301697 | AT104: =AT38 -> 0.0097983446 | AU104: =AU38 -> 0.011515741
U105: US | V105: ELC | W105: =W93 -> 0.011554657 | X105: =X93 -> 0.011086399 | Y105: =Y93 -> 0.011461883 | Z105: =Z93 -> 0.011751327 | AA105: =AA93 -> 0.011970912 | AB105: =AB93 -> 0.0096162528 | AC105: =AC93 -> 0.011301733 | AF105: =AF93 -> 0.011554657 | AG105: =AG93 -> 0.011086399 | AH105: =AH93 -> 0.011461883 | AI105: =AI93 -> 0.011751327 | AJ105: =AJ93 -> 0.011970912 | AK105: =AK93 -> 0.011058691 | AL105: =AL93 -> 0.012996993 | AO105: =AO93 -> 0.011554657 | AP105: =AP93 -> 0.011086399 | AQ105: =AQ93 -> 0.011461883 | AR105: =AR93 -> 0.011751327 | AS105: =AS93 -> 0.011970912 | AT105: =AT93 -> 0.0081738149 | AU105: =AU93 -> 0.0096064733
V106: COAHCO | W106: =W94 -> 0.025214755 | X106: =X94 -> 0.024260051 | Y106: =Y94 -> 0.02509417 | Z106: =Z94 -> 0.02575815 | AA106: =AA94 -> 0.026253962 | AB106: =AB94 -> 0.021053424 | AC106: =AC94 -> 0.024743544 | AF106: =AF94 -> 0.025214755 | AG106: =AG94 -> 0.024260051 | AH106: =AH94 -> 0.02509417 | AI106: =AI94 -> 0.02575815 | AJ106: =AJ94 -> 0.026253962 | AK106: =AK94 -> 0.024211437 | AL106: =AL94 -> 0.028455076 | AO106: =AO94 -> 0.025214755 | AP106: =AP94 -> 0.024260051 | AQ106: =AQ94 -> 0.02509417 | AR106: =AR94 -> 0.02575815 | AS106: =AS94 -> 0.026253962 | AT106: =AT94 -> 0.01789541 | AU106: =AU94 -> 0.021032013
V107: GASNGA | W107: =W95 -> 0.097810342 | X107: =X95 -> 0.094781865 | Y107: =Y95 -> 0.09826009 | Z107: =Z95 -> 0.09969674 | AA107: =AA95 -> 0.10395301 | AB107: =AB95 -> 0.082437923 | AC107: =AC95 -> 0.09688716 | AF107: =AF95 -> 0.097810342 | AG107: =AG95 -> 0.094781865 | AH107: =AH95 -> 0.09826009 | AI107: =AI95 -> 0.09969674 | AJ107: =AJ95 -> 0.10395301 | AK107: =AK95 -> 0.094803612 | AL107: =AL95 -> 0.11142023 | AO107: =AO95 -> 0.097810342 | AP107: =AP95 -> 0.094781865 | AQ107: =AQ95 -> 0.09826009 | AR107: =AR95 -> 0.09969674 | AS107: =AS95 -> 0.10395301 | AT107: =AT95 -> 0.070072235 | AU107: =AU95 -> 0.082354086
V108: OILDST | W108: =W96 -> 0.01323901 | X108: =X96 -> 0.013053892 | Y108: =Y96 -> 0.01361435 | Z108: =Z96 -> 0.013968916 | AA108: =AA96 -> 0.014171173 | AB108: =AB96 -> 0.011422122 | AC108: =AC96 -> 0.013424125 | AF108: =AF96 -> 0.01323901 | AG108: =AG96 -> 0.013053892 | AH108: =AH96 -> 0.01361435 | AI108: =AI96 -> 0.013968916 | AJ108: =AJ96 -> 0.014171173 | AK108: =AK96 -> 0.01313544 | AL108: =AL96 -> 0.015437743 | AO108: =AO96 -> 0.01323901 | AP108: =AP96 -> 0.013053892 | AQ108: =AQ96 -> 0.01361435 | AR108: =AR96 -> 0.013968916 | AS108: =AS96 -> 0.014171173 | AT108: =AT96 -> 0.0097088036 | AU108: =AU96 -> 0.011410506
W112: NMC111 | X112: NMC532 | Y112: NMC622 | Z112: NMC811 | AA112: NCA | AB112: LMO | AC112: LFP | AF112: NMC111 | AG112: NMC532 | AH112: NMC622 | AI112: NMC811 | AJ112: NCA | AK112: LMO | AL112: LFP | AO112: NMC111 | AP112: NMC532 | AQ112: NMC622 | AR112: NMC811 | AS112: NCA | AT112: LMO | AU112: LFP
U113: US | V113: ELC | W113: =W44-W45 -> 0.0078827691 | X113: =X44-X45 -> 0.007647562 | Y113: =Y44-Y45 -> 0.0079461883 | Z113: =Z44-Z45 -> 0.0079416224 | AA113: =AA44-AA45 -> 0.0080179004 | AB113: =AB44-AB45 -> 0.0066666667 | AC113: =AC44-AC45 -> 0.0078351609 | AF113: =AF44-AF45 -> 0.0078827691 | AG113: =AG44-AG45 -> 0.007647562 | AH113: =AH44-AH45 -> 0.0079461883 | AI113: =AI44-AI45 -> 0.0079416224 | AJ113: =AJ44-AJ45 -> 0.0080179004 | AK113: =AK44-AK45 -> 0.0076666667 | AL113: =AL44-AL45 -> 0.0090104351 | AO113: =AO44-AO45 -> 0.0078827691 | AP113: =AP44-AP45 -> 0.007647562 | AQ113: =AQ44-AQ45 -> 0.0079461883 | AR113: =AR44-AR45 -> 0.0079416224 | AS113: =AS44-AS45 -> 0.0080179004 | AT113: =AT44-AT45 -> 0.0056666667 | AU113: =AU44-AU45 -> 0.0066598868
V114: COAHCO | W114: =W46 -> 0.020111167 | X114: =X46 -> 0.019503849 | Y114: =Y46 -> 0.020215247 | Z114: =Z46 -> 0.020109932 | AA114: =AA46 -> 0.02039903 | AB114: =AB46 -> 0.01696012 | AC114: =AC46 -> 0.019932791 | AF114: =AF46 -> 0.020111167 | AG114: =AG46 -> 0.019503849 | AH114: =AH46 -> 0.020215247 | AI114: =AI46 -> 0.020109932 | AJ114: =AJ46 -> 0.02039903 | AK114: =AK46 -> 0.019504138 | AL114: =AL46 -> 0.02292271 | AO114: =AO46 -> 0.020111167 | AP114: =AP46 -> 0.019503849 | AQ114: =AQ46 -> 0.020215247 | AR114: =AR46 -> 0.020109932 | AS114: =AS46 -> 0.02039903 | AT114: =AT46 -> 0.014416102 | AU114: =AU46 -> 0.016942872
V115: GASNGA | W115: =W47 -> 0.064123295 | X115: =X47 -> 0.063353293 | Y115: =Y47 -> 0.065991031 | Z115: =Z47 -> 0.06732373 | AA115: =AA47 -> 0.06736901 | AB115: =AB47 -> 0.055364936 | AC115: =AC47 -> 0.065068978 | AF115: =AF47 -> 0.064123295 | AG115: =AG47 -> 0.063353293 | AH115: =AH47 -> 0.065991031 | AI115: =AI47 -> 0.06732373 | AJ115: =AJ47 -> 0.06736901 | AK115: =AK47 -> 0.063669676 | AL115: =AL47 -> 0.074829324 | AO115: =AO47 -> 0.064123295 | AP115: =AP47 -> 0.063353293 | AQ115: =AQ47 -> 0.065991031 | AR115: =AR47 -> 0.06732373 | AS115: =AS47 -> 0.06736901 | AT115: =AT47 -> 0.047060196 | AU115: =AU47 -> 0.055308631
V116: OILDST | W116: =W48 -> 0.012969513 | X116: =X48 -> 0.012814371 | Y116: =Y48 -> 0.013345291 | Z116: =Z48 -> 0.013589841 | AA116: =AA48 -> 0.013630431 | AB116: =AB48 -> 0.011196388 | AC116: =AC48 -> 0.013158826 | AF116: =AF48 -> 0.012969513 | AG116: =AG48 -> 0.012814371 | AH116: =AH48 -> 0.013345291 | AI116: =AI48 -> 0.013589841 | AJ116: =AJ48 -> 0.013630431 | AK116: =AK48 -> 0.012875847 | AL116: =AL48 -> 0.015132649 | AO116: =AO48 -> 0.012969513 | AP116: =AP48 -> 0.012814371 | AQ116: =AQ48 -> 0.013345291 | AR116: =AR48 -> 0.013589841 | AS116: =AS48 -> 0.013630431 | AT116: =AT48 -> 0.00951693 | AU116: =AU48 -> 0.011185002
U117: Korea | V117: ELC | W117: =W49-W50 -> 0.0077648644 | X117: =X49-X50 -> 0.0075449102 | Y117: =Y49-Y50 -> 0.0078206278 | Z117: =Z49-Z50 -> 0.0078089462 | AA117: =AA49-AA50 -> 0.0078873765 | AB117: =AB49-AB50 -> 0.0065613243 | AC117: =AC49-AC50 -> 0.0077113548 | AF117: =AF49-AF50 -> 0.0077648644 | AG117: =AG49-AG50 -> 0.0075449102 | AH117: =AH49-AH50 -> 0.0078206278 | AI117: =AI49-AI50 -> 0.0078089462 | AJ117: =AJ49-AJ50 -> 0.0078873765 | AK117: =AK49-AK50 -> 0.0075455229 | AL117: =AL49-AL50 -> 0.008868058 | AO117: =AO49-AO50 -> 0.0077648644 | AP117: =AP49-AP50 -> 0.0075449102 | AQ117: =AQ49-AQ50 -> 0.0078206278 | AR117: =AR49-AR50 -> 0.0078089462 | AS117: =AS49-AS50 -> 0.0078873765 | AT117: =AT49-AT50 -> 0.0055771257 | AU117: =AU49-AU50 -> 0.0065546516
V118: COAHCO | W118: =W51 -> 0.024642075 | X118: =X51 -> 0.023917879 | Y118: =Y51 -> 0.024807175 | Z118: =Z51 -> 0.024715694 | AA118: =AA51 -> 0.025041954 | AB118: =AB51 -> 0.020812641 | AC118: =AC51 -> 0.024460559 | AF118: =AF51 -> 0.024642075 | AG118: =AG51 -> 0.023917879 | AH118: =AH51 -> 0.024807175 | AI118: =AI51 -> 0.024715694 | AJ118: =AJ51 -> 0.025041954 | AK118: =AK51 -> 0.023934537 | AL118: =AL51 -> 0.028129643 | AO118: =AO51 -> 0.024642075 | AP118: =AP51 -> 0.023917879 | AQ118: =AQ51 -> 0.024807175 | AR118: =AR51 -> 0.024715694 | AS118: =AS51 -> 0.025041954 | AT118: =AT51 -> 0.017690745 | AU118: =AU51 -> 0.020791475
V119: GASNGA | W119: =W52 -> 0.061360957 | X119: =X52 -> 0.060667237 | Y119: =Y52 -> 0.063192825 | Z119: =Z52 -> 0.064518575 | AA119: =AA52 -> 0.064553422 | AB119: =AB52 -> 0.053017306 | AC119: =AC52 -> 0.062309869 | AF119: =AF52 -> 0.061360957 | AG119: =AG52 -> 0.060667237 | AH119: =AH52 -> 0.063192825 | AI119: =AI52 -> 0.064518575 | AJ119: =AJ52 -> 0.064553422 | AK119: =AK52 -> 0.060969902 | AL119: =AL52 -> 0.071656349 | AO119: =AO52 -> 0.061360957 | AP119: =AP52 -> 0.060667237 | AQ119: =AQ52 -> 0.063192825 | AR119: =AR52 -> 0.064518575 | AS119: =AS52 -> 0.064553422 | AT119: =AT52 -> 0.04506471 | AU119: =AU52 -> 0.052963389
V120: OILDST | W120: =W53 -> 0.013323227 | X120: =X53 -> 0.013173653 | Y120: =Y53 -> 0.013721973 | Z120: =Z53 -> 0.013968916 | AA120: =AA53 -> 0.014003356 | AB120: =AB53 -> 0.011512415 | AC120: =AC53 -> 0.013530244 | AF120: =AF53 -> 0.013323227 | AG120: =AG53 -> 0.013173653 | AH120: =AH53 -> 0.013721973 | AI120: =AI53 -> 0.013968916 | AJ120: =AJ53 -> 0.014003356 | AK120: =AK53 -> 0.013239278 | AL120: =AL53 -> 0.015559781 | AO120: =AO53 -> 0.013323227 | AP120: =AP53 -> 0.013173653 | AQ120: =AQ53 -> 0.013721973 | AR120: =AR53 -> 0.013968916 | AS120: =AS53 -> 0.014003356 | AT120: =AT53 -> 0.009785553 | AU120: =AU53 -> 0.011500707
...

Sheet added_energyUse_for_CN_1.0
A1: Pyrometallurgical | L1: ktonne/GWh | W1: if energy use for LFP and LMO=1.0*that for NMC611 | AB1: Fill the data gap of EverBatt, by using a sensitivity analysis | AF1: if energy use for LFP and LMO=1.15*that for NMC611 | AO1: if energy use for LFP and LMO=0.85*that for NMC611 | AZ1: Pyrometallurgical
A2: Location | B2: Energy use (PJ/GWh battery produced) | C2: Chemistry | V2: INPUT | AZ2: Location | BA2: Energy use (PJ/GWh battery produced) | BB2: Chemistry
C3: LCO | D3: NMC111 | E3: NMC532 | F3: NMC622 | G3: NMC811 | H3: NCA | I3: LMO | J3: LFP | L3: LCO | M3: NMC111 | N3: NMC532 | O3: NMC622 | P3: NMC811 | Q3: NCA | R3: LMO | S3: LFP | V3: PJ/ktonne | W3: NMC111 | X3: NMC532 | Y3: NMC622 | Z3: NMC811 | AA3: NCA | AB3: LMO | AC3: LFP | AF3: NMC111 | AG3: NMC532 | AH3: NMC622 | AI3: NMC811 | AJ3: NCA | AK3: LMO | AL3: LFP | AO3: NMC111 | AP3: NMC532 | AQ3: NMC622 | AR3: NMC811 | AS3: NCA | AT3: LMO | AU3: LFP | BB3: LCO | BC3: NMC111 | BD3: NMC532 | BE3: NMC622 | BF3: NMC811 | BG3: NCA | BH3: LMO | BI3: LFP
A4: US | B4: Total Energy | C4: =BB4/1000 -> 0.8374 | D4: =BC4/1000 -> 0.8081 | E4: =BD4/1000 -> 0.7705 | F4: =BE4/1000 -> 0.76 | G4: =BF4/1000 -> 0.7551 | H4: =BG4/1000 -> 0.796 | I4: =BH4/1000 -> 0.76 | J4: =BI4/1000 -> 0.76 | M4: 5.937 | N4: 5.845 | O4: 5.575 | P4: 5.276 | Q4: 5.363 | R4: 6.645 | S4: 5.654 | U4: US | V4: Total Energy | W4: =D4/M4 -> 0.13611251 | X4: =E4/N4 -> 0.13182207 | Y4: =F4/O4 -> 0.13632287 | Z4: =G4/P4 -> 0.14311979 | AA4: =H4/Q4 -> 0.14842439 | AB4: =I4/R4 -> 0.11437171 | AC4: =J4/S4 -> 0.13441811 | AF4: =W4 -> 0.13611251 | AG4: =X4 -> 0.13182207 | AH4: =Y4 -> 0.13632287 | AI4: =Z4 -> 0.14311979 | AJ4: =AA4 -> 0.14842439 | AK4: =AB4*1.15 -> 0.13152746 | AL4: =AC4*1.15 -> 0.15458083 | AO4: =W4 -> 0.13611251 | AP4: =X4 -> 0.13182207 | AQ4: =Y4 -> 0.13632287 | AR4: =Z4 -> 0.14311979 | AS4: =AA4 -> 0.14842439 | AT4: =AB4*0.85 -> 0.097215952 | AU4: =AC4*0.85 -> 0.11425539 | AZ4: US | BA4: Total Energy | BB4: 837.4 | BC4: 808.1 | BD4: 770.5 | BE4: 760 | BF4: 755.1 | BG4: 796 | BH4: 760 | BI4: 760
B5: Fossil fuels | C5: =BB5/1000 -> 0.7701 | D5: =BC5/1000 -> 0.7457 | E5: =BD5/1000 -> 0.7115 | F5: =BE5/1000 -> 0.7021 | G5: =BF5/1000 -> 0.6948 | H5: =BG5/1000 -> 0.7338 | I5: =BH5/1000 -> 0.7021 | J5: =BI5/1000 -> 0.7021 | M5: 5.937 | N5: 5.845 | O5: 5.575 | P5: 5.276 | Q5: 5.363 | R5: 6.645 | S5: 5.654 | V5: Fossil fuels | W5: =D5/M5 -> 0.12560216 | X5: =E5/N5 -> 0.12172797 | Y5: =F5/O5 -> 0.12593722 | Z5: =G5/P5 -> 0.13169067 | AA5: =H5/Q5 -> 0.1368264 | AB5: =I5/R5 -> 0.10565839 | AC5: =J5/S5 -> 0.12417757 | AF5: =W5 -> 0.12560216 | AG5: =X5 -> 0.12172797 | AH5: =Y5 -> 0.12593722 | AI5: =Z5 -> 0.13169067 | AJ5: =AA5 -> 0.1368264 | AK5: =AB5*1.15 -> 0.12150715 | AL5: =AC5*1.15 -> 0.14280421 | AO5: =W5 -> 0.12560216 | AP5: =X5 -> 0.12172797 | AQ5: =Y5 -> 0.12593722 | AR5: =Z5 -> 0.13169067 | AS5: =AA5 -> 0.1368264 | AT5: =AB5*0.85 -> 0.089809631 | AU5: =AC5*0.85 -> 0.10555094 | BA5: Fossil fuels | BB5: 770.1 | BC5: 745.7 | BD5: 711.5 | BE5: 702.1 | BF5: 694.8 | BG5: 733.8 | BH5: 702.1 | BI5: 702.1
B6: Coal | C6: =BB6/1000 -> 0.1986 | D6: =BC6/1000 -> 0.1717 | E6: =BD6/1000 -> 0.1611 | F6: =BE6/1000 -> 0.1579 | G6: =BF6/1000 -> 0.1521 | H6: =BG6/1000 -> 0.1588 | I6: =BH6/1000 -> 0.1579 | J6: =BI6/1000 -> 0.1579 | M6: 5.937 | N6: 5.845 | O6: 5.575 | P6: 5.276 | Q6: 5.363 | R6: 6.645 | S6: 5.654 | V6: Coal | W6: =D6/M6 -> 0.02892033 | X6: =E6/N6 -> 0.027562019 | Y6: =F6/O6 -> 0.02832287 | Z6: =G6/P6 -> 0.028828658 | AA6: =H6/Q6 -> 0.029610293 | AB6: =I6/R6 -> 0.023762227 | AC6: =J6/S6 -> 0.027927131 | AF6: =W6 -> 0.02892033 | AG6: =X6 -> 0.027562019 | AH6: =Y6 -> 0.02832287 | AI6: =Z6 -> 0.028828658 | AJ6: =AA6 -> 0.029610293 | AK6: =AB6*1.15 -> 0.027326561 | AL6: =AC6*1.15 -> 0.032116201 | AO6: =W6 -> 0.02892033 | AP6: =X6 -> 0.027562019 | AQ6: =Y6 -> 0.02832287 | AR6: =Z6 -> 0.028828658 | AS6: =AA6 -> 0.029610293 | AT6: =AB6*0.85 -> 0.020197893 | AU6: =AC6*0.85 -> 0.023738062 | BA6: Coal | BB6: 198.6 | BC6: 171.7 | BD6: 161.1 | BE6: 157.9 | BF6: 152.1 | BG6: 158.8 | BH6: 157.9 | BI6: 157.9
B7: Natural gas | C7: =BB7/1000 -> 0.487 | D7: =BC7/1000 -> 0.4967 | E7: =BD7/1000 -> 0.4758 | F7: =BE7/1000 -> 0.4705 | G7: =BF7/1000 -> 0.4665 | H7: =BG7/1000 -> 0.496 | I7: =BH7/1000 -> 0.4705 | J7: =BI7/1000 -> 0.4705 | M7: 5.937 | N7: 5.845 | O7: 5.575 | P7: 5.276 | Q7: 5.363 | R7: 6.645 | S7: 5.654 | V7: Natural gas | W7: =D7/M7 -> 0.083661782 | X7: =E7/N7 -> 0.081402908 | Y7: =F7/O7 -> 0.084394619 | Z7: =G7/P7 -> 0.088419257 | AA7: =H7/Q7 -> 0.092485549 | AB7: =I7/R7 -> 0.070805117 | AC7: =J7/S7 -> 0.083215423 | AF7: =W7 -> 0.083661782 | AG7: =X7 -> 0.081402908 | AH7: =Y7 -> 0.084394619 | AI7: =Z7 -> 0.088419257 | AJ7: =AA7 -> 0.092485549 | AK7: =AB7*1.15 -> 0.081425884 | AL7: =AC7*1.15 -> 0.095697736 | AO7: =W7 -> 0.083661782 | AP7: =X7 -> 0.081402908 | AQ7: =Y7 -> 0.084394619 | AR7: =Z7 -> 0.088419257 | AS7: =AA7 -> 0.092485549 | AT7: =AB7*0.85 -> 0.060184349 | AU7: =AC7*0.85 -> 0.070733109 | BA7: Natural gas | BB7: 487 | BC7: 496.7 | BD7: 475.8 | BE7: 470.5 | BF7: 466.5 | BG7: 496 | BH7: 470.5 | BI7: 470.5
B8: Petroleum | C8: =BB8/1000 -> 0.0845 | D8: =BC8/1000 -> 0.0773 | E8: =BD8/1000 -> 0.0745 | F8: =BE8/1000 -> 0.0736 | G8: =BF8/1000 -> 0.0761 | H8: =BG8/1000 -> 0.0789 | I8: =BH8/1000 -> 0.0736 | J8: =BI8/1000 -> 0.0736 | M8: 5.937 | N8: 5.845 | O8: 5.575 | P8: 5.276 | Q8: 5.363 | R8: 6.645 | S8: 5.654 | V8: Petroleum | W8: =D8/M8 -> 0.013020044 | X8: =E8/N8 -> 0.012745937 | Y8: =F8/O8 -> 0.013201794 | Z8: =G8/P8 -> 0.014423806 | AA8: =H8/Q8 -> 0.014711915 | AB8: =I8/R8 -> 0.011075997 | AC8: =J8/S8 -> 0.013017333 | AF8: =W8 -> 0.013020044 | AG8: =X8 -> 0.012745937 | AH8: =Y8 -> 0.013201794 | AI8: =Z8 -> 0.014423806 | AJ8: =AA8 -> 0.014711915 | AK8: =AB8*1.15 -> 0.012737397 | AL8: =AC8*1.15 -> 0.014969933 | AO8: =W8 -> 0.013020044 | AP8: =X8 -> 0.012745937 | AQ8: =Y8 -> 0.013201794 | AR8: =Z8 -> 0.014423806 | AS8: =AA8 -> 0.014711915 | AT8: =AB8*0.85 -> 0.0094145974 | AU8: =AC8*0.85 -> 0.011064733 | BA8: Petroleum | BB8: 84.5 | BC8: 77.3 | BD8: 74.5 | BE8: 73.6 | BF8: 76.1 | BG8: 78.9 | BH8: 73.6 | BI8: 73.6
A9: Korea | B9: Total Energy | C9: =BB9/1000 -> 0.855 | D9: =BC9/1000 -> 0.8241 | E9: =BD9/1000 -> 0.7857 | F9: =BE9/1000 -> 0.775 | G9: =BF9/1000 -> 0.7702 | H9: =BG9/1000 -> 0.8116 | I9: =BH9/1000 -> 0.775 | J9: =BI9/1000 -> 0.775 | M9: 5.937 | N9: 5.845 | O9: 5.575 | P9: 5.276 | Q9: 5.363 | R9: 6.645 | S9: 5.654 | U9: Korea | V9: Total Energy | W9: =D9/M9 -> 0.13880748 | X9: =E9/N9 -> 0.13442258 | Y9: =F9/O9 -> 0.13901345 | Z9: =G9/P9 -> 0.1459818 | AA9: =H9/Q9 -> 0.15133321 | AB9: =I9/R9 -> 0.11662904 | AC9: =J9/S9 -> 0.1370711 | AF9: =W9 -> 0.13880748 | AG9: =X9 -> 0.13442258 | AH9: =Y9 -> 0.13901345 | AI9: =Z9 -> 0.1459818 | AJ9: =AA9 -> 0.15133321 | AK9: =AB9*1.15 -> 0.1341234 | AL9: =AC9*1.15 -> 0.15763177 | AO9: =W9 -> 0.13880748 | AP9: =X9 -> 0.13442258 | AQ9: =Y9 -> 0.13901345 | AR9: =Z9 -> 0.1459818 | AS9: =AA9 -> 0.15133321 | AT9: =AB9*0.85 -> 0.099134688 | AU9: =AC9*0.85 -> 0.11651044 | AZ9: Korea | BA9: Total Energy | BB9: 855 | BC9: 824.1 | BD9: 785.7 | BE9: 775 | BF9: 770.2 | BG9: 811.6 | BH9: 775 | BI9: 775
B10: Fossil fuels | C10: =BB10/1000 -> 0.7888 | D10: =BC10/1000 -> 0.7626 | E10: =BD10/1000 -> 0.7275 | F10: =BE10/1000 -> 0.7179 | G10: =BF10/1000 -> 0.7107 | H10: =BG10/1000 -> 0.7503 | I10: =BH10/1000 -> 0.7179 | J10: =BI10/1000 -> 0.7179 | M10: 5.937 | N10: 5.845 | O10: 5.575 | P10: 5.276 | Q10: 5.363 | R10: 6.645 | S10: 5.654 | V10: Fossil fuels | W10: =D10/M10 -> 0.12844871 | X10: =E10/N10 -> 0.12446536 | Y10: =F10/O10 -> 0.1287713 | Z10: =G10/P10 -> 0.13470432 | AA10: =H10/Q10 -> 0.13990304 | AB10: =I10/R10 -> 0.10803612 | AC10: =J10/S10 -> 0.12697206 | AF10: =W10 -> 0.12844871 | AG10: =X10 -> 0.12446536 | AH10: =Y10 -> 0.1287713 | AI10: =Z10 -> 0.13470432 | AJ10: =AA10 -> 0.13990304 | AK10: =AB10*1.15 -> 0.12424153 | AL10: =AC10*1.15 -> 0.14601786 | AO10: =W10 -> 0.12844871 | AP10: =X10 -> 0.12446536 | AQ10: =Y10 -> 0.1287713 | AR10: =Z10 -> 0.13470432 | AS10: =AA10 -> 0.13990304 | AT10: =AB10*0.85 -> 0.0918307 | AU10: =AC10*0.85 -> 0.10792625 | BA10: Fossil fuels | BB10: 788.8 | BC10: 762.6 | BD10: 727.5 | BE10: 717.9 | BF10: 710.7 | BG10: 750.3 | BH10: 717.9 | BI10: 717.9
B11: Coal | C11: =BB11/1000 -> 0.2381 | D11: =BC11/1000 -> 0.2075 | E11: =BD11/1000 -> 0.1951 | F11: =BE11/1000 -> 0.1916 | G11: =BF11/1000 -> 0.186 | H11: =BG11/1000 -> 0.1938 | I11: =BH11/1000 -> 0.1916 | J11: =BI11/1000 -> 0.1916 | M11: 5.937 | N11: 5.845 | O11: 5.575 | P11: 5.276 | Q11: 5.363 | R11: 6.645 | S11: 5.654 | V11: Coal | W11: =D11/M11 -> 0.034950312 | X11: =E11/N11 -> 0.033378956 | Y11: =F11/O11 -> 0.034367713 | Z11: =G11/P11 -> 0.03525398 | AA11: =H11/Q11 -> 0.036136491 | AB11: =I11/R11 -> 0.02883371 | AC11: =J11/S11 -> 0.033887513 | AF11: =W11 -> 0.034950312 | AG11: =X11 -> 0.033378956 | AH11: =Y11 -> 0.034367713 | AI11: =Z11 -> 0.03525398 | AJ11: =AA11 -> 0.036136491 | AK11: =AB11*1.15 -> 0.033158766 | AL11: =AC11*1.15 -> 0.03897064 | AO11: =W11 -> 0.034950312 | AP11: =X11 -> 0.033378956 | AQ11: =Y11 -> 0.034367713 | AR11: =Z11 -> 0.03525398 | AS11: =AA11 -> 0.036136491 | AT11: =AB11*0.85 -> 0.024508653 | AU11: =AC11*0.85 -> 0.028804386 | BA11: Coal | BB11: 238.1 | BC11: 207.5 | BD11: 195.1 | BE11: 191.6 | BF11: 186 | BG11: 193.8 | BH11: 191.6 | BI11: 191.6
B12: Natural gas | C12: =BB12/1000 -> 0.4629 | D12: =BC12/1000 -> 0.4749 | E12: =BD12/1000 -> 0.4551 | F12: =BE12/1000 -> 0.45 | G12: =BF12/1000 -> 0.4459 | H12: =BG12/1000 -> 0.4747 | I12: =BH12/1000 -> 0.45 | J12: =BI12/1000 -> 0.45 | M12: 5.937 | N12: 5.845 | O12: 5.575 | P12: 5.276 | Q12: 5.363 | R12: 6.645 | S12: 5.654 | V12: Natural gas | W12: =D12/M12 -> 0.079989894 | X12: =E12/N12 -> 0.07786142 | Y12: =F12/O12 -> 0.080717489 | Z12: =G12/P12 -> 0.084514784 | AA12: =H12/Q12 -> 0.088513891 | AB12: =I12/R12 -> 0.06772009 | AC12: =J12/S12 -> 0.079589671 | AF12: =W12 -> 0.079989894 | AG12: =X12 -> 0.07786142 | AH12: =Y12 -> 0.080717489 | AI12: =Z12 -> 0.084514784 | AJ12: =AA12 -> 0.088513891 | AK12: =AB12*1.15 -> 0.077878104 | AL12: =AC12*1.15 -> 0.091528122 | AO12: =W12 -> 0.079989894 | AP12: =X12 -> 0.07786142 | AQ12: =Y12 -> 0.080717489 | AR12: =Z12 -> 0.084514784 | AS12: =AA12 -> 0.088513891 | AT12: =AB12*0.85 -> 0.057562077 | AU12: =AC12*0.85 -> 0.06765122 | BA12: Natural gas | BB12: 462.9 | BC12: 474.9 | BD12: 455.1 | BE12: 450 | BF12: 445.9 | BG12: 474.7 | BH12: 450 | BI12: 450
B13: Petroleum | C13: =BB13/1000 -> 0.0877 | D13: =BC13/1000 -> 0.0802 | E13: =BD13/1000 -> 0.0772 | F13: =BE13/1000 -> 0.0763 | G13: =BF13/1000 -> 0.0789 | H13: =BG13/1000 -> 0.0817 | I13: =BH13/1000 -> 0.0763 | J13: =BI13/1000 -> 0.0763 | M13: 5.937 | N13: 5.845 | O13: 5.575 | P13: 5.276 | Q13: 5.363 | R13: 6.645 | S13: 5.654 | V13: Petroleum | W13: =D13/M13 -> 0.013508506 | X13: =E13/N13 -> 0.01320787 | Y13: =F13/O13 -> 0.013686099 | Z13: =G13/P13 -> 0.014954511 | AA13: =H13/Q13 -> 0.015234011 | AB13: =I13/R13 -> 0.011482318 | AC13: =J13/S13 -> 0.013494871 | AF13: =W13 -> 0.013508506 | AG13: =X13 -> 0.01320787 | AH13: =Y13 -> 0.013686099 | AI13: =Z13 -> 0.014954511 | AJ13: =AA13 -> 0.015234011 | AK13: =AB13*1.15 -> 0.013204665 | AL13: =AC13*1.15 -> 0.015519102 | AO13: =W13 -> 0.013508506 | AP13: =X13 -> 0.01320787 | AQ13: =Y13 -> 0.013686099 | AR13: =Z13 -> 0.014954511 | AS13: =AA13 -> 0.015234011 | AT13: =AB13*0.85 -> 0.0097599699 | AU13: =AC13*0.85 -> 0.01147064 | BA13: Petroleum | BB13: 87.7 | BC13: 80.2 | BD13: 77.2 | BE13: 76.3 | BF13: 78.9 | BG13: 81.7 | BH13: 76.3 | BI13: 76.3
A14: China | B14: Total Energy | C14: =BB14/1000 -> 0.8705 | D14: =BC14/1000 -> 0.8381 | E14: =BD14/1000 -> 0.799 | F14: =BE14/1000 -> 0.7882 | G14: =BF14/1000 -> 0.7835 | H14: =BG14/1000 -> 0.8253 | I14: =BH14/1000 -> 0.7882 | J14: =BI14/1000 -> 0.7882 | M14: 5.937 | N14: 5.845 | O14: 5.575 | P14: 5.276 | Q14: 5.363 | R14: 6.645 | S14: 5.654 | U14: China | V14: Total Energy | W14: =D14/M14 -> 0.14116557 | X14: =E14/N14 -> 0.13669803 | Y14: =F14/O14 -> 0.14138117 | Z14: =G14/P14 -> 0.14850265 | AA14: =H14/Q14 -> 0.15388775 | AB14: =I14/R14 -> 0.1186155 | AC14: =J14/S14 -> 0.13940573 | AF14: =W14 -> 0.14116557 | AG14: =X14 -> 0.13669803 | AH14: =Y14 -> 0.14138117 | AI14: =Z14 -> 0.14850265 | AJ14: =AA14 -> 0.15388775 | AK14: =AB14*1.15 -> 0.13640783 | AL14: =AC14*1.15 -> 0.16031659 | AO14: =W14 -> 0.14116557 | AP14: =X14 -> 0.13669803 | AQ14: =Y14 -> 0.14138117 | AR14: =Z14 -> 0.14850265 | AS14: =AA14 -> 0.15388775 | AT14: =AB14*0.85 -> 0.10082318 | AU14: =AC14*0.85 -> 0.11849487 | AZ14: China | BA14: Total Energy | BB14: 870.5 | BC14: 838.1 | BD14: 799 | BE14: 788.2 | BF14: 783.5 | BG14: 825.3 | BH14: 788.2 | BI14: 788.2
B15: Fossil fuels | C15: =BB15/1000 -> 0.8012 | D15: =BC15/1000 -> 0.7738 | E15: =BD15/1000 -> 0.7382 | F15: =BE15/1000 -> 0.7285 | G15: =BF15/1000 -> 0.7214 | H15: =BG15/1000 -> 0.7613 | I15: =BH15/1000 -> 0.7285 | J15: =BI15/1000 -> 0.7285 | M15: 5.937 | N15: 5.845 | O15: 5.575 | P15: 5.276 | Q15: 5.363 | R15: 6.645 | S15: 5.654 | V15: Fossil fuels | W15: =D15/M15 -> 0.13033519 | X15: =E15/N15 -> 0.12629598 | Y15: =F15/O15 -> 0.13067265 | Z15: =G15/P15 -> 0.13673237 | AA15: =H15/Q15 -> 0.14195413 | AB15: =I15/R15 -> 0.1096313 | AC15: =J15/S15 -> 0.12884683 | AF15: =W15 -> 0.13033519 | AG15: =X15 -> 0.12629598 | AH15: =Y15 -> 0.13067265 | AI15: =Z15 -> 0.13673237 | AJ15: =AA15 -> 0.14195413 | AK15: =AB15*1.15 -> 0.126076 | AL15: =AC15*1.15 -> 0.14817386 | AO15: =W15 -> 0.13033519 | AP15: =X15 -> 0.12629598 | AQ15: =Y15 -> 0.13067265 | AR15: =Z15 -> 0.13673237 | AS15: =AA15 -> 0.14195413 | AT15: =AB15*0.85 -> 0.093186606 | AU15: =AC15*0.85 -> 0.10951981 | BA15: Fossil fuels | BB15: 801.2 | BC15: 773.8 | BD15: 738.2 | BE15: 728.5 | BF15: 721.4 | BG15: 761.3 | BH15: 728.5 | BI15: 728.5
B16: Coal | C16: =BB16/1000 -> 0.3021 | D16: =BC16/1000 -> 0.2654 | E16: =BD16/1000 -> 0.2502 | F16: =BE16/1000 -> 0.246 | G16: =BF16/1000 -> 0.2408 | H16: =BG16/1000 -> 0.2506 | I16: =BH16/1000 -> 0.246 | J16: =BI16/1000 -> 0.246 | M16: 5.937 | N16: 5.845 | O16: 5.575 | P16: 5.276 | Q16: 5.363 | R16: 6.645 | S16: 5.654 | V16: Coal | W16: =D16/M16 -> 0.044702712 | X16: =E16/N16 -> 0.042805817 | Y16: =F16/O16 -> 0.044125561 | Z16: =G16/P16 -> 0.045640637 | AA16: =H16/Q16 -> 0.046727578 | AB16: =I16/R16 -> 0.037020316 | AC16: =J16/S16 -> 0.04350902 | AF16: =W16 -> 0.044702712 | AG16: =X16 -> 0.042805817 | AH16: =Y16 -> 0.044125561 | AI16: =Z16 -> 0.045640637 | AJ16: =AA16 -> 0.046727578 | AK16: =AB16*1.15 -> 0.042573363 | AL16: =AC16*1.15 -> 0.050035373 | AO16: =W16 -> 0.044702712 | AP16: =X16 -> 0.042805817 | AQ16: =Y16 -> 0.044125561 | AR16: =Z16 -> 0.045640637 | AS16: =AA16 -> 0.046727578 | AT16: =AB16*0.85 -> 0.031467269 | AU16: =AC16*0.85 -> 0.036982667 | BA16: Coal | BB16: 302.1 | BC16: 265.4 | BD16: 250.2 | BE16: 246 | BF16: 240.8 | BG16: 250.6 | BH16: 246 | BI16: 246
B17: Natural gas | C17: =BB17/1000 -> 0.4137 | D17: =BC17/1000 -> 0.4304 | E17: =BD17/1000 -> 0.4127 | F17: =BE17/1000 -> 0.4081 | G17: =BF17/1000 -> 0.4037 | H17: =BG17/1000 -> 0.4311 | I17: =BH17/1000 -> 0.4081 | J17: =BI17/1000 -> 0.4081 | M17: 5.937 | N17: 5.845 | O17: 5.575 | P17: 5.276 | Q17: 5.363 | R17: 6.645 | S17: 5.654 | V17: Natural gas | W17: =D17/M17 -> 0.072494526 | X17: =E17/N17 -> 0.070607357 | Y17: =F17/O17 -> 0.073201794 | Z17: =G17/P17 -> 0.0765163 | AA17: =H17/Q17 -> 0.080384113 | AB17: =I17/R17 -> 0.061414597 | AC17: =J17/S17 -> 0.072178988 | AF17: =W17 -> 0.072494526 | AG17: =X17 -> 0.070607357 | AH17: =Y17 -> 0.073201794 | AI17: =Z17 -> 0.0765163 | AJ17: =AA17 -> 0.080384113 | AK17: =AB17*1.15 -> 0.070626787 | AL17: =AC17*1.15 -> 0.083005837 | AO17: =W17 -> 0.072494526 | AP17: =X17 -> 0.070607357 | AQ17: =Y17 -> 0.073201794 | AR17: =Z17 -> 0.0765163 | AS17: =AA17 -> 0.080384113 | AT17: =AB17*0.85 -> 0.052202408 | AU17: =AC17*0.85 -> 0.06135214 | BA17: Natural gas | BB17: 413.7 | BC17: 430.4 | BD17: 412.7 | BE17: 408.1 | BF17: 403.7 | BG17: 431.1 | BH17: 408.1 | BI17: 408.1
B18: Petroleum | C18: =BB18/1000 -> 0.0853 | D18: =BC18/1000 -> 0.0781 | E18: =BD18/1000 -> 0.0752 | F18: =BE18/1000 -> 0.0743 | G18: =BF18/1000 -> 0.0768 | H18: =BG18/1000 -> 0.0797 | I18: =BH18/1000 -> 0.0743 | J18: =BI18/1000 -> 0.0743 | M18: 5.937 | N18: 5.845 | O18: 5.575 | P18: 5.276 | Q18: 5.363 | R18: 6.645 | S18: 5.654 | V18: Petroleum | W18: =D18/M18 -> 0.013154792 | X18: =E18/N18 -> 0.012865697 | Y18: =F18/O18 -> 0.013327354 | Z18: =G18/P18 -> 0.014556482 | AA18: =H18/Q18 -> 0.014861085 | AB18: =I18/R18 -> 0.011181339 | AC18: =J18/S18 -> 0.013141139 | AF18: =W18 -> 0.013154792 | AG18: =X18 -> 0.012865697 | AH18: =Y18 -> 0.013327354 | AI18: =Z18 -> 0.014556482 | AJ18: =AA18 -> 0.014861085 | AK18: =AB18*1.15 -> 0.01285854 | AL18: =AC18*1.15 -> 0.01511231 | AO18: =W18 -> 0.013154792 | AP18: =X18 -> 0.012865697 | AQ18: =Y18 -> 0.013327354 | AR18: =Z18 -> 0.014556482 | AS18: =AA18 -> 0.014861085 | AT18: =AB18*0.85 -> 0.0095041384 | AU18: =AC18*0.85 -> 0.011169968 | BA18: Petroleum | BB18: 85.3 | BC18: 78.1 | BD18: 75.2 | BE18: 74.3 | BF18: 76.8 | BG18: 79.7 | BH18: 74.3 | BI18: 74.3
A21: Hydrometallurgical | AZ21: Hydrometallurgical
A22: Location | B22: Energy use (MJ/kWh battery produced) | C22: Chemistry | AZ22: Location | BA22: Energy use (MJ/kWh battery produced) | BB22: Chemistry
C23: LCO | D23: NMC111 | E23: NMC532 | F23: NMC622 | G23: NMC811 | H23: NCA | I23: LMO | J23: LFP | M23: NMC111 | N23: NMC532 | O23: NMC622 | P23: NMC811 | Q23: NCA | R23: LMO | S23: LFP | V23: PJ/ktonne | W23: NMC111 | X23: NMC532 | Y23: NMC622 | Z23: NMC811 | AA23: NCA | AB23: LMO | AC23: LFP | AF23: NMC111 | AG23: NMC532 | AH23: NMC622 | AI23: NMC811 | AJ23: NCA | AK23: LMO | AL23: LFP | AO23: NMC111 | AP23: NMC532 | AQ23: NMC622 | AR23: NMC811 | AS23: NCA | AT23: LMO | AU23: LFP | BB23: LCO | BC23: NMC111 | BD23: NMC532 | BE23: NMC622 | BF23: NMC811 | BG23: NCA | BH23: LMO | BI23: LFP
A24: US | B24: Total Energy | C24: =BB24/1000 -> 0.8898 | D24: =BC24/1000 -> 0.8432 | E24: =BD24/1000 -> 0.8038 | F24: =BE24/1000 -> 0.7946 | G24: =BF24/1000 -> 0.7665 | H24: =BG24/1000 -> 0.8066 | I24: =BH24/1000 -> 0.7946 | J24: =BI24/1000 -> 0.7946 | M24: 5.937 | N24: 5.845 | O24: 5.575 | P24: 5.276 | Q24: 5.363 | R24: 6.645 | S24: 5.654 | U24: US | V24: Total Energy | W24: =D24/M24 -> 0.14202459 | X24: =E24/N24 -> 0.13751925 | Y24: =F24/O24 -> 0.14252915 | Z24: =G24/P24 -> 0.14528052 | AA24: =H24/Q24 -> 0.1504009 | AB24: =I24/R24 -> 0.11957863 | AC24: =J24/S24 -> 0.14053767 | AF24: =W24 -> 0.14202459 | AG24: =X24 -> 0.13751925 | AH24: =Y24 -> 0.14252915 | AI24: =Z24 -> 0.14528052 | AJ24: =AA24 -> 0.1504009 | AK24: =AB24*1.15 -> 0.13751543 | AL24: =AC24*1.15 -> 0.16161832 | AO24: =W24 -> 0.14202459 | AP24: =X24 -> 0.13751925 | AQ24: =Y24 -> 0.14252915 | AR24: =Z24 -> 0.14528052 | AS24: =AA24 -> 0.1504009 | AT24: =AB24*0.85 -> 0.10164184 | AU24: =AC24*0.85 -> 0.11945702 | AZ24: US | BA24: Total Energy | BB24: 889.8 | BC24: 843.2 | BD24: 803.8 | BE24: 794.6 | BF24: 766.5 | BG24: 806.6 | BH24: 794.6 | BI24: 794.6
B25: Fossil fuels | C25: =BB25/1000 -> 0.8124 | D25: =BC25/1000 -> 0.7746 | E25: =BD25/1000 -> 0.739 | F25: =BE25/1000 -> 0.7307 | G25: =BF25/1000 -> 0.7045 | H25: =BG25/1000 -> 0.7424 | I25: =BH25/1000 -> 0.7307 | J25: =BI25/1000 -> 0.7307 | M25: 5.937 | N25: 5.845 | O25: 5.575 | P25: 5.276 | Q25: 5.363 | R25: 6.645 | S25: 5.654 | V25: Fossil fuels | W25: =D25/M25 -> 0.13046993 | X25: =E25/N25 -> 0.12643285 | Y25: =F25/O25 -> 0.13106726 | Z25: =G25/P25 -> 0.13352919 | AA25: =H25/Q25 -> 0.13842998 | AB25: =I25/R25 -> 0.10996238 | AC25: =J25/S25 -> 0.12923594 | AF25: =W25 -> 0.13046993 | AG25: =X25 -> 0.12643285 | AH25: =Y25 -> 0.13106726 | AI25: =Z25 -> 0.13352919 | AJ25: =AA25 -> 0.13842998 | AK25: =AB25*1.15 -> 0.12645673 | AL25: =AC25*1.15 -> 0.14862133 | AO25: =W25 -> 0.13046993 | AP25: =X25 -> 0.12643285 | AQ25: =Y25 -> 0.13106726 | AR25: =Z25 -> 0.13352919 | AS25: =AA25 -> 0.13842998 | AT25: =AB25*0.85 -> 0.093468021 | AU25: =AC25*0.85 -> 0.10985055 | BA25: Fossil fuels | BB25: 812.4 | BC25: 774.6 | BD25: 739 | BE25: 730.7 | BF25: 704.5 | BG25: 742.4 | BH25: 730.7 | BI25: 730.7
B26: Coal | C26: =BB26/1000 -> 0.1699 | D26: =BC26/1000 -> 0.1497 | E26: =BD26/1000 -> 0.1418 | F26: =BE26/1000 -> 0.1399 | G26: =BF26/1000 -> 0.1359 | H26: =BG26/1000 -> 0.1408 | I26: =BH26/1000 -> 0.1399 | J26: =BI26/1000 -> 0.1399 | M26: 5.937 | N26: 5.845 | O26: 5.575 | P26: 5.276 | Q26: 5.363 | R26: 6.645 | S26: 5.654 | V26: Coal | W26: =D26/M26 -> 0.025214755 | X26: =E26/N26 -> 0.024260051 | Y26: =F26/O26 -> 0.02509417 | Z26: =G26/P26 -> 0.02575815 | AA26: =H26/Q26 -> 0.026253962 | AB26: =I26/R26 -> 0.021053424 | AC26: =J26/S26 -> 0.024743544 | AF26: =W26 -> 0.025214755 | AG26: =X26 -> 0.024260051 | AH26: =Y26 -> 0.02509417 | AI26: =Z26 -> 0.02575815 | AJ26: =AA26 -> 0.026253962 | AK26: =AB26*1.15 -> 0.024211437 | AL26: =AC26*1.15 -> 0.028455076 | AO26: =W26 -> 0.025214755 | AP26: =X26 -> 0.024260051 | AQ26: =Y26 -> 0.02509417 | AR26: =Z26 -> 0.02575815 | AS26: =AA26 -> 0.026253962 | AT26: =AB26*0.85 -> 0.01789541 | AU26: =AC26*0.85 -> 0.021032013 | BA26: Coal | BB26: 169.9 | BC26: 149.7 | BD26: 141.8 | BE26: 139.9 | BF26: 135.9 | BG26: 140.8 | BH26: 139.9 | BI26: 139.9
B27: Natural gas | C27: =BB27/1000 -> 0.5978 | D27: =BC27/1000 -> 0.5807 | E27: =BD27/1000 -> 0.554 | F27: =BE27/1000 -> 0.5478 | G27: =BF27/1000 -> 0.526 | H27: =BG27/1000 -> 0.5575 | I27: =BH27/1000 -> 0.5478 | J27: =BI27/1000 -> 0.5478 | M27: 5.937 | N27: 5.845 | O27: 5.575 | P27: 5.276 | Q27: 5.363 | R27: 6.645 | S27: 5.654 | V27: Natural gas | W27: =D27/M27 -> 0.097810342 | X27: =E27/N27 -> 0.094781865 | Y27: =F27/O27 -> 0.09826009 | Z27: =G27/P27 -> 0.09969674 | AA27: =H27/Q27 -> 0.10395301 | AB27: =I27/R27 -> 0.082437923 | AC27: =J27/S27 -> 0.09688716 | AF27: =W27 -> 0.097810342 | AG27: =X27 -> 0.094781865 | AH27: =Y27 -> 0.09826009 | AI27: =Z27 -> 0.09969674 | AJ27: =AA27 -> 0.10395301 | AK27: =AB27*1.15 -> 0.094803612 | AL27: =AC27*1.15 -> 0.11142023 | AO27: =W27 -> 0.097810342 | AP27: =X27 -> 0.094781865 | AQ27: =Y27 -> 0.09826009 | AR27: =Z27 -> 0.09969674 | AS27: =AA27 -> 0.10395301 | AT27: =AB27*0.85 -> 0.070072235 | AU27: =AC27*0.85 -> 0.082354086 | BA27: Natural gas | BB27: 597.8 | BC27: 580.7 | BD27: 554 | BE27: 547.8 | BF27: 526 | BG27: 557.5 | BH27: 547.8 | BI27: 547.8
B28: Petroleum | C28: =BB28/1000 -> 0.085 | D28: =BC28/1000 -> 0.0786 | E28: =BD28/1000 -> 0.0763 | F28: =BE28/1000 -> 0.0759 | G28: =BF28/1000 -> 0.0737 | H28: =BG28/1000 -> 0.076 | I28: =BH28/1000 -> 0.0759 | J28: =BI28/1000 -> 0.0759 | M28: 5.937 | N28: 5.845 | O28: 5.575 | P28: 5.276 | Q28: 5.363 | R28: 6.645 | S28: 5.654 | V28: Petroleum | W28: =D28/M28 -> 0.01323901 | X28: =E28/N28 -> 0.013053892 | Y28: =F28/O28 -> 0.01361435 | Z28: =G28/P28 -> 0.013968916 | AA28: =H28/Q28 -> 0.014171173 | AB28: =I28/R28 -> 0.011422122 | AC28: =J28/S28 -> 0.013424125 | AF28: =W28 -> 0.01323901 | AG28: =X28 -> 0.013053892 | AH28: =Y28 -> 0.01361435 | AI28: =Z28 -> 0.013968916 | AJ28: =AA28 -> 0.014171173 | AK28: =AB28*1.15 -> 0.01313544 | AL28: =AC28*1.15 -> 0.015437743 | AO28: =W28 -> 0.01323901 | AP28: =X28 -> 0.013053892 | AQ28: =Y28 -> 0.01361435 | AR28: =Z28 -> 0.013968916 | AS28: =AA28 -> 0.014171173 | AT28: =AB28*0.85 -> 0.0097088036 | AU28: =AC28*0.85 -> 0.011410506 | BA28: Petroleum | BB28: 85 | BC28: 78.6 | BD28: 76.3 | BE28: 75.9 | BF28: 73.7 | BG28: 76 | BH28: 75.9 | BI28: 75.9
A29: Korea | B29: Total Energy | C29: =BB29/1000 -> 0.9068 | D29: =BC29/1000 -> 0.8586 | E29: =BD29/1000 -> 0.8184 | F29: =BE29/1000 -> 0.8091 | G29: =BF29/1000 -> 0.7811 | H29: =BG29/1000 -> 0.8217 | I29: =BH29/1000 -> 0.8091 | J29: =BI29/1000 -> 0.8091 | M29: 5.937 | N29: 5.845 | O29: 5.575 | P29: 5.276 | Q29: 5.363 | R29: 6.645 | S29: 5.654 | U29: Korea | V29: Total Energy | W29: =D29/M29 -> 0.14461849 | X29: =E29/N29 -> 0.14001711 | Y29: =F29/O29 -> 0.14513004 | Z29: =G29/P29 -> 0.14804776 | AA29: =H29/Q29 -> 0.15321648 | AB29: =I29/R29 -> 0.12176072 | AC29: =J29/S29 -> 0.14310223 | AF29: =W29 -> 0.14461849 | AG29: =X29 -> 0.14001711 | AH29: =Y29 -> 0.14513004 | AI29: =Z29 -> 0.14804776 | AJ29: =AA29 -> 0.15321648 | AK29: =AB29*1.15 -> 0.14002483 | AL29: =AC29*1.15 -> 0.16456756 | AO29: =W29 -> 0.14461849 | AP29: =X29 -> 0.14001711 | AQ29: =Y29 -> 0.14513004 | AR29: =Z29 -> 0.14804776 | AS29: =AA29 -> 0.15321648 | AT29: =AB29*0.85 -> 0.10349661 | AU29: =AC29*0.85 -> 0.12163689 | AZ29: Korea | BA29: Total Energy | BB29: 906.8 | BC29: 858.6 | BD29: 818.4 | BE29: 809.1 | BF29: 781.1 | BG29: 821.7 | BH29: 809.1 | BI29: 809.1
B30: Fossil fuels | C30: =BB30/1000 -> 0.8303 | D30: =BC30/1000 -> 0.7909 | E30: =BD30/1000 -> 0.7545 | F30: =BE30/1000 -> 0.746 | G30: =BF30/1000 -> 0.7199 | H30: =BG30/1000 -> 0.7584 | I30: =BH30/1000 -> 0.746 | J30: =BI30/1000 -> 0.746 | M30: 5.937 | N30: 5.845 | O30: 5.575 | P30: 5.276 | Q30: 5.363 | R30: 6.645 | S30: 5.654 | V30: Fossil fuels | W30: =D30/M30 -> 0.13321543 | X30: =E30/N30 -> 0.12908469 | Y30: =F30/O30 -> 0.13381166 | Z30: =G30/P30 -> 0.13644807 | AA30: =H30/Q30 -> 0.14141339 | AB30: =I30/R30 -> 0.11226486 | AC30: =J30/S30 -> 0.13194199 | AF30: =W30 -> 0.13321543 | AG30: =X30 -> 0.12908469 | AH30: =Y30 -> 0.13381166 | AI30: =Z30 -> 0.13644807 | AJ30: =AA30 -> 0.14141339 | AK30: =AB30*1.15 -> 0.12910459 | AL30: =AC30*1.15 -> 0.15173329 | AO30: =W30 -> 0.13321543 | AP30: =X30 -> 0.12908469 | AQ30: =Y30 -> 0.13381166 | AR30: =Z30 -> 0.13644807 | AS30: =AA30 -> 0.14141339 | AT30: =AB30*0.85 -> 0.095425132 | AU30: =AC30*0.85 -> 0.11215069 | BA30: Fossil fuels | BB30: 830.3 | BC30: 790.9 | BD30: 754.5 | BE30: 746 | BF30: 719.9 | BG30: 758.4 | BH30: 746 | BI30: 746
B31: Coal | C31: =BB31/1000 -> 0.2079 | D31: =BC31/1000 -> 0.1842 | E31: =BD31/1000 -> 0.1746 | F31: =BE31/1000 -> 0.1724 | G31: =BF31/1000 -> 0.1687 | H31: =BG31/1000 -> 0.1747 | I31: =BH31/1000 -> 0.1724 | J31: =BI31/1000 -> 0.1724 | M31: 5.937 | N31: 5.845 | O31: 5.575 | P31: 5.276 | Q31: 5.363 | R31: 6.645 | S31: 5.654 | V31: Coal | W31: =D31/M31 -> 0.031025771 | X31: =E31/N31 -> 0.029871685 | Y31: =F31/O31 -> 0.030923767 | Z31: =G31/P31 -> 0.031974981 | AA31: =H31/Q31 -> 0.032575051 | AB31: =I31/R31 -> 0.025944319 | AC31: =J31/S31 -> 0.030491687 | AF31: =W31 -> 0.031025771 | AG31: =X31 -> 0.029871685 | AH31: =Y31 -> 0.030923767 | AI31: =Z31 -> 0.031974981 | AJ31: =AA31 -> 0.032575051 | AK31: =AB31*1.15 -> 0.029835967 | AL31: =AC31*1.15 -> 0.03506544 | AO31: =W31 -> 0.031025771 | AP31: =X31 -> 0.029871685 | AQ31: =Y31 -> 0.030923767 | AR31: =Z31 -> 0.031974981 | AS31: =AA31 -> 0.032575051 | AT31: =AB31*0.85 -> 0.022052671 | AU31: =AC31*0.85 -> 0.025917934 | BA31: Coal | BB31: 207.9 | BC31: 184.2 | BD31: 174.6 | BE31: 172.4 | BF31: 168.7 | BG31: 174.7 | BH31: 172.4 | BI31: 172.4
B32: Natural gas | C32: =BB32/1000 -> 0.5747 | D32: =BC32/1000 -> 0.5597 | E32: =BD32/1000 -> 0.534 | F32: =BE32/1000 -> 0.528 | G32: =BF32/1000 -> 0.5061 | H32: =BG32/1000 -> 0.5369 | I32: =BH32/1000 -> 0.528 | J32: =BI32/1000 -> 0.528 | M32: 5.937 | N32: 5.845 | O32: 5.575 | P32: 5.276 | Q32: 5.363 | R32: 6.645 | S32: 5.654 | V32: Natural gas | W32: =D32/M32 -> 0.094273202 | X32: =E32/N32 -> 0.091360137 | Y32: =F32/O32 -> 0.09470852 | Z32: =G32/P32 -> 0.095924943 | AA32: =H32/Q32 -> 0.10011188 | AB32: =I32/R32 -> 0.079458239 | AC32: =J32/S32 -> 0.093385214 | AF32: =W32 -> 0.094273202 | AG32: =X32 -> 0.091360137 | AH32: =Y32 -> 0.09470852 | AI32: =Z32 -> 0.095924943 | AJ32: =AA32 -> 0.10011188 | AK32: =AB32*1.15 -> 0.091376975 | AL32: =AC32*1.15 -> 0.107393 | AO32: =W32 -> 0.094273202 | AP32: =X32 -> 0.091360137 | AQ32: =Y32 -> 0.09470852 | AR32: =Z32 -> 0.095924943 | AS32: =AA32 -> 0.10011188 | AT32: =AB32*0.85 -> 0.067539503 | AU32: =AC32*0.85 -> 0.079377432 | BA32: Natural gas | BB32: 574.7 | BC32: 559.7 | BD32: 534 | BE32: 528 | BF32: 506.1 | BG32: 536.9 | BH32: 528 | BI32: 528
B33: Petroleum | C33: =BB33/1000 -> 0.088 | D33: =BC33/1000 -> 0.0814 | E33: =BD33/1000 -> 0.079 | F33: =BE33/1000 -> 0.0785 | G33: =BF33/1000 -> 0.0764 | H33: =BG33/1000 -> 0.0787 | I33: =BH33/1000 -> 0.0785 | J33: =BI33/1000 -> 0.0785 | M33: 5.937 | N33: 5.845 | O33: 5.575 | P33: 5.276 | Q33: 5.363 | R33: 6.645 | S33: 5.654 | V33: Petroleum | W33: =D33/M33 -> 0.013710628 | X33: =E33/N33 -> 0.013515825 | Y33: =F33/O33 -> 0.014080717 | Z33: =G33/P33 -> 0.014480667 | AA33: =H33/Q33 -> 0.014674622 | AB33: =I33/R33 -> 0.011813394 | AC33: =J33/S33 -> 0.013883976 | AF33: =W33 -> 0.013710628 | AG33: =X33 -> 0.013515825 | AH33: =Y33 -> 0.014080717 | AI33: =Z33 -> 0.014480667 | AJ33: =AA33 -> 0.014674622 | AK33: =AB33*1.15 -> 0.013585403 | AL33: =AC33*1.15 -> 0.015966572 | AO33: =W33 -> 0.013710628 | AP33: =X33 -> 0.013515825 | AQ33: =Y33 -> 0.014080717 | AR33: =Z33 -> 0.014480667 | AS33: =AA33 -> 0.014674622 | AT33: =AB33*0.85 -> 0.010041384 | AU33: =AC33*0.85 -> 0.01180138 | BA33: Petroleum | BB33: 88 | BC33: 81.4 | BD33: 79 | BE33: 78.5 | BF33: 76.4 | BG33: 78.7 | BH33: 78.5 | BI33: 78.5
A34: China | B34: Total Energy | C34: =BB34/1000 -> 0.9217 | D34: =BC34/1000 -> 0.8721 | E34: =BD34/1000 -> 0.8313 | F34: =BE34/1000 -> 0.8218 | G34: =BF34/1000 -> 0.794 | H34: =BG34/1000 -> 0.835 | I34: =BH34/1000 -> 0.8218 | J34: =BI34/1000 -> 0.8218 | M34: 5.937 | N34: 5.845 | O34: 5.575 | P34: 5.276 | Q34: 5.363 | R34: 6.645 | S34: 5.654 | U34: China | V34: Total Energy | W34: =D34/M34 -> 0.14689237 | X34: =E34/N34 -> 0.14222412 | Y34: =F34/O34 -> 0.14740807 | Z34: =G34/P34 -> 0.1504928 | AA34: =H34/Q34 -> 0.15569644 | AB34: =I34/R34 -> 0.12367193 | AC34: =J34/S34 -> 0.14534843 | AF34: =W34 -> 0.14689237 | AG34: =X34 -> 0.14222412 | AH34: =Y34 -> 0.14740807 | AI34: =Z34 -> 0.1504928 | AJ34: =AA34 -> 0.15569644 | AK34: =AB34*1.15 -> 0.14222272 | AL34: =AC34*1.15 -> 0.16715069 | AO34: =W34 -> 0.14689237 | AP34: =X34 -> 0.14222412 | AQ34: =Y34 -> 0.14740807 | AR34: =Z34 -> 0.1504928 | AS34: =AA34 -> 0.15569644 | AT34: =AB34*0.85 -> 0.10512114 | AU34: =AC34*0.85 -> 0.12354616 | AZ34: China | BA34: Total Energy | BB34: 921.7 | BC34: 872.1 | BD34: 831.3 | BE34: 821.8 | BF34: 794 | BG34: 835 | BH34: 821.8 | BI34: 821.8
B35: Fossil fuels | C35: =BB35/1000 -> 0.8422 | D35: =BC35/1000 -> 0.8018 | E35: =BD35/1000 -> 0.7648 | F35: =BE35/1000 -> 0.7562 | G35: =BF35/1000 -> 0.7302 | H35: =BG35/1000 -> 0.7691 | I35: =BH35/1000 -> 0.7562 | J35: =BI35/1000 -> 0.7562 | M35: 5.937 | N35: 5.845 | O35: 5.575 | P35: 5.276 | Q35: 5.363 | R35: 6.645 | S35: 5.654 | V35: Fossil fuels | W35: =D35/M35 -> 0.13505137 | X35: =E35/N35 -> 0.13084688 | Y35: =F35/O35 -> 0.13564126 | Z35: =G35/P35 -> 0.1384003 | AA35: =H35/Q35 -> 0.14340854 | AB35: =I35/R35 -> 0.11379985 | AC35: =J35/S35 -> 0.13374602 | AF35: =W35 -> 0.13505137 | AG35: =X35 -> 0.13084688 | AH35: =Y35 -> 0.13564126 | AI35: =Z35 -> 0.1384003 | AJ35: =AA35 -> 0.14340854 | AK35: =AB35*1.15 -> 0.13086983 | AL35: =AC35*1.15 -> 0.15380792 | AO35: =W35 -> 0.13505137 | AP35: =X35 -> 0.13084688 | AQ35: =Y35 -> 0.13564126 | AR35: =Z35 -> 0.1384003 | AS35: =AA35 -> 0.14340854 | AT35: =AB35*0.85 -> 0.096729872 | AU35: =AC35*0.85 -> 0.11368412 | BA35: Fossil fuels | BB35: 842.2 | BC35: 801.8 | BD35: 764.8 | BE35: 756.2 | BF35: 730.2 | BG35: 769.1 | BH35: 756.2 | BI35: 756.2
B36: Coal | C36: =BB36/1000 -> 0.2694 | D36: =BC36/1000 -> 0.2401 | E36: =BD36/1000 -> 0.2278 | F36: =BE36/1000 -> 0.2249 | G36: =BF36/1000 -> 0.2217 | H36: =BG36/1000 -> 0.2296 | I36: =BH36/1000 -> 0.2249 | J36: =BI36/1000 -> 0.2249 | M36: 5.937 | N36: 5.845 | O36: 5.575 | P36: 5.276 | Q36: 5.363 | R36: 6.645 | S36: 5.654 | V36: Coal | W36: =D36/M36 -> 0.0404413 | X36: =E36/N36 -> 0.038973482 | Y36: =F36/O36 -> 0.040340807 | Z36: =G36/P36 -> 0.04202047 | AA36: =H36/Q36 -> 0.042811859 | AB36: =I36/R36 -> 0.033844996 | AC36: =J36/S36 -> 0.039777149 | AF36: =W36 -> 0.0404413 | AG36: =X36 -> 0.038973482 | AH36: =Y36 -> 0.040340807 | AI36: =Z36 -> 0.04202047 | AJ36: =AA36 -> 0.042811859 | AK36: =AB36*1.15 -> 0.038921746 | AL36: =AC36*1.15 -> 0.045743721 | AO36: =W36 -> 0.0404413 | AP36: =X36 -> 0.038973482 | AQ36: =Y36 -> 0.040340807 | AR36: =Z36 -> 0.04202047 | AS36: =AA36 -> 0.042811859 | AT36: =AB36*0.85 -> 0.028768247 | AU36: =AC36*0.85 -> 0.033810577 | BA36: Coal | BB36: 269.4 | BC36: 240.1 | BD36: 227.8 | BE36: 224.9 | BF36: 221.7 | BG36: 229.6 | BH36: 224.9 | BI36: 224.9
B37: Natural gas | C37: =BB37/1000 -> 0.5273 | D37: =BC37/1000 -> 0.5167 | E37: =BD37/1000 -> 0.4931 | F37: =BE37/1000 -> 0.4875 | G37: =BF37/1000 -> 0.4653 | H37: =BG37/1000 -> 0.4946 | I37: =BH37/1000 -> 0.4875 | J37: =BI37/1000 -> 0.4875 | M37: 5.937 | N37: 5.845 | O37: 5.575 | P37: 5.276 | Q37: 5.363 | R37: 6.645 | S37: 5.654 | V37: Natural gas | W37: =D37/M37 -> 0.087030487 | X37: =E37/N37 -> 0.084362703 | Y37: =F37/O37 -> 0.087443946 | Z37: =G37/P37 -> 0.088191812 | AA37: =H37/Q37 -> 0.092224501 | AB37: =I37/R37 -> 0.073363431 | AC37: =J37/S37 -> 0.086222144 | AF37: =W37 -> 0.087030487 | AG37: =X37 -> 0.084362703 | AH37: =Y37 -> 0.087443946 | AI37: =Z37 -> 0.088191812 | AJ37: =AA37 -> 0.092224501 | AK37: =AB37*1.15 -> 0.084367946 | AL37: =AC37*1.15 -> 0.099155465 | AO37: =W37 -> 0.087030487 | AP37: =X37 -> 0.084362703 | AQ37: =Y37 -> 0.087443946 | AR37: =Z37 -> 0.088191812 | AS37: =AA37 -> 0.092224501 | AT37: =AB37*0.85 -> 0.062358916 | AU37: =AC37*0.85 -> 0.073288822 | BA37: Natural gas | BB37: 527.3 | BC37: 516.7 | BD37: 493.1 | BE37: 487.5 | BF37: 465.3 | BG37: 494.6 | BH37: 487.5 | BI37: 487.5
B38: Petroleum | C38: =BB38/1000 -> 0.0858 | D38: =BC38/1000 -> 0.0793 | E38: =BD38/1000 -> 0.0771 | F38: =BE38/1000 -> 0.0766 | G38: =BF38/1000 -> 0.0744 | H38: =BG38/1000 -> 0.0767 | I38: =BH38/1000 -> 0.0766 | J38: =BI38/1000 -> 0.0766 | M38: 5.937 | N38: 5.845 | O38: 5.575 | P38: 5.276 | Q38: 5.363 | R38: 6.645 | S38: 5.654 | V38: Petroleum | W38: =D38/M38 -> 0.013356914 | X38: =E38/N38 -> 0.013190761 | Y38: =F38/O38 -> 0.01373991 | Z38: =G38/P38 -> 0.014101592 | AA38: =H38/Q38 -> 0.014301697 | AB38: =I38/R38 -> 0.011527464 | AC38: =J38/S38 -> 0.013547931 | AF38: =W38 -> 0.013356914 | AG38: =X38 -> 0.013190761 | AH38: =Y38 -> 0.01373991 | AI38: =Z38 -> 0.014101592 | AJ38: =AA38 -> 0.014301697 | AK38: =AB38*1.15 -> 0.013256584 | AL38: =AC38*1.15 -> 0.01558012 | AO38: =W38 -> 0.013356914 | AP38: =X38 -> 0.013190761 | AQ38: =Y38 -> 0.01373991 | AR38: =Z38 -> 0.014101592 | AS38: =AA38 -> 0.014301697 | AT38: =AB38*0.85 -> 0.0097983446 | AU38: =AC38*0.85 -> 0.011515741 | BA38: Petroleum | BB38: 85.8 | BC38: 79.3 | BD38: 77.1 | BE38: 76.6 | BF38: 74.4 | BG38: 76.7 | BH38: 76.6 | BI38: 76.6
A41: Direct | AZ41: Direct
A42: Location | B42: Energy use (MJ/kWh battery produced) | C42: Chemistry | AZ42: Location | BA42: Energy use (MJ/kWh battery produced) | BB42: Chemistry
C43: LCO | D43: NMC111 | E43: NMC532 | F43: NMC622 | G43: NMC811 | H43: NCA | I43: LMO | J43: LFP | M43: NMC111 | N43: NMC532 | O43: NMC622 | P43: NMC811 | Q43: NCA | R43: LMO | S43: LFP | V43: PJ/ktonne | W43: NMC111 | X43: NMC532 | Y43: NMC622 | Z43: NMC811 | AA43: NCA | AB43: LMO | AC43: LFP | AF43: NMC111 | AG43: NMC532 | AH43: NMC622 | AI43: NMC811 | AJ43: NCA | AK43: LMO | AL43: LFP | AO43: NMC111 | AP43: NMC532 | AQ43: NMC622 | AR43: NMC811 | AS43: NCA | AT43: LMO | AU43: LFP | BB43: LCO | BC43: NMC111 | BD43: NMC532 | BE43: NMC622 | BF43: NMC811 | BG43: NCA | BH43: LMO | BI43: LFP
A44: US | B44: Total Energy | C44: =BB44/1000 -> 0.6652 | D44: =BC44/1000 -> 0.5864 | E44: =BD44/1000 -> 0.5679 | F44: =BE44/1000 -> 0.5636 | G44: =BF44/1000 -> 0.5409 | H44: =BG44/1000 -> 0.5521 | I44: =BH44/1000 -> 0.5636 | J44: =BI44/1000 -> 0.5636 | M44: 5.937 | N44: 5.845 | O44: 5.575 | P44: 5.276 | Q44: 5.363 | R44: 6.645 | S44: 5.654 | U44: US | V44: Total Energy | W44: =D44/M44 -> 0.098770423 | X44: =E44/N44 -> 0.097159966 | Y44: =F44/O44 -> 0.10109417 | Z44: =G44/P44 -> 0.10252085 | AA44: =H44/Q44 -> 0.10294611 | AB44: =I44/R44 -> 0.084815651 | AC44: =J44/S44 -> 0.099681641 | AF44: =W44 -> 0.098770423 | AG44: =X44 -> 0.097159966 | AH44: =Y44 -> 0.10109417 | AI44: =Z44 -> 0.10252085 | AJ44: =AA44 -> 0.10294611 | AK44: =AB44*1.15 -> 0.097537998 | AL44: =AC44*1.15 -> 0.11463389 | AO44: =W44 -> 0.098770423 | AP44: =X44 -> 0.097159966 | AQ44: =Y44 -> 0.10109417 | AR44: =Z44 -> 0.10252085 | AS44: =AA44 -> 0.10294611 | AT44: =AB44*0.85 -> 0.072093303 | AU44: =AC44*0.85 -> 0.084729395 | AZ44: US | BA44: Total Energy | BB44: 665.2 | BC44: 586.4 | BD44: 567.9 | BE44: 563.6 | BF44: 540.9 | BG44: 552.1 | BH44: 563.6 | BI44: 563.6
B45: Fossil fuels | C45: =BB45/1000 -> 0.6092 | D45: =BC45/1000 -> 0.5396 | E45: =BD45/1000 -> 0.5232 | F45: =BE45/1000 -> 0.5193 | G45: =BF45/1000 -> 0.499 | H45: =BG45/1000 -> 0.5091 | I45: =BH45/1000 -> 0.5193 | J45: =BI45/1000 -> 0.5193 | M45: 5.937 | N45: 5.845 | O45: 5.575 | P45: 5.276 | Q45: 5.363 | R45: 6.645 | S45: 5.654 | V45: Fossil fuels | W45: =D45/M45 -> 0.090887654 | X45: =E45/N45 -> 0.089512404 | Y45: =F45/O45 -> 0.093147982 | Z45: =G45/P45 -> 0.094579227 | AA45: =H45/Q45 -> 0.094928212 | AB45: =I45/R45 -> 0.078148984 | AC45: =J45/S45 -> 0.09184648 | AF45: =W45 -> 0.090887654 | AG45: =X45 -> 0.089512404 | AH45: =Y45 -> 0.093147982 | AI45: =Z45 -> 0.094579227 | AJ45: =AA45 -> 0.094928212 | AK45: =AB45*1.15 -> 0.089871332 | AL45: =AC45*1.15 -> 0.10562345 | AO45: =W45 -> 0.090887654 | AP45: =X45 -> 0.089512404 | AQ45: =Y45 -> 0.093147982 | AR45: =Z45 -> 0.094579227 | AS45: =AA45 -> 0.094928212 | AT45: =AB45*0.85 -> 0.066426637 | AU45: =AC45*0.85 -> 0.078069508 | BA45: Fossil fuels | BB45: 609.2 | BC45: 539.6 | BD45: 523.2 | BE45: 519.3 | BF45: 499 | BG45: 509.1 | BH45: 519.3 | BI45: 519.3
B46: Coal | C46: =BB46/1000 -> 0.1429 | D46: =BC46/1000 -> 0.1194 | E46: =BD46/1000 -> 0.114 | F46: =BE46/1000 -> 0.1127 | G46: =BF46/1000 -> 0.1061 | H46: =BG46/1000 -> 0.1094 | I46: =BH46/1000 -> 0.1127 | J46: =BI46/1000 -> 0.1127 | M46: 5.937 | N46: 5.845 | O46: 5.575 | P46: 5.276 | Q46: 5.363 | R46: 6.645 | S46: 5.654 | V46: Coal | W46: =D46/M46 -> 0.020111167 | X46: =E46/N46 -> 0.019503849 | Y46: =F46/O46 -> 0.020215247 | Z46: =G46/P46 -> 0.020109932 | AA46: =H46/Q46 -> 0.02039903 | AB46: =I46/R46 -> 0.01696012 | AC46: =J46/S46 -> 0.019932791 | AF46: =W46 -> 0.020111167 | AG46: =X46 -> 0.019503849 | AH46: =Y46 -> 0.020215247 | AI46: =Z46 -> 0.020109932 | AJ46: =AA46 -> 0.02039903 | AK46: =AB46*1.15 -> 0.019504138 | AL46: =AC46*1.15 -> 0.02292271 | AO46: =W46 -> 0.020111167 | AP46: =X46 -> 0.019503849 | AQ46: =Y46 -> 0.020215247 | AR46: =Z46 -> 0.020109932 | AS46: =AA46 -> 0.02039903 | AT46: =AB46*0.85 -> 0.014416102 | AU46: =AC46*0.85 -> 0.016942872 | BA46: Coal | BB46: 142.9 | BC46: 119.4 | BD46: 114 | BE46: 112.7 | BF46: 106.1 | BG46: 109.4 | BH46: 112.7 | BI46: 112.7
B47: Natural gas | C47: =BB47/1000 -> 0.4256 | D47: =BC47/1000 -> 0.3807 | E47: =BD47/1000 -> 0.3703 | F47: =BE47/1000 -> 0.3679 | G47: =BF47/1000 -> 0.3552 | H47: =BG47/1000 -> 0.3613 | I47: =BH47/1000 -> 0.3679 | J47: =BI47/1000 -> 0.3679 | M47: 5.937 | N47: 5.845 | O47: 5.575 | P47: 5.276 | Q47: 5.363 | R47: 6.645 | S47: 5.654 | V47: Natural gas | W47: =D47/M47 -> 0.064123295 | X47: =E47/N47 -> 0.063353293 | Y47: =F47/O47 -> 0.065991031 | Z47: =G47/P47 -> 0.06732373 | AA47: =H47/Q47 -> 0.06736901 | AB47: =I47/R47 -> 0.055364936 | AC47: =J47/S47 -> 0.065068978 | AF47: =W47 -> 0.064123295 | AG47: =X47 -> 0.063353293 | AH47: =Y47 -> 0.065991031 | AI47: =Z47 -> 0.06732373 | AJ47: =AA47 -> 0.06736901 | AK47: =AB47*1.15 -> 0.063669676 | AL47: =AC47*1.15 -> 0.074829324 | AO47: =W47 -> 0.064123295 | AP47: =X47 -> 0.063353293 | AQ47: =Y47 -> 0.065991031 | AR47: =Z47 -> 0.06732373 | AS47: =AA47 -> 0.06736901 | AT47: =AB47*0.85 -> 0.047060196 | AU47: =AC47*0.85 -> 0.055308631 | BA47: Natural gas | BB47: 425.6 | BC47: 380.7 | BD47: 370.3 | BE47: 367.9 | BF47: 355.2 | BG47: 361.3 | BH47: 367.9 | BI47: 367.9
B48: Petroleum | C48: =BB48/1000 -> 0.0846 | D48: =BC48/1000 -> 0.077 | E48: =BD48/1000 -> 0.0749 | F48: =BE48/1000 -> 0.0744 | G48: =BF48/1000 -> 0.0717 | H48: =BG48/1000 -> 0.0731 | I48: =BH48/1000 -> 0.0744 | J48: =BI48/1000 -> 0.0744 | M48: 5.937 | N48: 5.845 | O48: 5.575 | P48: 5.276 | Q48: 5.363 | R48: 6.645 | S48: 5.654 | V48: Petroleum | W48: =D48/M48 -> 0.012969513 | X48: =E48/N48 -> 0.012814371 | Y48: =F48/O48 -> 0.013345291 | Z48: =G48/P48 -> 0.013589841 | AA48: =H48/Q48 -> 0.013630431 | AB48: =I48/R48 -> 0.011196388 | AC48: =J48/S48 -> 0.013158826 | AF48: =W48 -> 0.012969513 | AG48: =X48 -> 0.012814371 | AH48: =Y48 -> 0.013345291 | AI48: =Z48 -> 0.013589841 | AJ48: =AA48 -> 0.013630431 | AK48: =AB48*1.15 -> 0.012875847 | AL48: =AC48*1.15 -> 0.015132649 | AO48: =W48 -> 0.012969513 | AP48: =X48 -> 0.012814371 | AQ48: =Y48 -> 0.013345291 | AR48: =Z48 -> 0.013589841 | AS48: =AA48 -> 0.013630431 | AT48: =AB48*0.85 -> 0.00951693 | AU48: =AC48*0.85 -> 0.011185002 | BA48: Petroleum | BB48: 84.6 | BC48: 77 | BD48: 74.9 | BE48: 74.4 | BF48: 71.7 | BG48: 73.1 | BH48: 74.4 | BI48: 74.4
A49: Korea | B49: Total Energy | C49: =BB49/1000 -> 0.6792 | D49: =BC49/1000 -> 0.5984 | E49: =BD49/1000 -> 0.5794 | F49: =BE49/1000 -> 0.575 | G49: =BF49/1000 -> 0.5517 | H49: =BG49/1000 -> 0.5632 | I49: =BH49/1000 -> 0.575 | J49: =BI49/1000 -> 0.575 | M49: 5.937 | N49: 5.845 | O49: 5.575 | P49: 5.276 | Q49: 5.363 | R49: 6.645 | S49: 5.654 | U49: Korea | V49: Total Energy | W49: =D49/M49 -> 0.10079165 | X49: =E49/N49 -> 0.099127459 | Y49: =F49/O49 -> 0.10313901 | Z49: =G49/P49 -> 0.10456785 | AA49: =H49/Q49 -> 0.10501585 | AB49: =I49/R49 -> 0.086531226 | AC49: =J49/S49 -> 0.10169791 | AF49: =W49 -> 0.10079165 | AG49: =X49 -> 0.099127459 | AH49: =Y49 -> 0.10313901 | AI49: =Z49 -> 0.10456785 | AJ49: =AA49 -> 0.10501585 | AK49: =AB49*1.15 -> 0.09951091 | AL49: =AC49*1.15 -> 0.1169526 | AO49: =W49 -> 0.10079165 | AP49: =X49 -> 0.099127459 | AQ49: =Y49 -> 0.10313901 | AR49: =Z49 -> 0.10456785 | AS49: =AA49 -> 0.10501585 | AT49: =AB49*0.85 -> 0.073551543 | AU49: =AC49*0.85 -> 0.086443226 | AZ49: Korea | BA49: Total Energy | BB49: 679.2 | BC49: 598.4 | BD49: 579.4 | BE49: 575 | BF49: 551.7 | BG49: 563.2 | BH49: 575 | BI49: 575
B50: Fossil fuels | C50: =BB50/1000 -> 0.6241 | D50: =BC50/1000 -> 0.5523 | E50: =BD50/1000 -> 0.5353 | F50: =BE50/1000 -> 0.5314 | G50: =BF50/1000 -> 0.5105 | H50: =BG50/1000 -> 0.5209 | I50: =BH50/1000 -> 0.5314 | J50: =BI50/1000 -> 0.5314 | M50: 5.937 | N50: 5.845 | O50: 5.575 | P50: 5.276 | Q50: 5.363 | R50: 6.645 | S50: 5.654 | V50: Fossil fuels | W50: =D50/M50 -> 0.093026781 | X50: =E50/N50 -> 0.091582549 | Y50: =F50/O50 -> 0.095318386 | Z50: =G50/P50 -> 0.096758908 | AA50: =H50/Q50 -> 0.097128473 | AB50: =I50/R50 -> 0.079969902 | AC50: =J50/S50 -> 0.093986558 | AF50: =W50 -> 0.093026781 | AG50: =X50 -> 0.091582549 | AH50: =Y50 -> 0.095318386 | AI50: =Z50 -> 0.096758908 | AJ50: =AA50 -> 0.097128473 | AK50: =AB50*1.15 -> 0.091965388 | AL50: =AC50*1.15 -> 0.10808454 | AO50: =W50 -> 0.093026781 | AP50: =X50 -> 0.091582549 | AQ50: =Y50 -> 0.095318386 | AR50: =Z50 -> 0.096758908 | AS50: =AA50 -> 0.097128473 | AT50: =AB50*0.85 -> 0.067974417 | AU50: =AC50*0.85 -> 0.079888574 | BA50: Fossil fuels | BB50: 624.1 | BC50: 552.3 | BD50: 535.3 | BE50: 531.4 | BF50: 510.5 | BG50: 520.9 | BH50: 531.4 | BI50: 531.4
B51: Coal | C51: =BB51/1000 -> 0.1745 | D51: =BC51/1000 -> 0.1463 | E51: =BD51/1000 -> 0.1398 | F51: =BE51/1000 -> 0.1383 | G51: =BF51/1000 -> 0.1304 | H51: =BG51/1000 -> 0.1343 | I51: =BH51/1000 -> 0.1383 | J51: =BI51/1000 -> 0.1383 | M51: 5.937 | N51: 5.845 | O51: 5.575 | P51: 5.276 | Q51: 5.363 | R51: 6.645 | S51: 5.654 | V51: Coal | W51: =D51/M51 -> 0.024642075 | X51: =E51/N51 -> 0.023917879 | Y51: =F51/O51 -> 0.024807175 | Z51: =G51/P51 -> 0.024715694 | AA51: =H51/Q51 -> 0.025041954 | AB51: =I51/R51 -> 0.020812641 | AC51: =J51/S51 -> 0.024460559 | AF51: =W51 -> 0.024642075 | AG51: =X51 -> 0.023917879 | AH51: =Y51 -> 0.024807175 | AI51: =Z51 -> 0.024715694 | AJ51: =AA51 -> 0.025041954 | AK51: =AB51*1.15 -> 0.023934537 | AL51: =AC51*1.15 -> 0.028129643 | AO51: =W51 -> 0.024642075 | AP51: =X51 -> 0.023917879 | AQ51: =Y51 -> 0.024807175 | AR51: =Z51 -> 0.024715694 | AS51: =AA51 -> 0.025041954 | AT51: =AB51*0.85 -> 0.017690745 | AU51: =AC51*0.85 -> 0.020791475 | BA51: Coal | BB51: 174.5 | BC51: 146.3 | BD51: 139.8 | BE51: 138.3 | BF51: 130.4 | BG51: 134.3 | BH51: 138.3 | BI51: 138.3
B52: Natural gas | C52: =BB52/1000 -> 0.4064 | D52: =BC52/1000 -> 0.3643 | E52: =BD52/1000 -> 0.3546 | F52: =BE52/1000 -> 0.3523 | G52: =BF52/1000 -> 0.3404 | H52: =BG52/1000 -> 0.3462 | I52: =BH52/1000 -> 0.3523 | J52: =BI52/1000 -> 0.3523 | M52: 5.937 | N52: 5.845 | O52: 5.575 | P52: 5.276 | Q52: 5.363 | R52: 6.645 | S52: 5.654 | V52: Natural gas | W52: =D52/M52 -> 0.061360957 | X52: =E52/N52 -> 0.060667237 | Y52: =F52/O52 -> 0.063192825 | Z52: =G52/P52 -> 0.064518575 | AA52: =H52/Q52 -> 0.064553422 | AB52: =I52/R52 -> 0.053017306 | AC52: =J52/S52 -> 0.062309869 | AF52: =W52 -> 0.061360957 | AG52: =X52 -> 0.060667237 | AH52: =Y52 -> 0.063192825 | AI52: =Z52 -> 0.064518575 | AJ52: =AA52 -> 0.064553422 | AK52: =AB52*1.15 -> 0.060969902 | AL52: =AC52*1.15 -> 0.071656349 | AO52: =W52 -> 0.061360957 | AP52: =X52 -> 0.060667237 | AQ52: =Y52 -> 0.063192825 | AR52: =Z52 -> 0.064518575 | AS52: =AA52 -> 0.064553422 | AT52: =AB52*0.85 -> 0.04506471 | AU52: =AC52*0.85 -> 0.052963389 | BA52: Natural gas | BB52: 406.4 | BC52: 364.3 | BD52: 354.6 | BE52: 352.3 | BF52: 340.4 | BG52: 346.2 | BH52: 352.3 | BI52: 352.3
B53: Petroleum | C53: =BB53/1000 -> 0.0872 | D53: =BC53/1000 -> 0.0791 | E53: =BD53/1000 -> 0.077 | F53: =BE53/1000 -> 0.0765 | G53: =BF53/1000 -> 0.0737 | H53: =BG53/1000 -> 0.0751 | I53: =BH53/1000 -> 0.0765 | J53: =BI53/1000 -> 0.0765 | M53: 5.937 | N53: 5.845 | O53: 5.575 | P53: 5.276 | Q53: 5.363 | R53: 6.645 | S53: 5.654 | V53: Petroleum | W53: =D53/M53 -> 0.013323227 | X53: =E53/N53 -> 0.013173653 | Y53: =F53/O53 -> 0.013721973 | Z53: =G53/P53 -> 0.013968916 | AA53: =H53/Q53 -> 0.014003356 | AB53: =I53/R53 -> 0.011512415 | AC53: =J53/S53 -> 0.013530244 | AF53: =W53 -> 0.013323227 | AG53: =X53 -> 0.013173653 | AH53: =Y53 -> 0.013721973 | AI53: =Z53 -> 0.013968916 | AJ53: =AA53 -> 0.014003356 | AK53: =AB53*1.15 -> 0.013239278 | AL53: =AC53*1.15 -> 0.015559781 | AO53: =W53 -> 0.013323227 | AP53: =X53 -> 0.013173653 | AQ53: =Y53 -> 0.013721973 | AR53: =Z53 -> 0.013968916 | AS53: =AA53 -> 0.014003356 | AT53: =AB53*0.85 -> 0.009785553 | AU53: =AC53*0.85 -> 0.011500707 | BA53: Petroleum | BB53: 87.2 | BC53: 79.1 | BD53: 77 | BE53: 76.5 | BF53: 73.7 | BG53: 75.1 | BH53: 76.5 | BI53: 76.5
A54: China | B54: Total Energy | C54: =BB54/1000 -> 0.6916 | D54: =BC54/1000 -> 0.6089 | E54: =BD54/1000 -> 0.5895 | F54: =BE54/1000 -> 0.585 | G54: =BF54/1000 -> 0.5612 | H54: =BG54/1000 -> 0.573 | I54: =BH54/1000 -> 0.585 | J54: =BI54/1000 -> 0.585 | M54: 5.937 | N54: 5.845 | O54: 5.575 | P54: 5.276 | Q54: 5.363 | R54: 6.645 | S54: 5.654 | U54: China | V54: Total Energy | W54: =D54/M54 -> 0.10256022 | X54: =E54/N54 -> 0.10085543 | Y54: =F54/O54 -> 0.10493274 | Z54: =G54/P54 -> 0.10636846 | AA54: =H54/Q54 -> 0.10684318 | AB54: =I54/R54 -> 0.088036117 | AC54: =J54/S54 -> 0.10346657 | AF54: =W54 -> 0.10256022 | AG54: =X54 -> 0.10085543 | AH54: =Y54 -> 0.10493274 | AI54: =Z54 -> 0.10636846 | AJ54: =AA54 -> 0.10684318 | AK54: =AB54*1.15 -> 0.10124153 | AL54: =AC54*1.15 -> 0.11898656 | AO54: =W54 -> 0.10256022 | AP54: =X54 -> 0.10085543 | AQ54: =Y54 -> 0.10493274 | AR54: =Z54 -> 0.10636846 | AS54: =AA54 -> 0.10684318 | AT54: =AB54*0.85 -> 0.0748307 | AU54: =AC54*0.85 -> 0.087946586 | AZ54: China | BA54: Total Energy | BB54: 691.6 | BC54: 608.9 | BD54: 589.5 | BE54: 585 | BF54: 561.2 | BG54: 573 | BH54: 585 | BI54: 585
B55: Fossil fuels | C55: =BB55/1000 -> 0.634 | D55: =BC55/1000 -> 0.5608 | E55: =BD55/1000 -> 0.5435 | F55: =BE55/1000 -> 0.5394 | G55: =BF55/1000 -> 0.5181 | H55: =BG55/1000 -> 0.5287 | I55: =BH55/1000 -> 0.5394 | J55: =BI55/1000 -> 0.5394 | M55: 5.937 | N55: 5.845 | O55: 5.575 | P55: 5.276 | Q55: 5.363 | R55: 6.645 | S55: 5.654 | V55: Fossil fuels | W55: =D55/M55 -> 0.094458481 | X55: =E55/N55 -> 0.092985458 | Y55: =F55/O55 -> 0.096753363 | Z55: =G55/P55 -> 0.098199393 | AA55: =H55/Q55 -> 0.098582883 | AB55: =I55/R55 -> 0.081173815 | AC55: =J55/S55 -> 0.095401486 | AF55: =W55 -> 0.094458481 | AG55: =X55 -> 0.092985458 | AH55: =Y55 -> 0.096753363 | AI55: =Z55 -> 0.098199393 | AJ55: =AA55 -> 0.098582883 | AK55: =AB55*1.15 -> 0.093349887 | AL55: =AC55*1.15 -> 0.10971171 | AO55: =W55 -> 0.094458481 | AP55: =X55 -> 0.092985458 | AQ55: =Y55 -> 0.096753363 | AR55: =Z55 -> 0.098199393 | AS55: =AA55 -> 0.098582883 | AT55: =AB55*0.85 -> 0.068997743 | AU55: =AC55*0.85 -> 0.081091263 | BA55: Fossil fuels | BB55: 634 | BC55: 560.8 | BD55: 543.5 | BE55: 539.4 | BF55: 518.1 | BG55: 528.7 | BH55: 539.4 | BI55: 539.4
B56: Coal | C56: =BB56/1000 -> 0.2256 | D56: =BC56/1000 -> 0.1898 | E56: =BD56/1000 -> 0.1816 | F56: =BE56/1000 -> 0.1797 | G56: =BF56/1000 -> 0.1697 | H56: =BG56/1000 -> 0.1747 | I56: =BH56/1000 -> 0.1797 | J56: =BI56/1000 -> 0.1797 | M56: 5.937 | N56: 5.845 | O56: 5.575 | P56: 5.276 | Q56: 5.363 | R56: 6.645 | S56: 5.654 | V56: Coal | W56: =D56/M56 -> 0.031969008 | X56: =E56/N56 -> 0.03106929 | Y56: =F56/O56 -> 0.032233184 | Z56: =G56/P56 -> 0.032164519 | AA56: =H56/Q56 -> 0.032575051 | AB56: =I56/R56 -> 0.027042889 | AC56: =J56/S56 -> 0.031782809 | AF56: =W56 -> 0.031969008 | AG56: =X56 -> 0.03106929 | AH56: =Y56 -> 0.032233184 | AI56: =Z56 -> 0.032164519 | AJ56: =AA56 -> 0.032575051 | AK56: =AB56*1.15 -> 0.031099323 | AL56: =AC56*1.15 -> 0.03655023 | AO56: =W56 -> 0.031969008 | AP56: =X56 -> 0.03106929 | AQ56: =Y56 -> 0.032233184 | AR56: =Z56 -> 0.032164519 | AS56: =AA56 -> 0.032575051 | AT56: =AB56*0.85 -> 0.022986456 | AU56: =AC56*0.85 -> 0.027015387 | BA56: Coal | BB56: 225.6 | BC56: 189.8 | BD56: 181.6 | BE56: 179.7 | BF56: 169.7 | BG56: 174.7 | BH56: 179.7 | BI56: 179.7
B57: Natural gas | C57: =BB57/1000 -> 0.3671 | D57: =BC57/1000 -> 0.3308 | E57: =BD57/1000 -> 0.3224 | F57: =BE57/1000 -> 0.3205 | G57: =BF57/1000 -> 0.3101 | H57: =BG57/1000 -> 0.3151 | I57: =BH57/1000 -> 0.3205 | J57: =BI57/1000 -> 0.3205 | M57: 5.937 | N57: 5.845 | O57: 5.575 | P57: 5.276 | Q57: 5.363 | R57: 6.645 | S57: 5.654 | V57: Natural gas | W57: =D57/M57 -> 0.055718376 | X57: =E57/N57 -> 0.055158255 | Y57: =F57/O57 -> 0.057488789 | Z57: =G57/P57 -> 0.058775588 | AA57: =H57/Q57 -> 0.058754428 | AB57: =I57/R57 -> 0.048231753 | AC57: =J57/S57 -> 0.056685532 | AF57: =W57 -> 0.055718376 | AG57: =X57 -> 0.055158255 | AH57: =Y57 -> 0.057488789 | AI57: =Z57 -> 0.058775588 | AJ57: =AA57 -> 0.058754428 | AK57: =AB57*1.15 -> 0.055466516 | AL57: =AC57*1.15 -> 0.065188362 | AO57: =W57 -> 0.055718376 | AP57: =X57 -> 0.055158255 | AQ57: =Y57 -> 0.057488789 | AR57: =Z57 -> 0.058775588 | AS57: =AA57 -> 0.058754428 | AT57: =AB57*0.85 -> 0.04099699 | AU57: =AC57*0.85 -> 0.048182703 | BA57: Natural gas | BB57: 367.1 | BC57: 330.8 | BD57: 322.4 | BE57: 320.5 | BF57: 310.1 | BG57: 315.1 | BH57: 320.5 | BI57: 320.5
B58: Petroleum | C58: =BB58/1000 -> 0.0853 | D58: =BC58/1000 -> 0.0775 | E58: =BD58/1000 -> 0.0755 | F58: =BE58/1000 -> 0.075 | G58: =BF58/1000 -> 0.0722 | H58: =BG58/1000 -> 0.0736 | I58: =BH58/1000 -> 0.075 | J58: =BI58/1000 -> 0.075 | M58: 5.937 | N58: 5.845 | O58: 5.575 | P58: 5.276 | Q58: 5.363 | R58: 6.645 | S58: 5.654 | V58: Petroleum | W58: =D58/M58 -> 0.013053731 | X58: =E58/N58 -> 0.012917023 | Y58: =F58/O58 -> 0.013452915 | Z58: =G58/P58 -> 0.01368461 | AA58: =H58/Q58 -> 0.013723662 | AB58: =I58/R58 -> 0.011286682 | AC58: =J58/S58 -> 0.013264945 | AF58: =W58 -> 0.013053731 | AG58: =X58 -> 0.012917023 | AH58: =Y58 -> 0.013452915 | AI58: =Z58 -> 0.01368461 | AJ58: =AA58 -> 0.013723662 | AK58: =AB58*1.15 -> 0.012979684 | AL58: =AC58*1.15 -> 0.015254687 | AO58: =W58 -> 0.013053731 | AP58: =X58 -> 0.012917023 | AQ58: =Y58 -> 0.013452915 | AR58: =Z58 -> 0.01368461 | AS58: =AA58 -> 0.013723662 | AT58: =AB58*0.85 -> 0.0095936795 | AU58: =AC58*0.85 -> 0.011275203 | BA58: Petroleum | BB58: 85.3 | BC58: 77.5 | BD58: 75.5 | BE58: 75 | BF58: 72.2 | BG58: 73.6 | BH58: 75 | BI58: 75
A60: ** Assumed to be cell manufacturing | AZ60: ** Assumed to be cell manufacturing
A61: *** LMO and LFP cathode production from recycled materials is not included in EverBatt | AZ61: *** LMO and LFP cathode production from recycled materials is not included in EverBatt
A62: **** All recycled chemistries are assumed to be priducing the same cathode chemistry for manufacture with recyclked materials | AZ62: **** All recycled chemistries are assumed to be priducing the same cathode chemistry for manufacture with recyclked materials
W72: NMC111 | X72: NMC532 | Y72: NMC622 | Z72: NMC811 | AA72: NCA | AB72: LMO | AC72: LFP | AF72: NMC111 | AG72: NMC532 | AH72: NMC622 | AI72: NMC811 | AJ72: NCA | AK72: LMO | AL72: LFP | AO72: NMC111 | AP72: NMC532 | AQ72: NMC622 | AR72: NMC811 | AS72: NCA | AT72: LMO | AU72: LFP
U73: US | V73: ELC | W73: =W4-W5 -> 0.010510359 | X73: =X4-X5 -> 0.010094098 | Y73: =Y4-Y5 -> 0.01038565 | Z73: =Z4-Z5 -> 0.011429113 | AA73: =AA4-AA5 -> 0.011597986 | AB73: =AB4-AB5 -> 0.0087133183 | AC73: =AC4-AC5 -> 0.010240538 | AF73: =AF4-AF5 -> 0.010510359 | AG73: =AG4-AG5 -> 0.010094098 | AH73: =AH4-AH5 -> 0.01038565 | AI73: =AI4-AI5 -> 0.011429113 | AJ73: =AJ4-AJ5 -> 0.011597986 | AK73: =AK4-AK5 -> 0.010020316 | AL73: =AL4-AL5 -> 0.011776618 | AO73: =AO4-AO5 -> 0.010510359 | AP73: =AP4-AP5 -> 0.010094098 | AQ73: =AQ4-AQ5 -> 0.01038565 | AR73: =AR4-AR5 -> 0.011429113 | AS73: =AS4-AS5 -> 0.011597986 | AT73: =AT4-AT5 -> 0.0074063205 | AU73: =AU4-AU5 -> 0.008704457
V74: COAHCO | W74: =W6 -> 0.02892033 | X74: =X6 -> 0.027562019 | Y74: =Y6 -> 0.02832287 | Z74: =Z6 -> 0.028828658 | AA74: =AA6 -> 0.029610293 | AB74: =AB6 -> 0.023762227 | AC74: =AC6 -> 0.027927131 | AF74: =AF6 -> 0.02892033 | AG74: =AG6 -> 0.027562019 | AH74: =AH6 -> 0.02832287 | AI74: =AI6 -> 0.028828658 | AJ74: =AJ6 -> 0.029610293 | AK74: =AK6 -> 0.027326561 | AL74: =AL6 -> 0.032116201 | AO74: =AO6 -> 0.02892033 | AP74: =AP6 -> 0.027562019 | AQ74: =AQ6 -> 0.02832287 | AR74: =AR6 -> 0.028828658 | AS74: =AS6 -> 0.029610293 | AT74: =AT6 -> 0.020197893 | AU74: =AU6 -> 0.023738062
V75: GASNGA | W75: =W7 -> 0.083661782 | X75: =X7 -> 0.081402908 | Y75: =Y7 -> 0.084394619 | Z75: =Z7 -> 0.088419257 | AA75: =AA7 -> 0.092485549 | AB75: =AB7 -> 0.070805117 | AC75: =AC7 -> 0.083215423 | AF75: =AF7 -> 0.083661782 | AG75: =AG7 -> 0.081402908 | AH75: =AH7 -> 0.084394619 | AI75: =AI7 -> 0.088419257 | AJ75: =AJ7 -> 0.092485549 | AK75: =AK7 -> 0.081425884 | AL75: =AL7 -> 0.095697736 | AO75: =AO7 -> 0.083661782 | AP75: =AP7 -> 0.081402908 | AQ75: =AQ7 -> 0.084394619 | AR75: =AR7 -> 0.088419257 | AS75: =AS7 -> 0.092485549 | AT75: =AT7 -> 0.060184349 | AU75: =AU7 -> 0.070733109
V76: OILDST | W76: =W8 -> 0.013020044 | X76: =X8 -> 0.012745937 | Y76: =Y8 -> 0.013201794 | Z76: =Z8 -> 0.014423806 | AA76: =AA8 -> 0.014711915 | AB76: =AB8 -> 0.011075997 | AC76: =AC8 -> 0.013017333 | AF76: =AF8 -> 0.013020044 | AG76: =AG8 -> 0.012745937 | AH76: =AH8 -> 0.013201794 | AI76: =AI8 -> 0.014423806 | AJ76: =AJ8 -> 0.014711915 | AK76: =AK8 -> 0.012737397 | AL76: =AL8 -> 0.014969933 | AO76: =AO8 -> 0.013020044 | AP76: =AP8 -> 0.012745937 | AQ76: =AQ8 -> 0.013201794 | AR76: =AR8 -> 0.014423806 | AS76: =AS8 -> 0.014711915 | AT76: =AT8 -> 0.0094145974 | AU76: =AU8 -> 0.011064733
U77: Korea | V77: ELC | W77: =W9-W10 -> 0.010358767 | X77: =X9-X10 -> 0.0099572284 | Y77: =Y9-Y10 -> 0.010242152 | Z77: =Z9-Z10 -> 0.011277483 | AA77: =AA9-AA10 -> 0.01143017 | AB77: =AB9-AB10 -> 0.008592927 | AC77: =AC9-AC10 -> 0.010099045 | AF77: =AF9-AF10 -> 0.010358767 | AG77: =AG9-AG10 -> 0.0099572284 | AH77: =AH9-AH10 -> 0.010242152 | AI77: =AI9-AI10 -> 0.011277483 | AJ77: =AJ9-AJ10 -> 0.01143017 | AK77: =AK9-AK10 -> 0.0098818661 | AL77: =AL9-AL10 -> 0.011613902 | AO77: =AO9-AO10 -> 0.010358767 | AP77: =AP9-AP10 -> 0.0099572284 | AQ77: =AQ9-AQ10 -> 0.010242152 | AR77: =AR9-AR10 -> 0.011277483 | AS77: =AS9-AS10 -> 0.01143017 | AT77: =AT9-AT10 -> 0.007303988 | AU77: =AU9-AU10 -> 0.0085841882
V78: COAHCO | W78: =W11 -> 0.034950312 | X78: =X11 -> 0.033378956 | Y78: =Y11 -> 0.034367713 | Z78: =Z11 -> 0.03525398 | AA78: =AA11 -> 0.036136491 | AB78: =AB11 -> 0.02883371 | AC78: =AC11 -> 0.033887513 | AF78: =AF11 -> 0.034950312 | AG78: =AG11 -> 0.033378956 | AH78: =AH11 -> 0.034367713 | AI78: =AI11 -> 0.03525398 | AJ78: =AJ11 -> 0.036136491 | AK78: =AK11 -> 0.033158766 | AL78: =AL11 -> 0.03897064 | AO78: =AO11 -> 0.034950312 | AP78: =AP11 -> 0.033378956 | AQ78: =AQ11 -> 0.034367713 | AR78: =AR11 -> 0.03525398 | AS78: =AS11 -> 0.036136491 | AT78: =AT11 -> 0.024508653 | AU78: =AU11 -> 0.028804386
V79: GASNGA | W79: =W12 -> 0.079989894 | X79: =X12 -> 0.07786142 | Y79: =Y12 -> 0.080717489 | Z79: =Z12 -> 0.084514784 | AA79: =AA12 -> 0.088513891 | AB79: =AB12 -> 0.06772009 | AC79: =AC12 -> 0.079589671 | AF79: =AF12 -> 0.079989894 | AG79: =AG12 -> 0.07786142 | AH79: =AH12 -> 0.080717489 | AI79: =AI12 -> 0.084514784 | AJ79: =AJ12 -> 0.088513891 | AK79: =AK12 -> 0.077878104 | AL79: =AL12 -> 0.091528122 | AO79: =AO12 -> 0.079989894 | AP79: =AP12 -> 0.07786142 | AQ79: =AQ12 -> 0.080717489 | AR79: =AR12 -> 0.084514784 | AS79: =AS12 -> 0.088513891 | AT79: =AT12 -> 0.057562077 | AU79: =AU12 -> 0.06765122
V80: OILDST | W80: =W13 -> 0.013508506 | X80: =X13 -> 0.01320787 | Y80: =Y13 -> 0.013686099 | Z80: =Z13 -> 0.014954511 | AA80: =AA13 -> 0.015234011 | AB80: =AB13 -> 0.011482318 | AC80: =AC13 -> 0.013494871 | AF80: =AF13 -> 0.013508506 | AG80: =AG13 -> 0.01320787 | AH80: =AH13 -> 0.013686099 | AI80: =AI13 -> 0.014954511 | AJ80: =AJ13 -> 0.015234011 | AK80: =AK13 -> 0.013204665 | AL80: =AL13 -> 0.015519102 | AO80: =AO13 -> 0.013508506 | AP80: =AP13 -> 0.01320787 | AQ80: =AQ13 -> 0.013686099 | AR80: =AR13 -> 0.014954511 | AS80: =AS13 -> 0.015234011 | AT80: =AT13 -> 0.0097599699 | AU80: =AU13 -> 0.01147064
U81: CN | V81: ELC | W81: =W14-W15 -> 0.010830386 | X81: =X14-X15 -> 0.010402053 | Y81: =Y14-Y15 -> 0.01070852 | Z81: =Z14-Z15 -> 0.011770281 | AA81: =AA14-AA15 -> 0.011933619 | AB81: =AB14-AB15 -> 0.0089841986 | AC81: =AC14-AC15 -> 0.010558896 | AF81: =AF14-AF15 -> 0.010830386 | AG81: =AG14-AG15 -> 0.010402053 | AH81: =AH14-AH15 -> 0.01070852 | AI81: =AI14-AI15 -> 0.011770281 | AJ81: =AJ14-AJ15 -> 0.011933619 | AK81: =AK14-AK15 -> 0.010331828 | AL81: =AL14-AL15 -> 0.012142731 | AO81: =AO14-AO15 -> 0.010830386 | AP81: =AP14-AP15 -> 0.010402053 | AQ81: =AQ14-AQ15 -> 0.01070852 | AR81: =AR14-AR15 -> 0.011770281 | AS81: =AS14-AS15 -> 0.011933619 | AT81: =AT14-AT15 -> 0.0076365688 | AU81: =AU14-AU15 -> 0.0089750619
V82: COAHCO | W82: =W16 -> 0.044702712 | X82: =X16 -> 0.042805817 | Y82: =Y16 -> 0.044125561 | Z82: =Z16 -> 0.045640637 | AA82: =AA16 -> 0.046727578 | AB82: =AB16 -> 0.037020316 | AC82: =AC16 -> 0.04350902 | AF82: =AF16 -> 0.044702712 | AG82: =AG16 -> 0.042805817 | AH82: =AH16 -> 0.044125561 | AI82: =AI16 -> 0.045640637 | AJ82: =AJ16 -> 0.046727578 | AK82: =AK16 -> 0.042573363 | AL82: =AL16 -> 0.050035373 | AO82: =AO16 -> 0.044702712 | AP82: =AP16 -> 0.042805817 | AQ82: =AQ16 -> 0.044125561 | AR82: =AR16 -> 0.045640637 | AS82: =AS16 -> 0.046727578 | AT82: =AT16 -> 0.031467269 | AU82: =AU16 -> 0.036982667
V83: GASNGA | W83: =W17 -> 0.072494526 | X83: =X17 -> 0.070607357 | Y83: =Y17 -> 0.073201794 | Z83: =Z17 -> 0.0765163 | AA83: =AA17 -> 0.080384113 | AB83: =AB17 -> 0.061414597 | AC83: =AC17 -> 0.072178988 | AF83: =AF17 -> 0.072494526 | AG83: =AG17 -> 0.070607357 | AH83: =AH17 -> 0.073201794 | AI83: =AI17 -> 0.0765163 | AJ83: =AJ17 -> 0.080384113 | AK83: =AK17 -> 0.070626787 | AL83: =AL17 -> 0.083005837 | AO83: =AO17 -> 0.072494526 | AP83: =AP17 -> 0.070607357 | AQ83: =AQ17 -> 0.073201794 | AR83: =AR17 -> 0.0765163 | AS83: =AS17 -> 0.080384113 | AT83: =AT17 -> 0.052202408 | AU83: =AU17 -> 0.06135214
V84: OILDST | W84: =W18 -> 0.013154792 | X84: =X18 -> 0.012865697 | Y84: =Y18 -> 0.013327354 | Z84: =Z18 -> 0.014556482 | AA84: =AA18 -> 0.014861085 | AB84: =AB18 -> 0.011181339 | AC84: =AC18 -> 0.013141139 | AF84: =AF18 -> 0.013154792 | AG84: =AG18 -> 0.012865697 | AH84: =AH18 -> 0.013327354 | AI84: =AI18 -> 0.014556482 | AJ84: =AJ18 -> 0.014861085 | AK84: =AK18 -> 0.01285854 | AL84: =AL18 -> 0.01511231 | AO84: =AO18 -> 0.013154792 | AP84: =AP18 -> 0.012865697 | AQ84: =AQ18 -> 0.013327354 | AR84: =AR18 -> 0.014556482 | AS84: =AS18 -> 0.014861085 | AT84: =AT18 -> 0.0095041384 | AU84: =AU18 -> 0.011169968
U85: CN | V85: ELC | W85: =W81 -> 0.010830386 | X85: =X81 -> 0.010402053 | Y85: =Y81 -> 0.01070852 | Z85: =Z81 -> 0.011770281 | AA85: =AA81 -> 0.011933619 | AB85: =AB81 -> 0.0089841986 | AC85: =AC81 -> 0.010558896 | AF85: =AF81 -> 0.010830386 | AG85: =AG81 -> 0.010402053 | AH85: =AH81 -> 0.01070852 | AI85: =AI81 -> 0.011770281 | AJ85: =AJ81 -> 0.011933619 | AK85: =AK81 -> 0.010331828 | AL85: =AL81 -> 0.012142731 | AO85: =AO81 -> 0.010830386 | AP85: =AP81 -> 0.010402053 | AQ85: =AQ81 -> 0.01070852 | AR85: =AR81 -> 0.011770281 | AS85: =AS81 -> 0.011933619 | AT85: =AT81 -> 0.0076365688 | AU85: =AU81 -> 0.0089750619
V86: COAHCO | W86: =W82 -> 0.044702712 | X86: =X82 -> 0.042805817 | Y86: =Y82 -> 0.044125561 | Z86: =Z82 -> 0.045640637 | AA86: =AA82 -> 0.046727578 | AB86: =AB82 -> 0.037020316 | AC86: =AC82 -> 0.04350902 | AF86: =AF82 -> 0.044702712 | AG86: =AG82 -> 0.042805817 | AH86: =AH82 -> 0.044125561 | AI86: =AI82 -> 0.045640637 | AJ86: =AJ82 -> 0.046727578 | AK86: =AK82 -> 0.042573363 | AL86: =AL82 -> 0.050035373 | AO86: =AO82 -> 0.044702712 | AP86: =AP82 -> 0.042805817 | AQ86: =AQ82 -> 0.044125561 | AR86: =AR82 -> 0.045640637 | AS86: =AS82 -> 0.046727578 | AT86: =AT82 -> 0.031467269 | AU86: =AU82 -> 0.036982667
V87: GASNGA | W87: =W83 -> 0.072494526 | X87: =X83 -> 0.070607357 | Y87: =Y83 -> 0.073201794 | Z87: =Z83 -> 0.0765163 | AA87: =AA83 -> 0.080384113 | AB87: =AB83 -> 0.061414597 | AC87: =AC83 -> 0.072178988 | AF87: =AF83 -> 0.072494526 | AG87: =AG83 -> 0.070607357 | AH87: =AH83 -> 0.073201794 | AI87: =AI83 -> 0.0765163 | AJ87: =AJ83 -> 0.080384113 | AK87: =AK83 -> 0.070626787 | AL87: =AL83 -> 0.083005837 | AO87: =AO83 -> 0.072494526 | AP87: =AP83 -> 0.070607357 | AQ87: =AQ83 -> 0.073201794 | AR87: =AR83 -> 0.0765163 | AS87: =AS83 -> 0.080384113 | AT87: =AT83 -> 0.052202408 | AU87: =AU83 -> 0.06135214
V88: OILDST | W88: =W84 -> 0.013154792 | X88: =X84 -> 0.012865697 | Y88: =Y84 -> 0.013327354 | Z88: =Z84 -> 0.014556482 | AA88: =AA84 -> 0.014861085 | AB88: =AB84 -> 0.011181339 | AC88: =AC84 -> 0.013141139 | AF88: =AF84 -> 0.013154792 | AG88: =AG84 -> 0.012865697 | AH88: =AH84 -> 0.013327354 | AI88: =AI84 -> 0.014556482 | AJ88: =AJ84 -> 0.014861085 | AK88: =AK84 -> 0.01285854 | AL88: =AL84 -> 0.01511231 | AO88: =AO84 -> 0.013154792 | AP88: =AP84 -> 0.012865697 | AQ88: =AQ84 -> 0.013327354 | AR88: =AR84 -> 0.014556482 | AS88: =AS84 -> 0.014861085 | AT88: =AT84 -> 0.0095041384 | AU88: =AU84 -> 0.011169968
W92: NMC111 | X92: NMC532 | Y92: NMC622 | Z92: NMC811 | AA92: NCA | AB92: LMO | AC92: LFP | AF92: NMC111 | AG92: NMC532 | AH92: NMC622 | AI92: NMC811 | AJ92: NCA | AK92: LMO | AL92: LFP | AO92: NMC111 | AP92: NMC532 | AQ92: NMC622 | AR92: NMC811 | AS92: NCA | AT92: LMO | AU92: LFP
U93: US | V93: ELC | W93: =W24-W25 -> 0.011554657 | X93: =X24-X25 -> 0.011086399 | Y93: =Y24-Y25 -> 0.011461883 | Z93: =Z24-Z25 -> 0.011751327 | AA93: =AA24-AA25 -> 0.011970912 | AB93: =AB24-AB25 -> 0.0096162528 | AC93: =AC24-AC25 -> 0.011301733 | AF93: =AF24-AF25 -> 0.011554657 | AG93: =AG24-AG25 -> 0.011086399 | AH93: =AH24-AH25 -> 0.011461883 | AI93: =AI24-AI25 -> 0.011751327 | AJ93: =AJ24-AJ25 -> 0.011970912 | AK93: =AK24-AK25 -> 0.011058691 | AL93: =AL24-AL25 -> 0.012996993 | AO93: =AO24-AO25 -> 0.011554657 | AP93: =AP24-AP25 -> 0.011086399 | AQ93: =AQ24-AQ25 -> 0.011461883 | AR93: =AR24-AR25 -> 0.011751327 | AS93: =AS24-AS25 -> 0.011970912 | AT93: =AT24-AT25 -> 0.0081738149 | AU93: =AU24-AU25 -> 0.0096064733
V94: COAHCO | W94: =W26 -> 0.025214755 | X94: =X26 -> 0.024260051 | Y94: =Y26 -> 0.02509417 | Z94: =Z26 -> 0.02575815 | AA94: =AA26 -> 0.026253962 | AB94: =AB26 -> 0.021053424 | AC94: =AC26 -> 0.024743544 | AF94: =AF26 -> 0.025214755 | AG94: =AG26 -> 0.024260051 | AH94: =AH26 -> 0.02509417 | AI94: =AI26 -> 0.02575815 | AJ94: =AJ26 -> 0.026253962 | AK94: =AK26 -> 0.024211437 | AL94: =AL26 -> 0.028455076 | AO94: =AO26 -> 0.025214755 | AP94: =AP26 -> 0.024260051 | AQ94: =AQ26 -> 0.02509417 | AR94: =AR26 -> 0.02575815 | AS94: =AS26 -> 0.026253962 | AT94: =AT26 -> 0.01789541 | AU94: =AU26 -> 0.021032013
V95: GASNGA | W95: =W27 -> 0.097810342 | X95: =X27 -> 0.094781865 | Y95: =Y27 -> 0.09826009 | Z95: =Z27 -> 0.09969674 | AA95: =AA27 -> 0.10395301 | AB95: =AB27 -> 0.082437923 | AC95: =AC27 -> 0.09688716 | AF95: =AF27 -> 0.097810342 | AG95: =AG27 -> 0.094781865 | AH95: =AH27 -> 0.09826009 | AI95: =AI27 -> 0.09969674 | AJ95: =AJ27 -> 0.10395301 | AK95: =AK27 -> 0.094803612 | AL95: =AL27 -> 0.11142023 | AO95: =AO27 -> 0.097810342 | AP95: =AP27 -> 0.094781865 | AQ95: =AQ27 -> 0.09826009 | AR95: =AR27 -> 0.09969674 | AS95: =AS27 -> 0.10395301 | AT95: =AT27 -> 0.070072235 | AU95: =AU27 -> 0.082354086
V96: OILDST | W96: =W28 -> 0.01323901 | X96: =X28 -> 0.013053892 | Y96: =Y28 -> 0.01361435 | Z96: =Z28 -> 0.013968916 | AA96: =AA28 -> 0.014171173 | AB96: =AB28 -> 0.011422122 | AC96: =AC28 -> 0.013424125 | AF96: =AF28 -> 0.01323901 | AG96: =AG28 -> 0.013053892 | AH96: =AH28 -> 0.01361435 | AI96: =AI28 -> 0.013968916 | AJ96: =AJ28 -> 0.014171173 | AK96: =AK28 -> 0.01313544 | AL96: =AL28 -> 0.015437743 | AO96: =AO28 -> 0.01323901 | AP96: =AP28 -> 0.013053892 | AQ96: =AQ28 -> 0.01361435 | AR96: =AR28 -> 0.013968916 | AS96: =AS28 -> 0.014171173 | AT96: =AT28 -> 0.0097088036 | AU96: =AU28 -> 0.011410506
U97: Korea | V97: ELC | W97: =W29-W30 -> 0.011403066 | X97: =X29-X30 -> 0.010932421 | Y97: =Y29-Y30 -> 0.011318386 | Z97: =Z29-Z30 -> 0.011599697 | AA97: =AA29-AA30 -> 0.011803095 | AB97: =AB29-AB30 -> 0.0094958616 | AC97: =AC29-AC30 -> 0.011160241 | AF97: =AF29-AF30 -> 0.011403066 | AG97: =AG29-AG30 -> 0.010932421 | AH97: =AH29-AH30 -> 0.011318386 | AI97: =AI29-AI30 -> 0.011599697 | AJ97: =AJ29-AJ30 -> 0.011803095 | AK97: =AK29-AK30 -> 0.010920241 | AL97: =AL29-AL30 -> 0.012834277 | AO97: =AO29-AO30 -> 0.011403066 | AP97: =AP29-AP30 -> 0.010932421 | AQ97: =AQ29-AQ30 -> 0.011318386 | AR97: =AR29-AR30 -> 0.011599697 | AS97: =AS29-AS30 -> 0.011803095 | AT97: =AT29-AT30 -> 0.0080714823 | AU97: =AU29-AU30 -> 0.0094862045
V98: COAHCO | W98: =W31 -> 0.031025771 | X98: =X31 -> 0.029871685 | Y98: =Y31 -> 0.030923767 | Z98: =Z31 -> 0.031974981 | AA98: =AA31 -> 0.032575051 | AB98: =AB31 -> 0.025944319 | AC98: =AC31 -> 0.030491687 | AF98: =AF31 -> 0.031025771 | AG98: =AG31 -> 0.029871685 | AH98: =AH31 -> 0.030923767 | AI98: =AI31 -> 0.031974981 | AJ98: =AJ31 -> 0.032575051 | AK98: =AK31 -> 0.029835967 | AL98: =AL31 -> 0.03506544 | AO98: =AO31 -> 0.031025771 | AP98: =AP31 -> 0.029871685 | AQ98: =AQ31 -> 0.030923767 | AR98: =AR31 -> 0.031974981 | AS98: =AS31 -> 0.032575051 | AT98: =AT31 -> 0.022052671 | AU98: =AU31 -> 0.025917934
V99: GASNGA | W99: =W32 -> 0.094273202 | X99: =X32 -> 0.091360137 | Y99: =Y32 -> 0.09470852 | Z99: =Z32 -> 0.095924943 | AA99: =AA32 -> 0.10011188 | AB99: =AB32 -> 0.079458239 | AC99: =AC32 -> 0.093385214 | AF99: =AF32 -> 0.094273202 | AG99: =AG32 -> 0.091360137 | AH99: =AH32 -> 0.09470852 | AI99: =AI32 -> 0.095924943 | AJ99: =AJ32 -> 0.10011188 | AK99: =AK32 -> 0.091376975 | AL99: =AL32 -> 0.107393 | AO99: =AO32 -> 0.094273202 | AP99: =AP32 -> 0.091360137 | AQ99: =AQ32 -> 0.09470852 | AR99: =AR32 -> 0.095924943 | AS99: =AS32 -> 0.10011188 | AT99: =AT32 -> 0.067539503 | AU99: =AU32 -> 0.079377432
V100: OILDST | W100: =W33 -> 0.013710628 | X100: =X33 -> 0.013515825 | Y100: =Y33 -> 0.014080717 | Z100: =Z33 -> 0.014480667 | AA100: =AA33 -> 0.014674622 | AB100: =AB33 -> 0.011813394 | AC100: =AC33 -> 0.013883976 | AF100: =AF33 -> 0.013710628 | AG100: =AG33 -> 0.013515825 | AH100: =AH33 -> 0.014080717 | AI100: =AI33 -> 0.014480667 | AJ100: =AJ33 -> 0.014674622 | AK100: =AK33 -> 0.013585403 | AL100: =AL33 -> 0.015966572 | AO100: =AO33 -> 0.013710628 | AP100: =AP33 -> 0.013515825 | AQ100: =AQ33 -> 0.014080717 | AR100: =AR33 -> 0.014480667 | AS100: =AS33 -> 0.014674622 | AT100: =AT33 -> 0.010041384 | AU100: =AU33 -> 0.01180138
U101: CN | V101: ELC | W101: =W34-W35 -> 0.011840997 | X101: =X34-X35 -> 0.011377246 | Y101: =Y34-Y35 -> 0.011766816 | Z101: =Z34-Z35 -> 0.012092494 | AA101: =AA34-AA35 -> 0.012287899 | AB101: =AB34-AB35 -> 0.0098720843 | AC101: =AC34-AC35 -> 0.011602405 | AF101: =AF34-AF35 -> 0.011840997 | AG101: =AG34-AG35 -> 0.011377246 | AH101: =AH34-AH35 -> 0.011766816 | AI101: =AI34-AI35 -> 0.012092494 | AJ101: =AJ34-AJ35 -> 0.012287899 | AK101: =AK34-AK35 -> 0.011352897 | AL101: =AL34-AL35 -> 0.013342766 | AO101: =AO34-AO35 -> 0.011840997 | AP101: =AP34-AP35 -> 0.011377246 | AQ101: =AQ34-AQ35 -> 0.011766816 | AR101: =AR34-AR35 -> 0.012092494 | AS101: =AS34-AS35 -> 0.012287899 | AT101: =AT34-AT35 -> 0.0083912716 | AU101: =AU34-AU35 -> 0.0098620446
V102: COAHCO | W102: =W36 -> 0.0404413 | X102: =X36 -> 0.038973482 | Y102: =Y36 -> 0.040340807 | Z102: =Z36 -> 0.04202047 | AA102: =AA36 -> 0.042811859 | AB102: =AB36 -> 0.033844996 | AC102: =AC36 -> 0.039777149 | AF102: =AF36 -> 0.0404413 | AG102: =AG36 -> 0.038973482 | AH102: =AH36 -> 0.040340807 | AI102: =AI36 -> 0.04202047 | AJ102: =AJ36 -> 0.042811859 | AK102: =AK36 -> 0.038921746 | AL102: =AL36 -> 0.045743721 | AO102: =AO36 -> 0.0404413 | AP102: =AP36 -> 0.038973482 | AQ102: =AQ36 -> 0.040340807 | AR102: =AR36 -> 0.04202047 | AS102: =AS36 -> 0.042811859 | AT102: =AT36 -> 0.028768247 | AU102: =AU36 -> 0.033810577
V103: GASNGA | W103: =W37 -> 0.087030487 | X103: =X37 -> 0.084362703 | Y103: =Y37 -> 0.087443946 | Z103: =Z37 -> 0.088191812 | AA103: =AA37 -> 0.092224501 | AB103: =AB37 -> 0.073363431 | AC103: =AC37 -> 0.086222144 | AF103: =AF37 -> 0.087030487 | AG103: =AG37 -> 0.084362703 | AH103: =AH37 -> 0.087443946 | AI103: =AI37 -> 0.088191812 | AJ103: =AJ37 -> 0.092224501 | AK103: =AK37 -> 0.084367946 | AL103: =AL37 -> 0.099155465 | AO103: =AO37 -> 0.087030487 | AP103: =AP37 -> 0.084362703 | AQ103: =AQ37 -> 0.087443946 | AR103: =AR37 -> 0.088191812 | AS103: =AS37 -> 0.092224501 | AT103: =AT37 -> 0.062358916 | AU103: =AU37 -> 0.073288822
V104: OILDST | W104: =W38 -> 0.013356914 | X104: =X38 -> 0.013190761 | Y104: =Y38 -> 0.01373991 | Z104: =Z38 -> 0.014101592 | AA104: =AA38 -> 0.014301697 | AB104: =AB38 -> 0.011527464 | AC104: =AC38 -> 0.013547931 | AF104: =AF38 -> 0.013356914 | AG104: =AG38 -> 0.013190761 | AH104: =AH38 -> 0.01373991 | AI104: =AI38 -> 0.014101592 | AJ104: =AJ38 -> 0.014301697 | AK104: =AK38 -> 0.013256584 | AL104: =AL38 -> 0.01558012 | AO104: =AO38 -> 0.013356914 | AP104: =AP38 -> 0.013190761 | AQ104: =AQ38 -> 0.01373991 | AR104: =AR38 -> 0.014101592 | AS104: =AS38 -> 0.014301697 | AT104: =AT38 -> 0.0097983446 | AU104: =AU38 -> 0.011515741
U105: CN | V105: ELC | W105: =W101 -> 0.011840997 | X105: =X101 -> 0.011377246 | Y105: =Y101 -> 0.011766816 | Z105: =Z101 -> 0.012092494 | AA105: =AA101 -> 0.012287899 | AB105: =AB101 -> 0.0098720843 | AC105: =AC101 -> 0.011602405 | AF105: =AF101 -> 0.011840997 | AG105: =AG101 -> 0.011377246 | AH105: =AH101 -> 0.011766816 | AI105: =AI101 -> 0.012092494 | AJ105: =AJ101 -> 0.012287899 | AK105: =AK101 -> 0.011352897 | AL105: =AL101 -> 0.013342766 | AO105: =AO101 -> 0.011840997 | AP105: =AP101 -> 0.011377246 | AQ105: =AQ101 -> 0.011766816 | AR105: =AR101 -> 0.012092494 | AS105: =AS101 -> 0.012287899 | AT105: =AT101 -> 0.0083912716 | AU105: =AU101 -> 0.0098620446
V106: COAHCO | W106: =W102 -> 0.0404413 | X106: =X102 -> 0.038973482 | Y106: =Y102 -> 0.040340807 | Z106: =Z102 -> 0.04202047 | AA106: =AA102 -> 0.042811859 | AB106: =AB102 -> 0.033844996 | AC106: =AC102 -> 0.039777149 | AF106: =AF102 -> 0.0404413 | AG106: =AG102 -> 0.038973482 | AH106: =AH102 -> 0.040340807 | AI106: =AI102 -> 0.04202047 | AJ106: =AJ102 -> 0.042811859 | AK106: =AK102 -> 0.038921746 | AL106: =AL102 -> 0.045743721 | AO106: =AO102 -> 0.0404413 | AP106: =AP102 -> 0.038973482 | AQ106: =AQ102 -> 0.040340807 | AR106: =AR102 -> 0.04202047 | AS106: =AS102 -> 0.042811859 | AT106: =AT102 -> 0.028768247 | AU106: =AU102 -> 0.033810577
V107: GASNGA | W107: =W103 -> 0.087030487 | X107: =X103 -> 0.084362703 | Y107: =Y103 -> 0.087443946 | Z107: =Z103 -> 0.088191812 | AA107: =AA103 -> 0.092224501 | AB107: =AB103 -> 0.073363431 | AC107: =AC103 -> 0.086222144 | AF107: =AF103 -> 0.087030487 | AG107: =AG103 -> 0.084362703 | AH107: =AH103 -> 0.087443946 | AI107: =AI103 -> 0.088191812 | AJ107: =AJ103 -> 0.092224501 | AK107: =AK103 -> 0.084367946 | AL107: =AL103 -> 0.099155465 | AO107: =AO103 -> 0.087030487 | AP107: =AP103 -> 0.084362703 | AQ107: =AQ103 -> 0.087443946 | AR107: =AR103 -> 0.088191812 | AS107: =AS103 -> 0.092224501 | AT107: =AT103 -> 0.062358916 | AU107: =AU103 -> 0.073288822
V108: OILDST | W108: =W104 -> 0.013356914 | X108: =X104 -> 0.013190761 | Y108: =Y104 -> 0.01373991 | Z108: =Z104 -> 0.014101592 | AA108: =AA104 -> 0.014301697 | AB108: =AB104 -> 0.011527464 | AC108: =AC104 -> 0.013547931 | AF108: =AF104 -> 0.013356914 | AG108: =AG104 -> 0.013190761 | AH108: =AH104 -> 0.01373991 | AI108: =AI104 -> 0.014101592 | AJ108: =AJ104 -> 0.014301697 | AK108: =AK104 -> 0.013256584 | AL108: =AL104 -> 0.01558012 | AO108: =AO104 -> 0.013356914 | AP108: =AP104 -> 0.013190761 | AQ108: =AQ104 -> 0.01373991 | AR108: =AR104 -> 0.014101592 | AS108: =AS104 -> 0.014301697 | AT108: =AT104 -> 0.0097983446 | AU108: =AU104 -> 0.011515741
W112: NMC111 | X112: NMC532 | Y112: NMC622 | Z112: NMC811 | AA112: NCA | AB112: LMO | AC112: LFP | AF112: NMC111 | AG112: NMC532 | AH112: NMC622 | AI112: NMC811 | AJ112: NCA | AK112: LMO | AL112: LFP | AO112: NMC111 | AP112: NMC532 | AQ112: NMC622 | AR112: NMC811 | AS112: NCA | AT112: LMO | AU112: LFP
U113: US | V113: ELC | W113: =W44-W45 -> 0.0078827691 | X113: =X44-X45 -> 0.007647562 | Y113: =Y44-Y45 -> 0.0079461883 | Z113: =Z44-Z45 -> 0.0079416224 | AA113: =AA44-AA45 -> 0.0080179004 | AB113: =AB44-AB45 -> 0.0066666667 | AC113: =AC44-AC45 -> 0.0078351609 | AF113: =AF44-AF45 -> 0.0078827691 | AG113: =AG44-AG45 -> 0.007647562 | AH113: =AH44-AH45 -> 0.0079461883 | AI113: =AI44-AI45 -> 0.0079416224 | AJ113: =AJ44-AJ45 -> 0.0080179004 | AK113: =AK44-AK45 -> 0.0076666667 | AL113: =AL44-AL45 -> 0.0090104351 | AO113: =AO44-AO45 -> 0.0078827691 | AP113: =AP44-AP45 -> 0.007647562 | AQ113: =AQ44-AQ45 -> 0.0079461883 | AR113: =AR44-AR45 -> 0.0079416224 | AS113: =AS44-AS45 -> 0.0080179004 | AT113: =AT44-AT45 -> 0.0056666667 | AU113: =AU44-AU45 -> 0.0066598868
V114: COAHCO | W114: =W46 -> 0.020111167 | X114: =X46 -> 0.019503849 | Y114: =Y46 -> 0.020215247 | Z114: =Z46 -> 0.020109932 | AA114: =AA46 -> 0.02039903 | AB114: =AB46 -> 0.01696012 | AC114: =AC46 -> 0.019932791 | AF114: =AF46 -> 0.020111167 | AG114: =AG46 -> 0.019503849 | AH114: =AH46 -> 0.020215247 | AI114: =AI46 -> 0.020109932 | AJ114: =AJ46 -> 0.02039903 | AK114: =AK46 -> 0.019504138 | AL114: =AL46 -> 0.02292271 | AO114: =AO46 -> 0.020111167 | AP114: =AP46 -> 0.019503849 | AQ114: =AQ46 -> 0.020215247 | AR114: =AR46 -> 0.020109932 | AS114: =AS46 -> 0.02039903 | AT114: =AT46 -> 0.014416102 | AU114: =AU46 -> 0.016942872
