Workbook

Sheet Hydro Methodology
A1: HYDROPOWER SUPPLY CURVES FOR TIMES MODELING
A3: DATA SOURCES
A4: Primary - Gross Potential | B4: Hoes et al. (2017) PLOS ONE - DOI: 10.1371/journal.pone.0171844
A5: Economic Ratios | B5: Gernaat et al. (2017) Nature Energy - DOI: 10.1038/s41560-017-0006-y
A6: Capital Costs | B6: AR6 Scenario Database - Regional median costs for hydro (2020 USD/kW)
A7: Current Capacity | B7: IHA World Hydropower Outlook 2024, IRENA Statistics
A9: METHODOLOGY
A10: Gross Potential | B10: From Hoes et al. 11.8 million site assessment using 7.5 arcsec DEM
A11: Economic Potential | B11: ~18% of gross (Gernaat ratio for sites <$0.50/kWh)
A12: GW Conversion | B12: Assumes 4000 full load hours (46% capacity factor)
A13: Additional_Low | B13: Economic potential minus current installed capacity
A14: Additional_High | B14: 25% of gross potential minus current installed capacity
A16: COST METHODOLOGY (AR6-BASED)
A17: Base Cost Source | B17: AR6 scenario database median capital costs by R10 region
A18: T1 (Best Sites) | B18: 25%/20% of potential | 0.90x base cost | Best available sites
A19: T2 (Good Sites) | B19: 40%/35% of potential | 1.00x base cost | Median cost sites
A20: T3 (Average Sites) | B20: 25%/30% of potential | 1.15x base cost | Above-average cost
A21: T4 (Marginal Sites) | B21: 10%/15% of potential | 1.35x base cost | Highest cost sites
A23: AR6 REGIONAL BASE COSTS (2020 USD/kW)
A24: AFR (Africa) | B24: $2,689/kW
A25: CSA (Latin America) | B25: $3,074/kW
A26: CPA (China+) | B26: $2,273/kW
A27: SAS (India+) | B27: $2,585/kW
A28: PAS (Rest of Asia) | B28: $2,864/kW
A29: FSU (Former Soviet Union) | B29: $2,860/kW
A30: MEA (Middle East) | B30: $2,790/kW
A31: EUR (Europe) | B31: $2,752/kW
A32: NAM (North America) | B32: $2,852/kW
A33: PAO (Pacific OECD) | B33: $2,808/kW
A35: INCREMENTAL COST INTERPRETATION
A36: T1 Cost = 0 | B36: First tranche baseline; absolute cost embedded in base technology
A37: T2-T4 Costs | B37: ADDITIONAL cost above T1 to access that tranche of potential
A38: TIMES Usage | B38: Model as stepped supply curve using NCAP_BND(UP) for each tranche
A40: TECHNOLOGY NAMING
A41: Convention | B41: EN_Hydro_<ISO3>_<Tranche>
A42: Example | B42: EN_Hydro_BRA_T1, EN_Hydro_BRA_T2, EN_Hydro_BRA_T3, EN_Hydro_BRA_T4
A44: NOTES
A45: Excludes | B45: Pumped storage hydro (PSH) - separate technology
A46: Constraints | B46: Environmental/social factors may further limit development
A47: Climate | B47: Potential may shift with changing precipitation patterns
A49: REFERENCES
A50: [1] | B50: Hoes OAC et al. (2017) Systematic high-resolution assessment of global hydropower potential. PLOS ONE 12(2): e0171844
A51: [2] | B51: Gernaat DEHJ et al. (2017) High-resolution assessment of global technical and economic hydropower potential. Nature Energy 2: 821-828
A52: [3] | B52: AR6 Scenario Database - IPCC Working Group III contribution to AR6
A53: [4] | B53: IHA (2024) World Hydropower Outlook

Sheet Hydro
B3: ~fi_t | H3: ~fi_process
B4: process | C4: comm-in | D4: comm-out | E4: cap_bnd | F4: invcost~USD21_alt | H4: set | I4: process | J4: description | K4: capacity_unit | L4: activity_unit | M4: timeslicelevel | N4: vintage
B5: =SupplyCurves_High!A2 -> EN_Hydro_BRA_T1 | C5: ELCHYD | D5: ELC | E5: =SupplyCurves_High!F2 -> 13.2 | F5: =SupplyCurves_High!H2 -> 0 | H5: ELE | I5: =B5 -> EN_Hydro_BRA_T1 | J5: =SupplyCurves_High!C2&" -- "&SupplyCurves_High!E2&" -- "&SupplyCurves_High!K2 -> Brazil -- T1 -- $0.04-0.06/kWh | K5: GW | L5: PJ | M5: daynite | N5: no
B6: =SupplyCurves_High!A3 -> EN_Hydro_BRA_T2 | C6: ELCHYD | D6: ELC | E6: =SupplyCurves_High!F3 -> 23.1 | F6: =SupplyCurves_High!H3 -> 307 | H6: ELE | I6: =B6 -> EN_Hydro_BRA_T2 | J6: =SupplyCurves_High!C3&" -- "&SupplyCurves_High!E3&" -- "&SupplyCurves_High!K3 -> Brazil -- T2 -- $0.06-0.08/kWh | K6: GW | L6: PJ | M6: daynite | N6: no
B7: =SupplyCurves_High!A4 -> EN_Hydro_BRA_T3 | C7: ELCHYD | D7: ELC | E7: =SupplyCurves_High!F4 -> 19.8 | F7: =SupplyCurves_High!H4 -> 768 | H7: ELE | I7: =B7 -> EN_Hydro_BRA_T3 | J7: =SupplyCurves_High!C4&" -- "&SupplyCurves_High!E4&" -- "&SupplyCurves_High!K4 -> Brazil -- T3 -- $0.08-0.10/kWh | K7: GW | L7: PJ | M7: daynite | N7: no
B8: =SupplyCurves_High!A5 -> EN_Hydro_BRA_T4 | C8: ELCHYD | D8: ELC | E8: =SupplyCurves_High!F5 -> 9.9 | F8: =SupplyCurves_High!H5 -> 1383 | H8: ELE | I8: =B8 -> EN_Hydro_BRA_T4 | J8: =SupplyCurves_High!C5&" -- "&SupplyCurves_High!E5&" -- "&SupplyCurves_High!K5 -> Brazil -- T4 -- $0.10-0.14/kWh | K8: GW | L8: PJ | M8: daynite | N8: no
B9: =SupplyCurves_High!A6 -> EN_Hydro_RUS_T1 | C9: ELCHYD | D9: ELC | E9: =SupplyCurves_High!F6 -> 17.1 | F9: =SupplyCurves_High!H6 -> 0 | H9: ELE | I9: =B9 -> EN_Hydro_RUS_T1 | J9: =SupplyCurves_High!C6&" -- "&SupplyCurves_High!E6&" -- "&SupplyCurves_High!K6 -> Russia -- T1 -- $0.04-0.06/kWh | K9: GW | L9: PJ | M9: daynite | N9: no
B10: =SupplyCurves_High!A7 -> EN_Hydro_RUS_T2 | C10: ELCHYD | D10: ELC | E10: =SupplyCurves_High!F7 -> 29.925 | F10: =SupplyCurves_High!H7 -> 286 | H10: ELE | I10: =B10 -> EN_Hydro_RUS_T2 | J10: =SupplyCurves_High!C7&" -- "&SupplyCurves_High!E7&" -- "&SupplyCurves_High!K7 -> Russia -- T2 -- $0.06-0.08/kWh | K10: GW | L10: PJ | M10: daynite | N10: no
B11: =SupplyCurves_High!A8 -> EN_Hydro_RUS_T3 | C11: ELCHYD | D11: ELC | E11: =SupplyCurves_High!F8 -> 25.65 | F11: =SupplyCurves_High!H8 -> 715 | H11: ELE | I11: =B11 -> EN_Hydro_RUS_T3 | J11: =SupplyCurves_High!C8&" -- "&SupplyCurves_High!E8&" -- "&SupplyCurves_High!K8 -> Russia -- T3 -- $0.08-0.10/kWh | K11: GW | L11: PJ | M11: daynite | N11: no
B12: =SupplyCurves_High!A9 -> EN_Hydro_RUS_T4 | C12: ELCHYD | D12: ELC | E12: =SupplyCurves_High!F9 -> 12.825 | F12: =SupplyCurves_High!H9 -> 1287 | H12: ELE | I12: =B12 -> EN_Hydro_RUS_T4 | J12: =SupplyCurves_High!C9&" -- "&SupplyCurves_High!E9&" -- "&SupplyCurves_High!K9 -> Russia -- T4 -- $0.10-0.14/kWh | K12: GW | L12: PJ | M12: daynite | N12: no
B13: =SupplyCurves_High!A10 -> EN_Hydro_CAN_T1 | C13: ELCHYD | D13: ELC | E13: =SupplyCurves_High!F10 -> 6.1 | F13: =SupplyCurves_High!H10 -> 0 | H13: ELE | I13: =B13 -> EN_Hydro_CAN_T1 | J13: =SupplyCurves_High!C10&" -- "&SupplyCurves_High!E10&" -- "&SupplyCurves_High!K10 -> Canada -- T1 -- $0.04-0.06/kWh | K13: GW | L13: PJ | M13: daynite | N13: no
B14: =SupplyCurves_High!A11 -> EN_Hydro_CAN_T2 | C14: ELCHYD | D14: ELC | E14: =SupplyCurves_High!F11 -> 10.675 | F14: =SupplyCurves_High!H11 -> 285 | H14: ELE | I14: =B14 -> EN_Hydro_CAN_T2 | J14: =SupplyCurves_High!C11&" -- "&SupplyCurves_High!E11&" -- "&SupplyCurves_High!K11 -> Canada -- T2 -- $0.06-0.08/kWh | K14: GW | L14: PJ | M14: daynite | N14: no
B15: =SupplyCurves_High!A12 -> EN_Hydro_CAN_T3 | C15: ELCHYD | D15: ELC | E15: =SupplyCurves_High!F12 -> 9.15 | F15: =SupplyCurves_High!H12 -> 713 | H15: ELE | I15: =B15 -> EN_Hydro_CAN_T3 | J15: =SupplyCurves_High!C12&" -- "&SupplyCurves_High!E12&" -- "&SupplyCurves_High!K12 -> Canada -- T3 -- $0.08-0.10/kWh | K15: GW | L15: PJ | M15: daynite | N15: no
B16: =SupplyCurves_High!A13 -> EN_Hydro_CAN_T4 | C16: ELCHYD | D16: ELC | E16: =SupplyCurves_High!F13 -> 4.575 | F16: =SupplyCurves_High!H13 -> 1284 | H16: ELE | I16: =B16 -> EN_Hydro_CAN_T4 | J16: =SupplyCurves_High!C13&" -- "&SupplyCurves_High!E13&" -- "&SupplyCurves_High!K13 -> Canada -- T4 -- $0.10-0.14/kWh | K16: GW | L16: PJ | M16: daynite | N16: no
... B208: =SupplyCurves_High!A205 -> EN_Hydro_MLI_T4 | C208: ELCHYD | D208: ELC | E208: =SupplyCurves_High!F205 -> 0.09 | F208: =SupplyCurves_High!H205 -> 1210 | H208: ELE | I208: =B208 -> EN_Hydro_MLI_T4 | J208: =SupplyCurves_High!C205&" -- "&SupplyCurves_High!E205&" -- "&SupplyCurves_High!K205 -> Mali -- T4 -- $0.10-0.14/kWh | K208: GW | L208: PJ | M208: daynite | N208: no

Sheet SupplyCurves_Low
A1: TechName | B1: ISO3 | C1: Country | D1: Region | E1: Tranche | F1: Potential_GW | G1: Potential_MW | H1: INVCOST_Incremental_USD_kW | I1: INVCOST_Absolute_USD_kW | J1: AR6_Base_Cost_USD_kW | K1: LCOE_Range
A2: EN_Hydro_BRA_T1 | B2: BRA | C2: Brazil | D2: CSA | E2: T1 | F2: 4.25 | G2: 4250 | H2: 0 | I2: 2767 | J2: 3074 | K2: $0.04-0.06/kWh
A3: EN_Hydro_BRA_T2 | B3: BRA | C3: Brazil | D3: CSA | E3: T2 | F3: 6.8 | G3: 6800 | H3: 307 | I3: 3074 | J3: 3074 | K3: $0.06-0.08/kWh
A4: EN_Hydro_BRA_T3 | B4: BRA | C4: Brazil | D4: CSA | E4: T3 | F4: 4.25 | G4: 4250 | H4: 768 | I4: 3535 | J4: 3074 | K4: $0.08-0.10/kWh
A5: EN_Hydro_BRA_T4 | B5: BRA | C5: Brazil | D5: CSA | E5: T4 | F5: 1.7 | G5: 1700 | H5: 1383 | I5: 4150 | J5: 3074 | K5: $0.10-0.14/kWh
A6: EN_Hydro_RUS_T1 | B6: RUS | C6: Russia | D6: FSU | E6: T1 | F6: 11.75 | G6: 11750 | H6: 0 | I6: 2574 | J6: 2860 | K6: $0.04-0.06/kWh
A7: EN_Hydro_RUS_T2 | B7: RUS | C7: Russia | D7: FSU | E7: T2 | F7: 18.8 | G7: 18800 | H7: 286 | I7: 2860 | J7: 2860 | K7: $0.06-0.08/kWh
A8: EN_Hydro_RUS_T3 | B8: RUS | C8: Russia | D8: FSU | E8: T3 | F8: 11.75 | G8: 11750 | H8: 715 | I8: 3289 | J8: 2860 | K8: $0.08-0.10/kWh
A9: EN_Hydro_RUS_T4 | B9: RUS | C9: Russia | D9: FSU | E9: T4 | F9: 4.7 | G9: 4700 | H9: 1287 | I9: 3861 | J9: 2860 | K9: $0.10-0.14/kWh
A10: EN_Hydro_IND_T1 | B10: IND | C10: India | D10: SAS | E10: T1 | F10: 0.5 | G10: 500 | H10: 0 | I10: 2327 | J10: 2585 | K10: $0.04-0.06/kWh
A11: EN_Hydro_IND_T2 | B11: IND | C11: India | D11: SAS | E11: T2 | F11: 0.8 | G11: 800 | H11: 259 | I11: 2585 | J11: 2585 | K11: $0.06-0.08/kWh
A12: EN_Hydro_IND_T3 | B12: IND | C12: India | D12: SAS | E12: T3 | F12: 0.5 | G12: 500 | H12: 646 | I12: 2973 | J12: 2585 | K12: $0.08-0.10/kWh
A13: EN_Hydro_IND_T4 | B13: IND | C13: India | D13: SAS | E13: T4 | F13: 0.2 | G13: 200 | H13: 1163 | I13: 3490 | J13: 2585 | K13: $0.10-0.14/kWh
... A205: EN_Hydro_BLR_T4 | B205: BLR | C205: Belarus | D205: FSU | E205: T4 | F205: 0.01 | G205: 10 | H205: 1287 | I205: 3861 | J205: 2860 | K205: $0.10-0.14/kWh

Sheet SupplyCurves_High
A1: TechName | B1: ISO3 | C1: Country | D1: Region | E1: Tranche | F1: Potential_GW | G1: Potential_MW | H1: INVCOST_Incremental_USD_kW | I1: INVCOST_Absolute_USD_kW | J1: AR6_Base_Cost_USD_kW | K1: LCOE_Range
A2: EN_Hydro_BRA_T1 | B2: BRA | C2: Brazil | D2: CSA | E2: T1 | F2: 13.2 | G2: 13200 | H2: 0 | I2: 2767 | J2: 3074 | K2: $0.04-0.06/kWh
A3: EN_Hydro_BRA_T2 | B3: BRA | C3: Brazil | D3: CSA | E3: T2 | F3: 23.1 | G3: 23100 | H3: 307 | I3: 3074 | J3: 3074 | K3: $0.06-0.08/kWh
A4: EN_Hydro_BRA_T3 | B4: BRA | C4: Brazil | D4: CSA | E4: T3 | F4: 19.8 | G4: 19800 | H4: 768 | I4: 3535 | J4: 3074 | K4: $0.08-0.10/kWh
A5: EN_Hydro_BRA_T4 | B5: BRA | C5: Brazil | D5: CSA | E5: T4 | F5: 9.9 | G5: 9900 | H5: 1383 | I5: 4150 | J5: 3074 | K5: $0.10-0.14/kWh
A6: EN_Hydro_RUS_T1 | B6: RUS | C6: Russia | D6: FSU | E6: T1 | F6: 17.1 | G6: 17100 | H6: 0 | I6: 2574 | J6: 2860 | K6: $0.04-0.06/kWh
A7: EN_Hydro_RUS_T2 | B7: RUS | C7: Russia | D7: FSU | E7: T2 | F7: 29.925 | G7: 29925 | H7: 286 | I7: 2860 | J7: 2860 | K7: $0.06-0.08/kWh
A8: EN_Hydro_RUS_T3 | B8: RUS | C8: Russia | D8: FSU | E8: T3 | F8: 25.65 | G8: 25650 | H8: 715 | I8: 3289 | J8: 2860 | K8: $0.08-0.10/kWh
A9: EN_Hydro_RUS_T4 | B9: RUS | C9: Russia | D9: FSU | E9: T4 | F9: 12.825 | G9: 12825 | H9: 1287 | I9: 3861 | J9: 2860 | K9: $0.10-0.14/kWh
A10: EN_Hydro_CAN_T1 | B10: CAN | C10: Canada | D10: NAM | E10: T1 | F10: 6.1 | G10: 6100 | H10: 0 | I10: 2567 | J10: 2852 | K10: $0.04-0.06/kWh
A11: EN_Hydro_CAN_T2 | B11: CAN | C11: Canada | D11: NAM | E11: T2 | F11: 10.675 | G11: 10675 | H11: 285 | I11: 2852 | J11: 2852 | K11: $0.06-0.08/kWh
A12: EN_Hydro_CAN_T3 | B12: CAN | C12: Canada | D12: NAM | E12: T3 | F12: 9.15 | G12: 9150 | H12: 713 | I12: 3280 | J12: 2852 | K12: $0.08-0.10/kWh
A13: EN_Hydro_CAN_T4 | B13: CAN | C13: Canada | D13: NAM | E13: T4 | F13: 4.575 | G13: 4575 | H13: 1284 | I13: 3851 | J13: 2852 | K13: $0.10-0.14/kWh
... A245: EN_Hydro_JOR_T4 | B245: JOR | C245: Jordan | D245: MEA | E245: T4 | F245: 0.015 | G245: 15 | H245: 1256 | I245: 3767 | J245: 2790 | K245: $0.10-0.14/kWh

Sheet LNG Terminals
A1: This is independent of model regional aggregation
A2: source: TF - step 10 - LNG terminals SubRES - model independent.sql
D4: ~FI_T | L4: ~FI_Process
B5: TechName | C5: Comm-IN | D5: Comm-OUT | E5: EFF | F5: LIFE | G5: NCAP_BND~0 | H5: PASTI | I5: Cap2ACT | J5: Year | L5: Sets | M5: TechName | N5: TechDesc | O5: TCap | P5: TAct | Q5: pcg
B6: LNG_exp_FLNG_AUS | C6: GASNGA | D6: GASLNG | E6: 0.9 | F6: 200 | G6: 2 | H6: 3.6 | I6: 54 | J6: 2019 | L6: PRE | M6: LNG_exp_FLNG_AUS | N6: LNG export terminals - FLNG - Australia | O6: mtpa | P6: PJ
B7: LNG_exp_FLNG_CMR | C7: GASNGA | D7: GASLNG | E7: 0.9 | F7: 200 | G7: 2 | H7: 2.4 | I7: 54 | J7: 2018 | L7: PRE | M7: LNG_exp_FLNG_CMR | N7: LNG export terminals - FLNG - Cameroon | O7: mtpa | P7: PJ
B8: LNG_exp_FLNG_COD | C8: GASNGA | D8: GASLNG | E8: 0.9 | F8: 200 | G8: 2 | H8: 3 | I8: 54 | J8: 2023 | L8: PRE | M8: LNG_exp_FLNG_COD | N8: LNG export terminals - FLNG - Democratic Republic of the Congo | O8: mtpa | P8: PJ
B9: LNG_exp_FLNG_GAB | C9: GASNGA | D9: GASLNG | E9: 0.9 | F9: 200 | G9: 2 | H9: 0.7 | I9: 54 | J9: 2026 | L9: PRE | M9: LNG_exp_FLNG_GAB | N9: LNG export terminals - FLNG - Gabon | O9: mtpa | P9: PJ
B10: LNG_exp_FLNG_MOZ | C10: GASNGA | D10: GASLNG | E10: 0.9 | F10: 200 | G10: 2 | H10: 3.4 | I10: 54 | J10: 2022 | L10: PRE | M10: LNG_exp_FLNG_MOZ | N10: LNG export terminals - FLNG - Mozambique | O10: mtpa | P10: PJ
B11: LNG_exp_FLNG_MYS | C11: GASNGA | D11: GASLNG | E11: 0.9 | F11: 200 | G11: 2 | H11: 1.2 | I11: 54 | J11: 2017 | L11: PRE | M11: LNG_exp_FLNG_MYS | N11: LNG export terminals - FLNG - Malaysia | O11: mtpa | P11: PJ
B12: LNG_exp_FLNG_MYS | C12: GASNGA | D12: GASLNG | E12: 0.9 | F12: 200 | G12: 2 | H12: 1.5 | I12: 54 | J12: 2020 | L12: PRE | M12: LNG_exp_FLNG_MYS | N12: LNG export terminals - FLNG - Malaysia | O12: mtpa | P12: PJ
B13: LNG_exp_FLNG_MYS | C13: GASNGA | D13: GASLNG | E13: 0.9 | F13: 200 | G13: 2 | H13: 2 | I13: 54 | J13: 2027 | L13: PRE | M13: LNG_exp_FLNG_MYS | N13: LNG export terminals - FLNG - Malaysia | O13: mtpa | P13: PJ
B14: LNG_exp_FLNG_SEN | C14: GASNGA | D14: GASLNG | E14: 0.9 | F14: 200 | G14: 2 | H14: 2.5 | I14: 54 | J14: 2023 | L14: PRE | M14: LNG_exp_FLNG_SEN | N14: LNG export terminals - FLNG - Mauritania/Senegal | O14: mtpa | P14: PJ
B15: LNG_exp_Onshore_AGO | C15: GASNGA | D15: GASLNG | E15: 0.9 | F15: 200 | G15: 2 | H15: 5.2 | I15: 54 | J15: 2013 | L15: PRE | M15: LNG_exp_Onshore_AGO | N15: LNG export terminals - Onshore - Angola | O15: mtpa | P15: PJ
B16: LNG_exp_Onshore_ARE | C16: GASNGA | D16: GASLNG | E16: 0.9 | F16: 200 | G16: 2 | H16: 2.6 | I16: 54 | J16: 1977 | L16: PRE | M16: LNG_exp_Onshore_ARE | N16: LNG export terminals - Onshore - UAE | O16: mtpa | P16: PJ
B17: LNG_exp_Onshore_ARE | C17: GASNGA | D17: GASLNG | E17: 0.9 | F17: 200 | G17: 2 | H17: 3.2 | I17: 54 | J17: 1994 | L17: PRE | M17: LNG_exp_Onshore_ARE | N17: LNG export terminals - Onshore - UAE | O17: mtpa | P17: PJ
... B89: LNG_exp_Onshore_USA | C89: GASNGA | D89: GASLNG | E89: 0.9 | F89: 200 | G89: 2 | H89: 32 | I89: 54 | J89: 2025 | L89: PRE | M89: LNG_exp_Onshore_USA | N89: LNG export terminals - Onshore - USA | O89: mtpa | P89: PJ
B90: LNG_imp_FSRU _BRA | C90: GASLNG | D90: GASNGA | E90: 0.9755 | F90: 200 | G90: 2 | H90: 9.8294118 | I90: 54 | J90: 2009 | L90: PRE | M90: LNG_imp_FSRU _BRA | N90: LNG import terminals - FSRU - Brazil | O90: mtpa | P90: PJ | Q90: GASLNG
B91: LNG_imp_FSRU_ARE | C91: GASLNG | D91: GASNGA | E91: 0.9755 | F91: 200 | G91: 2 | H91: 3.8 | I91: 54 | J91: 2016 | L91: PRE | M91: LNG_imp_FSRU_ARE | N91: LNG import terminals - FSRU - UAE | O91: mtpa | P91: PJ | Q91: GASLNG
B92: LNG_imp_FSRU_ARE | C92: GASLNG | D92: GASNGA | E92: 0.9755 | F92: 200 | G92: 2 | H92: 6.0294118 | I92: 54 | J92: 2010 | L92: PRE | M92: LNG_imp_FSRU_ARE | N92: LNG import terminals - FSRU - UAE | O92: mtpa | P92: PJ | Q92: GASLNG
B93: LNG_imp_FSRU_ARG | C93: GASLNG | D93: GASNGA | E93: 0.9755 | F93: 200 | G93: 2 | H93: 6.1 | I93: 54 | J93: 2011 | L93: PRE | M93: LNG_imp_FSRU_ARG | N93: LNG import terminals - FSRU - Argentina | O93: mtpa | P93: PJ | Q93: GASLNG
B94: LNG_imp_FSRU_AUS | C94: GASLNG | D94: GASNGA | E94: 0.9755 | F94: 200 | G94: 2 | H94: 2 | I94: 54 | J94: 2023 | L94: PRE | M94: LNG_imp_FSRU_AUS | N94: LNG import terminals - FSRU - Australia | O94: mtpa | P94: PJ | Q94: GASLNG
B95: LNG_imp_FSRU_BGD | C95: GASLNG | D95: GASNGA | E95: 0.9755 | F95: 200 | G95: 2 | H95: 3.8 | I95: 54 | J95: 2018 | L95: PRE | M95: LNG_imp_FSRU_BGD | N95: LNG import terminals - FSRU - Bangladesh | O95: mtpa | P95: PJ | Q95: GASLNG
B96: LNG_imp_FSRU_BGD | C96: GASLNG | D96: GASNGA | E96: 0.9755 | F96: 200 | G96: 2 | H96: 3.8 | I96: 54 | J96: 2019 | L96: PRE | M96: LNG_imp_FSRU_BGD | N96: LNG import terminals - FSRU - Bangladesh | O96: mtpa | P96: PJ | Q96: GASLNG
B97: LNG_imp_FSRU_BRA | C97: GASLNG | D97: GASNGA | E97: 0.9755 | F97: 200 | G97: 2 | H97: 5.6 | I97: 54 | J97: 2013 | L97: PRE | M97: LNG_imp_FSRU_BRA | N97: LNG import terminals - FSRU - Brazil | O97: mtpa | P97: PJ | Q97: GASLNG
B98: LNG_imp_FSRU_BRA | C98: GASLNG | D98: GASNGA | E98: 0.9755 | F98: 200 | G98: 2 | H98: 11.2 | I98: 54 | J98: 2020 | L98: PRE | M98: LNG_imp_FSRU_BRA | N98: LNG import terminals - FSRU - Brazil | O98: mtpa | P98: PJ | Q98: GASLNG
B99: LNG_imp_FSRU_BRA | C99: GASLNG | D99: GASNGA | E99: 0.9755 | F99: 200 | G99: 2 | H99: 11.3 | I99: 54 | J99: 2023 | L99: PRE | M99: LNG_imp_FSRU_BRA | N99: LNG import terminals - FSRU - Brazil | O99: mtpa | P99: PJ | Q99: GASLNG
B100: LNG_imp_FSRU_CHN | C100: GASLNG | D100: GASNGA | E100: 0.9755 | F100: 200 | G100: 2 | H100: 6 | I100: 54 | J100: 2013 | L100: PRE | M100: LNG_imp_FSRU_CHN | N100: LNG import terminals - FSRU - China | O100: mtpa | P100: PJ | Q100: GASLNG
B101: LNG_imp_FSRU_COL | C101: GASLNG | D101: GASNGA | E101: 0.9755 | F101: 200 | G101: 2 | H101: 4 | I101: 54 | J101: 2016 | L101: PRE | M101: LNG_imp_FSRU_COL | N101: LNG import terminals - FSRU - Colombia | O101: mtpa | P101: PJ | Q101: GASLNG
... B263: LNG_imp_Onshore_VNM | C263: GASLNG | D263: GASNGA | E263: 0.9755 | F263: 200 | G263: 2 | H263: 5 | I263: 54 | J263: 2022 | L263: PRE | M263: LNG_imp_Onshore_VNM | N263: LNG import terminals - Onshore - Vietnam | O263: mtpa | P263: PJ | Q263: GASLNG

Sheet storage doc
A1: CO₂ geological storage supply curves — country steps
A2: Generated: 2026-08-06
A3: Package: 7co2_transport_storage | methodology: CCS_SUPPLY_CURVES_METHODOLOGY.md
A5: What this workbook is
A6: One process per country × storage supply-curve step (saline / petroleum,
A7: distance band, quality tier, onshore pipe / offshore pipe / ship).
A8: Kept at ISO level so each model region only sees the countries it owns
A9: (via AVA on the _ISO3 suffix in the process name) — no pre-aggregation
A10: that would let one country borrow a neighbour's storage headroom.
A11: Meant to sit in the REZoning SubRES; this file is for review before fold-in.
A13: What a step represents
A14: Capacity (P10 / P50 / P90), a transport+storage unit cost, and a share of
... A70: Input files: storage_potential_by_country.csv ; supply_curve_steps_global_PESSCOST.csv

Sheet storage_ISO_steps
C2: ~FI_T: ACT_BND~USD20~UP | V2: ~FI_Process
A3: TechName | B3: Comm-IN | C3: ACT_CUM | D3: ACT_CUM_P10 | E3: ACT_CUM_P50 | F3: ACT_CUM_P90 | G3: ACT_COST | H3: ACT_COST_PessCost | I3: ACT_COST_PessFOAK | J3: 2025 | K3: 2030 | L3: 2035 | M3: 2040 | N3: 2045 | O3: 2050 | P3: 2060 | Q3: 2070 | R3: 2080 | S3: 2090 | T3: 2100 | V3: Sets | W3: TechName | X3: TechDesc | Y3: TCap | Z3: TAct | AB3: country | AC3: iso3 | AD3: category | AE3: subtype | AF3: onshore_offshore | AG3: cost_step | AH3: dist_band | AI3: quality_tier | AJ3: sink_mode | AK3: n_sites | AL3: capacity_Mt_P10 | AM3: capacity_Mt_P50 | AN3: capacity_Mt_P90 | AO3: share_emissions_weighted | AP3: mtco2_pa_demand_proximity | AQ3: transport_usd_per_t | AR3: storage_usd_per_t | AS3: ts_total_usd_per_t | AT3: transport_usd_per_t_pess | AU3: storage_usd_per_t_pess | AV3: ts_total_usd_per_t_pess | AW3: inj_rate_step_Mtpa | AX3: inj_rate_step_Mtpa_2100 | AY3: inj_rate_method | AZ3: range_reported | BA3: source | BB3: quality_flag | BC3: pess_matched
A4: STO_Saline_onshore_D1Q3P_AFG | B4: CO2ForStorage | C4: 5913000 | D4: 3215300 | E4: 5913000 | F4: 11985200 | G4: 0.01540609 | H4: 0.050623746 | I4: 0.075935619 | J4: 236520 | K4: 234296.09 | L4: 232072.19 | M4: 229848.28 | N4: 227624.38 | O4: 225400.47 | P4: 220952.66 | Q4: 216504.85 | R4: 212057.04 | S4: 207609.23 | T4: 203161.42 | V4: PRE | W4: STO_Saline_onshore_D1Q3P_AFG | X4: CO2 storage step -- Saline (2 sites) - onshore_pipe - 0-50km - Afghanistan | Y4: ktpa | Z4: kt | AB4: Afghanistan | AC4: AFG | AD4: Saline | AF4: onshore | AG4: D1Q3P | AH4: 0-50km | AI4: Q3 | AJ4: onshore_pipe | AK4: 2 | AL4: 3215.3 | AM4: 5913 | AN4: 11985.2 | AO4: 0.58523867 | AP4: 0.4377 | AQ4: 0.68070854 | AR4: 14.725382 | AS4: 15.40609 | AT4: 1.9123716 | AU4: 48.711374 | AV4: 50.623746 | AW4: 236.52 | AX4: 203.16142 | AY4: pressure_limited_rerun | AZ4: P10/P50/P90 (category-ratio envelope) | BA4: phase2_distance_engine | BB4: emissions_weighted+life_capped | BC4: TRUE
A5: STO_Saline_onshore_D2Q3P_AFG | B5: CO2ForStorage | C5: 4190500 | D5: 2278700 | E5: 4190500 | F5: 8494000 | G5: 0.02284983 | H5: 0.060085602 | I5: 0.090128404 | J5: 167620 | K5: 166043.93 | L5: 164467.87 | M5: 162891.8 | N5: 161315.74 | O5: 159739.67 | P5: 156587.54 | Q5: 153435.41 | R5: 150283.28 | S5: 147131.15 | T5: 143979.02 | V5: PRE | W5: STO_Saline_onshore_D2Q3P_AFG | X5: CO2 storage step -- Saline (1 site) - onshore_pipe - 50-200km - Afghanistan | Y5: ktpa | Z5: kt | AB5: Afghanistan | AC5: AFG | AD5: Saline | AF5: onshore | AG5: D2Q3P | AH5: 50-200km | AI5: Q3 | AJ5: onshore_pipe | AK5: 1 | AL5: 2278.7 | AM5: 4190.5 | AN5: 8494 | AO5: 0.41476133 | AP5: 0.3102 | AQ5: 8.1244487 | AR5: 14.725382 | AS5: 22.84983 | AT5: 11.374228 | AU5: 48.711374 | AV5: 60.085602 | AW5: 167.62 | AX5: 143.97902 | AY5: pressure_limited_rerun | AZ5: P10/P50/P90 (category-ratio envelope) | BA5: phase2_distance_engine | BB5: emissions_weighted+life_capped | BC5: TRUE
A6: STO_Saline_onshore_D1Q2P_AGO | B6: CO2ForStorage | C6: 8147300 | D6: 4430300 | E6: 8147300 | F6: 16514200 | G6: 0.0079356481 | H6: 0.023923013 | I6: 0.035884519 | J6: 325892 | K6: 325892 | L6: 325892 | M6: 325892 | N6: 325892 | O6: 325892 | P6: 325892 | Q6: 325892 | R6: 325892 | S6: 325892 | T6: 325892 | V6: PRE | W6: STO_Saline_onshore_D1Q2P_AGO | X6: CO2 storage step -- Saline (6 sites) - onshore_pipe - 0-50km - Angola | Y6: ktpa | Z6: kt | AB6: Angola | AC6: AGO | AD6: Saline | AF6: onshore | AG6: D1Q2P | AH6: 0-50km | AI6: Q2 | AJ6: onshore_pipe | AK6: 6 | AL6: 4430.3 | AM6: 8147.3 | AN6: 16514.2 | AO6: 1 | AP6: 7.4369 | AQ6: 0.18564814 | AR6: 7.75 | AS6: 7.9356481 | AT6: 0.32301285 | AU6: 23.6 | AV6: 23.923013 | AW6: 325.892 | AX6: 325.892 | AY6: pressure_limited_rerun | AZ6: P10/P50/P90 (category-ratio envelope) | BA6: phase2_distance_engine | BB6: emissions_weighted+life_capped | BC6: TRUE
A7: STO_Saline_onshore_D1Q3P_ALB | B7: CO2ForStorage | C7: 1721700 | D7: 936200 | E7: 1721700 | F7: 3489700 | G7: 0.014704492 | J7: 68868 | K7: 68868 | L7: 68868 | M7: 68868 | N7: 68868 | O7: 68868 | P7: 68868 | Q7: 68868 | R7: 68868 | S7: 68868 | T7: 68868 | V7: PRE | W7: STO_Saline_onshore_D1Q3P_ALB | X7: CO2 storage step -- Saline (1 site) - onshore_pipe - 0-50km - Albania | Y7: ktpa | Z7: kt | AB7: Albania | AC7: ALB | AD7: Saline | AF7: onshore | AG7: D1Q3P | AH7: 0-50km | AI7: Q3 | AJ7: onshore_pipe | AK7: 1 | AL7: 936.2 | AM7: 1721.7 | AN7: 3489.7 | AO7: 0.45112782 | AP7: 1.02 | AQ7: 0.38047643 | AR7: 14.324015 | AS7: 14.704492 | AW7: 68.868 | AX7: 68.868 | AY7: pressure_limited_rerun | AZ7: P10/P50/P90 (category-ratio envelope) | BA7: phase2_distance_engine | BB7: emissions_weighted+life_capped | BC7: FALSE
A8: STO_Saline_onshore_D2Q2P_ALB | B8: CO2ForStorage | C8: 100 | D8: 0 | E8: 100 | F8: 200 | G8: 0.014478038 | H8: 0.033019253 | I8: 0.049528879 | J8: 4 | K8: 4 | L8: 4 | M8: 4 | N8: 4 | O8: 4 | P8: 4 | Q8: 4 | R8: 4 | S8: 4 | T8: 4 | V8: PRE | W8: STO_Saline_onshore_D2Q2P_ALB | X8: CO2 storage step -- Saline (1 site) - onshore_pipe - 50-200km - Albania | Y8: ktpa | Z8: kt | AB8: Albania | AC8: ALB | AD8: Saline | AF8: onshore | AG8: D2Q2P | AH8: 50-200km | AI8: Q2 | AJ8: onshore_pipe | AK8: 1 | AL8: 0 | AM8: 0.1 | AN8: 0.2 | AO8: 0.54887218 | AP8: 1.241 | AQ8: 6.7280376 | AR8: 7.75 | AS8: 14.478038 | AT8: 9.4192526 | AU8: 23.6 | AV8: 33.019253 | AW8: 0.004 | AX8: 0.004 | AY8: pressure_limited_rerun | AZ8: P10/P50/P90 (category-ratio envelope) | BA8: phase2_distance_engine | BB8: emissions_weighted+life_capped | BC8: TRUE
A9: STO_Petroleum_onshore_D1Q3P_ARE | B9: CO2ForStorage | C9: 16260700 | D9: 12480600 | E9: 16260700 | F9: 27378400 | G9: 0.008399943 | H9: 0.023700754 | I9: 0.03555113 | J9: 147144 | K9: 147144 | L9: 147144 | M9: 147144 | N9: 147144 | O9: 147144 | P9: 147144 | Q9: 147144 | R9: 147144 | S9: 147144 | T9: 147144 | V9: PRE | W9: STO_Petroleum_onshore_D1Q3P_ARE | X9: CO2 storage step -- Petroleum (2 sites) - onshore_pipe - 0-50km - United Arab Emirates | Y9: ktpa | Z9: kt | AB9: United Arab Emirates | AC9: ARE | AD9: Petroleum | AF9: onshore | AG9: D1Q3P | AH9: 0-50km | AI9: Q3 | AJ9: onshore_pipe | AK9: 2 | AL9: 12480.6 | AM9: 16260.7 | AN9: 27378.4 | AO9: 0.048457143 | AP9: 4.4531 | AQ9: 0.22363654 | AR9: 8.1763065 | AS9: 8.399943 | AT9: 0.50868078 | AU9: 23.192073 | AV9: 23.700754 | AW9: 147.144 | AX9: 147.144 | AY9: voidage | AZ9: P10/P50/P90 (category-ratio envelope) | BA9: phase2_distance_engine | BB9: emissions_weighted | BC9: TRUE
A10: STO_Saline_onshore_D1Q2P_ARE | B10: CO2ForStorage | C10: 2531600 | D10: 1376600 | E10: 2531600 | F10: 5131400 | G10: 0.0077884548 | H10: 0.023802097 | I10: 0.035703146 | J10: 0 | K10: 0 | L10: 0 | M10: 0 | N10: 0 | O10: 0 | P10: 0 | Q10: 0 | R10: 0 | S10: 0 | T10: 0 | V10: PRE | W10: STO_Saline_onshore_D1Q2P_ARE | X10: CO2 storage step -- Saline (37 sites) - onshore_pipe - 0-50km - United Arab Emirates | Y10: ktpa | Z10: kt | AB10: United Arab Emirates | AC10: ARE | AD10: Saline | AF10: onshore | AG10: D1Q2P | AH10: 0-50km | AI10: Q2 | AJ10: onshore_pipe | AK10: 37 | AL10: 1376.6 | AM10: 2531.6 | AN10: 5131.4 | AO10: 0.95154286 | AP10: 87.4446 | AQ10: 0.038454762 | AR10: 7.75 | AS10: 7.7884548 | AT10: 0.20209729 | AU10: 23.6 | AV10: 23.802097 | AW10: 0 | AX10: 0 | AY10: no_tier1_rate | AZ10: P10/P50/P90 (category-ratio envelope) | BA10: phase2_distance_engine | BB10: emissions_weighted | BC10: TRUE
A11: STO_Petroleum_onshore_D2Q1P_ARG | B11: CO2ForStorage | C11: 9789000 | D11: 7513400 | E11: 9789000 | F11: 16481900 | G11: 0.0068192762 | H11: 0.016311822 | I11: 0.024467733 | J11: 97890 | K11: 97890 | L11: 97890 | M11: 97890 | N11: 97890 | O11: 97890 | P11: 97890 | Q11: 97890 | R11: 97890 | S11: 97890 | T11: 97890 | V11: PRE | W11: STO_Petroleum_onshore_D2Q1P_ARG | X11: CO2 storage step -- Petroleum (3 sites) - onshore_pipe - 50-200km - Argentina | Y11: ktpa | Z11: kt | AB11: Argentina | AC11: ARG | AD11: Petroleum | AF11: onshore | AG11: D2Q1P | AH11: 50-200km | AI11: Q1 | AJ11: onshore_pipe | AK11: 3 | AL11: 7513.4 | AM11: 9789 | AN11: 16481.9 | AO11: 0.03524169 | AP11: 1.705 | AQ11: 3.0992762 | AR11: 3.72 | AS11: 6.8192762 | AT11: 7.6318221 | AU11: 8.68 | AV11: 16.311822 | AW11: 97.89 | AX11: 97.89 | AY11: voidage | AZ11: P10/P50/P90 (category-ratio envelope) | BA11: phase2_distance_engine | BB11: emissions_weighted | BC11: TRUE
A12: STO_Saline_onshore_D1Q2P_ARG | B12: CO2ForStorage | C12: 18371400 | D12: 9990000 | E12: 18371400 | F12: 37237700 | G12: 0.0081207679 | H12: 0.024595954 | I12: 0.036893931 | J12: 591739.19 | K12: 576339.68 | L12: 560940.17 | M12: 545540.66 | N12: 530141.15 | O12: 514741.64 | P12: 483942.62 | Q12: 453143.59 | R12: 422344.57 | S12: 391545.55 | T12: 360746.53 | V12: PRE | W12: STO_Saline_onshore_D1Q2P_ARG | X12: CO2 storage step -- Saline (31 sites) - onshore_pipe - 0-50km - Argentina | Y12: ktpa | Z12: kt | AB12: Argentina | AC12: ARG | AD12: Saline | AF12: onshore | AG12: D1Q2P | AH12: 0-50km | AI12: Q2 | AJ12: onshore_pipe | AK12: 31 | AL12: 9990 | AM12: 18371.4 | AN12: 37237.7 | AO12: 0.75358928 | AP12: 36.4588 | AQ12: 0.37076791 | AR12: 7.75 | AS12: 8.1207679 | AT12: 0.9959538 | AU12: 23.6 | AV12: 24.595954 | AW12: 591.73919 | AX12: 360.74653 | AY12: pressure_limited_rerun | AZ12: P10/P50/P90 (category-ratio envelope) | BA12: phase2_distance_engine | BB12: emissions_weighted | BC12: TRUE
A13: STO_Saline_onshore_D1Q3P_ARG | B13: CO2ForStorage | C13: 90302800 | D13: 49104700 | E13: 90302800 | F13: 183038200 | G13: 0.014052294 | J13: 2908635.5 | K13: 2832940.7 | L13: 2757245.9 | M13: 2681551.2 | N13: 2605856.4 | O13: 2530161.6 | P13: 2378772.1 | Q13: 2227382.5 | R13: 2075993 | S13: 1924603.4 | T13: 1773213.9 | V13: PRE | W13: STO_Saline_onshore_D1Q3P_ARG | X13: CO2 storage step -- Saline (4 sites) - onshore_pipe - 0-50km - Argentina | Y13: ktpa | Z13: kt | AB13: Argentina | AC13: ARG | AD13: Saline | AF13: onshore | AG13: D1Q3P | AH13: 0-50km | AI13: Q3 | AJ13: onshore_pipe | AK13: 4 | AL13: 49104.7 | AM13: 90302.8 | AN13: 183038.2 | AO13: 0.050944395 | AP13: 2.4647 | AQ13: 0.41267716 | AR13: 13.639616 | AS13: 14.052294 | AW13: 2908.6355 | AX13: 1773.2139 | AY13: pressure_limited_rerun | AZ13: P10/P50/P90 (category-ratio envelope) | BA13: phase2_distance_engine | BB13: emissions_weighted | BC13: FALSE
A14: STO_Saline_onshore_D2Q2P_ARG | B14: CO2ForStorage | C14: 3906000 | D14: 2124000 | E14: 3906000 | F14: 7917300 | G14: 0.011081341 | H14: 0.030485606 | I14: 0.045728408 | J14: 125811.49 | K14: 122537.36 | L14: 119263.22 | M14: 115989.08 | N14: 112714.94 | O14: 109440.81 | P14: 102892.53 | Q14: 96344.257 | R14: 89795.982 | S14: 83247.707 | T14: 76699.432 | V14: PRE | W14: STO_Saline_onshore_D2Q2P_ARG | X14: CO2 storage step -- Saline (8 sites) - onshore_pipe - 50-200km - Argentina | Y14: ktpa | Z14: kt | AB14: Argentina | AC14: ARG | AD14: Saline | AF14: onshore | AG14: D2Q2P | AH14: 50-200km | AI14: Q2 | AJ14: onshore_pipe | AK14: 8 | AL14: 2124 | AM14: 3906 | AN14: 7917.3 | AO14: 0.16022464 | AP14: 7.7517 | AQ14: 3.3313409 | AR14: 7.75 | AS14: 11.081341 | AT14: 6.8856056 | AU14: 23.6 | AV14: 30.485606 | AW14: 125.81149 | AX14: 76.699432 | AY14: pressure_limited_rerun | AZ14: P10/P50/P90 (category-ratio envelope) | BA14: phase2_distance_engine | BB14: emissions_weighted | BC14: TRUE
A15: STO_Saline_offshore_D3Q3S_ARM | B15: CO2ForStorage | C15: 0 | D15: 0 | E15: 0 | F15: 0 | G15: 0.077606254 | H15: 0.13237551 | I15: 0.19856326 | J15: 0 | K15: 0 | L15: 0 | M15: 0 | N15: 0 | O15: 0 | P15: 0 | Q15: 0 | R15: 0 | S15: 0 | T15: 0 | V15: PRE | W15: STO_Saline_offshore_D3Q3S_ARM | X15: CO2 storage step -- Saline (1 site) - offshore_ship - 200-500km - ARM | Y15: ktpa | Z15: kt | AB15: ARM | AC15: ARM | AD15: Saline | AF15: offshore | AG15: D3Q3S | AH15: 200-500km | AI15: Q3 | AJ15: offshore_ship | AK15: 1 | AL15: 0 | AM15: 0 | AN15: 0 | AO15: 0.55988097 | AP15: 0.9219 | AQ15: 36.090438 | AR15: 41.515816 | AS15: 77.606254 | AT15: 53.913043 | AU15: 78.462462 | AV15: 132.37551 | AW15: 0 | AX15: 0 | AY15: pressure_limited_rerun | AZ15: P10/P50/P90 (category-ratio envelope) | BA15: phase2_distance_engine | BB15: emissions_weighted | BC15: TRUE
A16: STO_Saline_onshore_D1Q3P_ARM | B16: CO2ForStorage | C16: 20100 | D16: 10900 | E16: 20100 | F16: 40700 | G16: 0.015221687 | J16: 804 | K16: 804 | L16: 804 | M16: 804 | N16: 804 | O16: 804 | P16: 804 | Q16: 804 | R16: 804 | S16: 804 | T16: 804 | V16: PRE | W16: STO_Saline_onshore_D1Q3P_ARM | X16: CO2 storage step -- Saline (2 sites) - onshore_pipe - 0-50km - ARM | Y16: ktpa | Z16: kt | AB16: ARM | AC16: ARM | AD16: Saline | AF16: onshore | AG16: D1Q3P | AH16: 0-50km | AI16: Q3 | AJ16: onshore_pipe | AK16: 2 | AL16: 10.9 | AM16: 20.1 | AN16: 40.7 | AO16: 0.44011903 | AP16: 0.7247 | AQ16: 0.39461032 | AR16: 14.827077 | AS16: 15.221687 | AW16: 0.804 | AX16: 0.804 | AY16: pressure_limited_rerun | AZ16: P10/P50/P90 (category-ratio envelope) | BA16: phase2_distance_engine | BB16: emissions_weighted+life_capped | BC16: FALSE
A17: STO_Petroleum_onshore_D2Q1P_AUS | B17: CO2ForStorage | C17: 182500 | D17: 140100 | E17: 182500 | F17: 307400 | G17: 0.0064609799 | H17: 0.012517372 | I17: 0.018776058 | J17: 7300 | K17: 7300 | L17: 7300 | M17: 7300 | N17: 7300 | O17: 7300 | P17: 7300 | Q17: 7300 | R17: 7300 | S17: 7300 | T17: 7300 | V17: PRE | W17: STO_Petroleum_onshore_D2Q1P_AUS | X17: CO2 storage step -- Petroleum (1 site) - onshore_pipe - 50-200km - Australia | Y17: ktpa | Z17: kt | AB17: Australia | AC17: AUS | AD17: Petroleum | AF17: onshore | AG17: D2Q1P | AH17: 50-200km | AI17: Q1 | AJ17: onshore_pipe | AK17: 1 | AL17: 140.1 | AM17: 182.5 | AN17: 307.4 | AO17: 0.043052703 | AP17: 6.14 | AQ17: 2.7409799 | AR17: 3.72 | AS17: 6.4609799 | AT17: 3.8373719 | AU17: 8.68 | AV17: 12.517372 | AW17: 7.3 | AX17: 7.3 | AY17: voidage | AZ17: P10/P50/P90 (category-ratio envelope) | BA17: phase2_distance_engine | BB17: emissions_weighted+life_capped | BC17: TRUE
A18: STO_Petroleum_onshore_D3Q1P_AUS | B18: CO2ForStorage | C18: 1315200 | D18: 1009500 | E18: 1315200 | F18: 2214400 | G18: 0.0054694275 | H18: 0.012986482 | I18: 0.019479723 | J18: 52608 | K18: 52608 | L18: 52608 | M18: 52608 | N18: 52608 | O18: 52608 | P18: 52608 | Q18: 52608 | R18: 52608 | S18: 52608 | T18: 52608 | V18: PRE | W18: STO_Petroleum_onshore_D3Q1P_AUS | X18: CO2 storage step -- Petroleum (5 sites) - onshore_pipe - 200-500km - Australia | Y18: ktpa | Z18: kt | AB18: Australia | AC18: AUS | AD18: Petroleum | AF18: onshore | AG18: D3Q1P | AH18: 200-500km | AI18: Q1 | AJ18: onshore_pipe | AK18: 5 | AL18: 1009.5 | AM18: 1315.2 | AN18: 2214.4 | AO18: 0.31018982 | AP18: 44.238 | AQ18: 1.7494275 | AR18: 3.72 | AS18: 5.4694275 | AT18: 4.3064823 | AU18: 8.68 | AV18: 12.986482 | AW18: 52.608 | AX18: 52.608 | AY18: voidage | AZ18: P10/P50/P90 (category-ratio envelope) | BA18: phase2_distance_engine | BB18: emissions_weighted+life_capped | BC18: TRUE
A19: STO_Saline_onshore_D1Q1P_AUS | B19: CO2ForStorage | C19: 160700 | D19: 87400 | E19: 160700 | F19: 325600 | G19: 0.0068213622 | H19: 0.016491431 | I19: 0.024737147 | J19: 3537.6732 | K19: 3440.3577 | L19: 3343.0422 | M19: 3245.7267 | N19: 3148.4112 | O19: 3051.0957 | P19: 2856.4647 | Q19: 2661.8338 | R19: 2467.2028 | S19: 2272.5718 | T19: 2077.9408 | V19: PRE | W19: STO_Saline_onshore_D1Q1P_AUS | X19: CO2 storage step -- Saline (6 sites) - onshore_pipe - 0-50km - Australia | Y19: ktpa | Z19: kt | AB19: Australia | AC19: AUS | AD19: Saline | AF19: onshore | AG19: D1Q1P | AH19: 0-50km | AI19: Q1 | AJ19: onshore_pipe | AK19: 6 | AL19: 87.4 | AM19: 160.7 | AN19: 325.6 | AO19: 0.037890586 | AP19: 5.4038 | AQ19: 0.62136219 | AR19: 6.2 | AS19: 6.8213622 | AT19: 1.6114313 | AU19: 14.88 | AV19: 16.491431 | AW19: 3.5376732 | AX19: 2.0779408 | AY19: pressure_limited_rerun | AZ19: P10/P50/P90 (category-ratio envelope) | BA19: phase2_distance_engine | BB19: emissions_weighted | BC19: TRUE
A20: STO_Saline_onshore_D1Q2P_AUS | B20: CO2ForStorage | C20: 43037200 | D20: 23402700 | E20: 43037200 | F20: 87233700 | G20: 0.0081093171 | H20: 0.024357233 | I20: 0.036535849 | J20: 947427.19 | K20: 921365.04 | L20: 895302.9 | M20: 869240.76 | N20: 843178.62 | O20: 817116.47 | P20: 764992.19 | Q20: 712867.9 | R20: 660743.62 | S20: 608619.33 | T20: 556495.04 | V20: PRE | W20: STO_Saline_onshore_D1Q2P_AUS | X20: CO2 storage step -- Saline (30 sites) - onshore_pipe - 0-50km - Australia | Y20: ktpa | Z20: kt | AB20: Australia | AC20: AUS | AD20: Saline | AF20: onshore | AG20: D1Q2P | AH20: 0-50km | AI20: Q2 | AJ20: onshore_pipe | AK20: 30 | AL20: 23402.7 | AM20: 43037.2 | AN20: 87233.7 | AO20: 0.35615314 | AP20: 50.7931 | AQ20: 0.3593171 | AR20: 7.75 | AS20: 8.1093171 | AT20: 0.75723287 | AU20: 23.6 | AV20: 24.357233 | AW20: 947.42719 | AX20: 556.49504 | AY20: pressure_limited_rerun | AZ20: P10/P50/P90 (category-ratio envelope) | BA20: phase2_distance_engine | BB20: emissions_weighted | BC20: TRUE
A21: STO_Saline_onshore_D1Q3P_AUS | B21: CO2ForStorage | C21: 172404600 | D21: 93749800 | E21: 172404600 | F21: 349453400 | G21: 0.015570465 | H21: 0.04745665 | I21: 0.071184975 | J21: 3795340 | K21: 3690936.5 | L21: 3586533 | M21: 3482129.5 | N21: 3377726.1 | O21: 3273322.6 | P21: 3064515.6 | Q21: 2855708.7 | R21: 2646901.7 | S21: 2438094.8 | T21: 2229287.8 | V21: PRE | W21: STO_Saline_onshore_D1Q3P_AUS | X21: CO2 storage step -- Saline (5 sites) - onshore_pipe - 0-50km - Australia | Y21: ktpa | Z21: kt | AB21: Australia | AC21: AUS | AD21: Saline | AF21: onshore | AG21: D1Q3P | AH21: 0-50km | AI21: Q3 | AJ21: onshore_pipe | AK21: 5 | AL21: 93749.8 | AM21: 172404.6 | AN21: 349453.4 | AO21: 0.01070638 | AP21: 1.5269 | AQ21: 1.8333761 | AR21: 13.737088 | AS21: 15.570465 | AT21: 2.3031312 | AU21: 45.153519 | AV21: 47.45665 | AW21: 3795.34 | AX21: 2229.2878 | AY21: pressure_limited_rerun | AZ21: P10/P50/P90 (category-ratio envelope) | BA21: phase2_distance_engine | BB21: emissions_weighted | BC21: TRUE
A22: STO_Saline_onshore_D2Q1P_AUS | B22: CO2ForStorage | C22: 44900 | D22: 24400 | E22: 44900 | F22: 91000 | G22: 0.0071327789 | H22: 0.016934205 | I22: 0.025401307 | J22: 988.43514 | K22: 961.24493 | L22: 934.05473 | M22: 906.86453 | N22: 879.67432 | O22: 852.48412 | P22: 798.10371 | Q22: 743.72331 | R22: 689.3429 | S22: 634.9625 | T22: 580.58209 | V22: PRE | W22: STO_Saline_onshore_D2Q1P_AUS | X22: CO2 storage step -- Saline (1 site) - onshore_pipe - 50-200km - Australia | Y22: ktpa | Z22: kt | AB22: Australia | AC22: AUS | AD22: Saline | AF22: onshore | AG22: D2Q1P | AH22: 50-200km | AI22: Q1 | AJ22: onshore_pipe | AK22: 1 | AL22: 24.4 | AM22: 44.9 | AN22: 91 | AO22: 0.010586477 | AP22: 1.5098 | AQ22: 0.93277886 | AR22: 6.2 | AS22: 7.1327789 | AT22: 2.0542047 | AU22: 14.88 | AV22: 16.934205 | AW22: 0.98843514 | AX22: 0.58058209 | AY22: pressure_limited_rerun | AZ22: P10/P50/P90 (category-ratio envelope) | BA22: phase2_distance_engine | BB22: emissions_weighted | BC22: TRUE
A23: STO_Saline_onshore_D2Q2P_AUS | B23: CO2ForStorage | C23: 27476900 | D23: 14941300 | E23: 27476900 | F23: 55693900 | G23: 0.0094287921 | H23: 0.02753597 | I23: 0.041303955 | J23: 604880.48 | K23: 588241.22 | L23: 571601.97 | M23: 554962.72 | N23: 538323.46 | O23: 521684.21 | P23: 488405.7 | Q23: 455127.19 | R23: 421848.69 | S23: 388570.18 | T23: 355291.67 | V23: PRE | W23: STO_Saline_onshore_D2Q2P_AUS | X23: CO2 storage step -- Saline (16 sites) - onshore_pipe - 50-200km - Australia | Y23: ktpa | Z23: kt | AB23: Australia | AC23: AUS | AD23: Saline | AF23: onshore | AG23: D2Q2P | AH23: 50-200km | AI23: Q2 | AJ23: onshore_pipe | AK23: 16 | AL23: 14941.3 | AM23: 27476.9 | AN23: 55693.9 | AO23: 0.22738418 | AP23: 32.4286 | AQ23: 1.6787921 | AR23: 7.75 | AS23: 9.4287921 | AT23: 3.9359698 | AU23: 23.6 | AV23: 27.53597 | AW23: 604.88048 | AX23: 355.29167 | AY23: pressure_limited_rerun | AZ23: P10/P50/P90 (category-ratio envelope) | BA23: phase2_distance_engine | BB23: emissions_weighted | BC23: TRUE
A24: STO_Saline_onshore_D2Q3P_AUS | B24: CO2ForStorage | C24: 65003100 | D24: 35347300 | E24: 65003100 | F24: 131757400 | G24: 0.027396901 | H24: 0.064277256 | I24: 0.096415883 | J24: 1430987.7 | K24: 1391623.6 | L24: 1352259.5 | M24: 1312895.4 | N24: 1273531.4 | O24: 1234167.3 | P24: 1155439.1 | Q24: 1076710.9 | R24: 997982.75 | S24: 919254.58 | T24: 840526.41 | V24: PRE | W24: STO_Saline_onshore_D2Q3P_AUS | X24: CO2 storage step -- Saline (2 sites) - onshore_pipe - 50-200km - Australia | Y24: ktpa | Z24: kt | AB24: Australia | AC24: AUS | AD24: Saline | AF24: onshore | AG24: D2Q3P | AH24: 50-200km | AI24: Q3 | AJ24: onshore_pipe | AK24: 2 | AL24: 35347.3 | AM24: 65003.1 | AN24: 131757.4 | AO24: 0.0040367168 | AP24: 0.5757 | AQ24: 13.659812 | AR24: 13.737088 | AS24: 27.396901 | AT24: 19.123737 | AU24: 45.153519 | AV24: 64.277256 | AW24: 1430.9877 | AX24: 840.52641 | AY24: pressure_limited_rerun | AZ24: P10/P50/P90 (category-ratio envelope) | BA24: phase2_distance_engine | BB24: emissions_weighted | BC24: TRUE
A25: STO_Petroleum_onshore_D1Q1P_AUT | B25: CO2ForStorage | C25: 146000 | D25: 112100 | E25: 146000 | F25: 245800 | G25: 0.0041284479 | H25: 0.0093728152 | I25: 0.014059223 | J25: 2210 | K25: 2210 | L25: 2210 | M25: 2210 | N25: 2210 | O25: 2210 | P25: 2210 | Q25: 2210 | R25: 2210 | S25: 2210 | T25: 2210 | V25: PRE | W25: STO_Petroleum_onshore_D1Q1P_AUT | X25: CO2 storage step -- Petroleum (6 sites) - onshore_pipe - 0-50km - Austria | Y25: ktpa | Z25: kt | AB25: Austria | AC25: AUT | AD25: Petroleum | AF25: onshore | AG25: D1Q1P | AH25: 0-50km | AI25: Q1 | AJ25: onshore_pipe | AK25: 6 | AL25: 112.1 | AM25: 146 | AN25: 245.8 | AO25: 0.61563621 | AP25: 13.7969 | AQ25: 0.40844794 | AR25: 3.72 | AS25: 4.1284479 | AT25: 0.69281525 | AU25: 8.68 | AV25: 9.3728152 | AW25: 2.21 | AX25: 2.21 | AY25: voidage | AZ25: P10/P50/P90 (category-ratio envelope) | BA25: phase2_distance_engine | BB25: emissions_weighted | BC25: TRUE
A26: STO_Saline_onshore_D1Q3P_AUT | B26: CO2ForStorage | C26: 492000 | D26: 267500 | E26: 492000 | F26: 997300 | G26: 0.03009346 | H26: 0.099130473 | I26: 0.14869571 | J26: 19680 | K26: 19680 | L26: 19680 | M26: 19680 | N26: 19680 | O26: 19680 | P26: 19680 | Q26: 19680 | R26: 19680 | S26: 19680 | T26: 19680 | V26: PRE | W26: STO_Saline_onshore_D1Q3P_AUT | X26: CO2 storage step -- Saline (8 sites) - onshore_pipe - 0-50km - Austria | Y26: ktpa | Z26: kt | AB26: Austria | AC26: AUT | AD26: Saline | AF26: onshore | AG26: D1Q3P | AH26: 0-50km | AI26: Q3 | AJ26: onshore_pipe | AK26: 8 | AL26: 267.5 | AM26: 492 | AN26: 997.3 | AO26: 0.36498028 | AP26: 8.1795 | AQ26: 0.43961488 | AR26: 29.653845 | AS26: 30.09346 | AT26: 0.97662926 | AU26: 98.153844 | AV26: 99.130473 | AW26: 19.68 | AX26: 19.68 | AY26: pressure_limited_rerun | AZ26: P10/P50/P90 (category-ratio envelope) | BA26: phase2_distance_engine | BB26: emissions_weighted+life_capped | BC26: TRUE
A27: STO_Saline_onshore_D2Q3P_AUT | B27: CO2ForStorage | C27: 26100 | D27: 14200 | E27: 26100 | F27: 53000 | G27: 0.035518028 | H27: 0.1063637 | I27: 0.15954555 | J27: 1044 | K27: 1044 | L27: 1044 | M27: 1044 | N27: 1044 | O27: 1044 | P27: 1044 | Q27: 1044 | R27: 1044 | S27: 1044 | T27: 1044 | V27: PRE | W27: STO_Saline_onshore_D2Q3P_AUT | X27: CO2 storage step -- Saline (1 site) - onshore_pipe - 50-200km - Austria | Y27: ktpa | Z27: kt | AB27: Austria | AC27: AUT | AD27: Saline | AF27: onshore | AG27: D2Q3P | AH27: 50-200km | AI27: Q3 | AJ27: onshore_pipe | AK27: 1 | AL27: 14.2 | AM27: 26.1 | AN27: 53 | AO27: 0.019383512 | AP27: 0.4344 | AQ27: 5.8641827 | AR27: 29.653845 | AS27: 35.518028 | AT27: 8.2098558 | AU27: 98.153844 | AV27: 106.3637 | AW27: 1.044 | AX27: 1.044 | AY27: pressure_limited_rerun | AZ27: P10/P50/P90 (category-ratio envelope) | BA27: phase2_distance_engine | BB27: emissions_weighted+life_capped | BC27: TRUE
A28: STO_Petroleum_onshore_D1Q3P_AZE | B28: CO2ForStorage | C28: 12180600 | D28: 9349000 | E28: 12180600 | F28: 20508700 | G28: 0.0091616236 | H28: 0.026390432 | I28: 0.039585647 | J28: 38761.018 | K28: 38761.018 | L28: 38761.018 | M28: 38761.018 | N28: 38761.018 | O28: 38761.018 | P28: 38761.018 | Q28: 38761.018 | R28: 38761.018 | S28: 38761.018 | T28: 38761.018 | V28: PRE | W28: STO_Petroleum_onshore_D1Q3P_AZE | X28: CO2 storage step -- Petroleum (7 sites) - onshore_pipe - 0-50km - Azerbaijan | Y28: ktpa | Z28: kt | AB28: Azerbaijan | AC28: AZE | AD28: Petroleum | AF28: onshore | AG28: D1Q3P | AH28: 0-50km | AI28: Q3 | AJ28: onshore_pipe | AK28: 7 | AL28: 9349 | AM28: 12180.6 | AN28: 20508.7 | AO28: 0.77132244 | AP28: 9.3438 | AQ28: 0.26538101 | AR28: 8.8962426 | AS28: 9.1616236 | AT28: 0.67858253 | AU28: 25.711849 | AV28: 26.390432 | AW28: 38.761018 | AX28: 38.761018 | AY28: voidage | AZ28: P10/P50/P90 (category-ratio envelope) | BA28: phase2_distance_engine | BB28: emissions_weighted | BC28: TRUE
... A36: STO_Petroleum_onshore_D2Q1P_BGD | B36: CO2ForStorage | C36: 802200 | D36: 615700 | E36: 802200 | F36: 1350700 | G36: 0.0053729618 | H36: 0.012588247 | I36: 0.018882371 | J36: 2499.4297 | K36: 2499.4297 | L36: 2499.4297 | M36: 2499.4297 | N36: 2499.4297 | O36: 2499.4297 | P36: 2499.4297 | Q36: 2499.4297 | R36: 2499.4297 | S36: 2499.4297 | T36: 2499.4297 | V36: PRE | W36: STO_Petroleum_onshore_D2Q1P_BGD | X36: CO2 storage step -- Petroleum (16 sites) - onshore_pipe - 50-200km - Bangladesh | Y36: ktpa | Z36: kt | AB36: Bangladesh | AC36: BGD | AD36: Petroleum | AF36: onshore | AG36: D2Q1P | AH36: 50-200km | AI36: Q1 | AJ36: onshore_pipe | AK36: 16 | AL36: 615.7 | AM36: 802.2 | AN36: 1350.7 | AO36: 0.57632 | AP36: 26.8568 | AQ36: 1.6529618 | AR36: 3.72 | AS36: 5.3729618 | AT36: 3.9082472 | AU36: 8.68 | AV36: 12.588247 | AW36: 2.4994297 | AX36: 2.4994297 | AY36: voidage | AZ36: P10/P50/P90 (category-ratio envelope) | BA36: phase2_distance_engine | BB36: emissions_weighted | BC36: TRUE
A37: STO_Petroleum_onshore_D3Q3P_BGD | B37: CO2ForStorage | C37: 2503400 | D37: 1921400 | E37: 2503400 | F37: 4215000 | G37: 0.014789461 | J37: 7799.8906 | K37: 7799.8906 | L37: 7799.8906 | M37: 7799.8906 | N37: 7799.8906 | O37: 7799.8906 | P37: 7799.8906 | Q37: 7799.8906 | R37: 7799.8906 | S37: 7799.8906 | T37: 7799.8906 | V37: PRE | W37: STO_Petroleum_onshore_D3Q3P_BGD | X37: CO2 storage step -- Petroleum (1 site) - onshore_pipe - 200-500km - Bangladesh | Y37: ktpa | Z37: kt | AB37: Bangladesh | AC37: BGD | AD37: Petroleum | AF37: onshore | AG37: D3Q3P | AH37: 200-500km | AI37: Q3 | AJ37: onshore_pipe | AK37: 1 | AL37: 1921.4 | AM37: 2503.4 | AN37: 4215 | AO37: 0.013167241 | AP37: 0.6136 | AQ37: 6.030553 | AR37: 8.7589077 | AS37: 14.789461 | AW37: 7.7998906 | AX37: 7.7998906 | AY37: voidage | AZ37: P10/P50/P90 (category-ratio envelope) | BA37: phase2_distance_engine | BB37: emissions_weighted | BC37: FALSE
A38: STO_Saline_onshore_D1Q3P_BGD | B38: CO2ForStorage | C38: 29776600 | D38: 16191800 | E38: 29776600 | F38: 60355300 | G38: 0.014901776 | H38: 0.049039354 | I38: 0.073559031 | J38: 474738.9 | K38: 463680.25 | L38: 452621.61 | M38: 441562.96 | N38: 430504.32 | O38: 419445.68 | P38: 397328.39 | Q38: 375211.1 | R38: 353093.81 | S38: 330976.52 | T38: 308859.23 | V38: PRE | W38: STO_Saline_onshore_D1Q3P_BGD | X38: CO2 storage step -- Saline (9 sites) - onshore_pipe - 0-50km - Bangladesh | Y38: ktpa | Z38: kt | AB38: Bangladesh | AC38: BGD | AD38: Saline | AF38: onshore | AG38: D1Q3P | AH38: 0-50km | AI38: Q3 | AJ38: onshore_pipe | AK38: 9 | AL38: 16191.8 | AM38: 29776.6 | AN38: 60355.3 | AO38: 0.15661849 | AP38: 7.2985 | AQ38: 0.30359646 | AR38: 14.59818 | AS38: 14.901776 | AT38: 0.78590766 | AU38: 48.253446 | AV38: 49.039354 | AW38: 474.7389 | AX38: 308.85923 | AY38: pressure_limited_rerun | AZ38: P10/P50/P90 (category-ratio envelope) | BA38: phase2_distance_engine | BB38: emissions_weighted | BC38: TRUE
A39: STO_Saline_onshore_D3Q2P_BGD | B39: CO2ForStorage | C39: 7900 | D39: 4300 | E39: 7900 | F39: 16000 | G39: 0.014184015 | H39: 0.046288876 | I39: 0.069433315 | J39: 125.9525 | K39: 123.01854 | L39: 120.08459 | M39: 117.15063 | N39: 114.21667 | O39: 111.28271 | P39: 105.4148 | Q39: 99.546882 | R39: 93.678966 | S39: 87.81105 | T39: 81.943134 | V39: PRE | W39: STO_Saline_onshore_D3Q2P_BGD | X39: CO2 storage step -- Saline (2 sites) - onshore_pipe - 200-500km - Bangladesh | Y39: ktpa | Z39: kt | AB39: Bangladesh | AC39: BGD | AD39: Saline | AF39: onshore | AG39: D3Q2P | AH39: 200-500km | AI39: Q2 | AJ39: onshore_pipe | AK39: 2 | AL39: 4.3 | AM39: 7.9 | AN39: 16 | AO39: 0.01626592 | AP39: 0.758 | AQ39: 6.4340155 | AR39: 7.75 | AS39: 14.184015 | AT39: 22.688876 | AU39: 23.6 | AV39: 46.288876 | AW39: 0.1259525 | AX39: 0.081943134 | AY39: pressure_limited_rerun | AZ39: P10/P50/P90 (category-ratio envelope) | BA39: phase2_distance_engine | BB39: emissions_weighted | BC39: TRUE
A40: STO_Saline_onshore_D1Q2P_BGR | B40: CO2ForStorage | C40: 85700 | D40: 46600 | E40: 85700 | F40: 173600 | G40: 0.008484063 | J40: 3428 | K40: 3428 | L40: 3428 | M40: 3428 | N40: 3428 | O40: 3428 | P40: 3428 | Q40: 3428 | R40: 3428 | S40: 3428 | T40: 3428 | V40: PRE | W40: STO_Saline_onshore_D1Q2P_BGR | X40: CO2 storage step -- Saline (5 sites) - onshore_pipe - 0-50km - Bulgaria | Y40: ktpa | Z40: kt | AB40: Bulgaria | AC40: BGR | AD40: Saline | AF40: onshore | AG40: D1Q2P | AH40: 0-50km | AI40: Q2 | AJ40: onshore_pipe | AK40: 5 | AL40: 46.6 | AM40: 85.7 | AN40: 173.6 | AO40: 0.15341295 | AP40: 3.634 | AQ40: 0.73406304 | AR40: 7.75 | AS40: 8.484063 | AW40: 3.428 | AX40: 3.428 | AY40: pressure_limited_rerun | AZ40: P10/P50/P90 (category-ratio envelope) | BA40: phase2_distance_engine | BB40: emissions_weighted+life_capped | BC40: FALSE
A41: STO_Saline_onshore_D1Q3P_BGR | B41: CO2ForStorage | C41: 3693600 | D41: 2008500 | E41: 3693600 | F41: 7486600 | G41: 0.015181925 | H41: 0.050943311 | I41: 0.076414967 | J41: 147744 | K41: 147744 | L41: 147744 | M41: 147744 | N41: 147744 | O41: 147744 | P41: 147744 | Q41: 147744 | R41: 147744 | S41: 147744 | T41: 147744 | V41: PRE | W41: STO_Saline_onshore_D1Q3P_BGR | X41: CO2 storage step -- Saline (5 sites) - onshore_pipe - 0-50km - Bulgaria | Y41: ktpa | Z41: kt | AB41: Bulgaria | AC41: BGR | AD41: Saline | AF41: onshore | AG41: D1Q3P | AH41: 0-50km | AI41: Q3 | AJ41: onshore_pipe | AK41: 5 | AL41: 2008.5 | AM41: 3693.6 | AN41: 7486.6 | AO41: 0.50600945 | AP41: 11.9862 | AQ41: 0.62714453 | AR41: 14.554781 | AS41: 15.181925 | AT41: 2.8461003 | AU41: 48.097211 | AV41: 50.943311 | AW41: 147.744 | AX41: 147.744 | AY41: pressure_limited_rerun | AZ41: P10/P50/P90 (category-ratio envelope) | BA41: phase2_distance_engine | BB41: emissions_weighted+life_capped | BC41: TRUE
A42: STO_Saline_onshore_D2Q2P_BGR | B42: CO2ForStorage | C42: 92300 | D42: 50200 | E42: 92300 | F42: 187100 | G42: 0.0088442304 | H42: 0.025252728 | I42: 0.037879092 | J42: 3692 | K42: 3692 | L42: 3692 | M42: 3692 | N42: 3692 | O42: 3692 | P42: 3692 | Q42: 3692 | R42: 3692 | S42: 3692 | T42: 3692 | V42: PRE | W42: STO_Saline_onshore_D2Q2P_BGR | X42: CO2 storage step -- Saline (1 site) - onshore_pipe - 50-200km - Bulgaria | Y42: ktpa | Z42: kt | AB42: Bulgaria | AC42: BGR | AD42: Saline | AF42: onshore | AG42: D2Q2P | AH42: 50-200km | AI42: Q2 | AJ42: onshore_pipe | AK42: 1 | AL42: 50.2 | AM42: 92.3 | AN42: 187.1 | AO42: 0.16535586 | AP42: 3.9169 | AQ42: 1.0942304 | AR42: 7.75 | AS42: 8.8442304 | AT42: 1.6527278 | AU42: 23.6 | AV42: 25.252728 | AW42: 3.692 | AX42: 3.692 | AY42: pressure_limited_rerun | AZ42: P10/P50/P90 (category-ratio envelope) | BA42: phase2_distance_engine | BB42: emissions_weighted+life_capped | BC42: TRUE
A43: STO_Saline_onshore_D2Q3P_BGR | B43: CO2ForStorage | C43: 1279000 | D43: 695500 | E43: 1279000 | F43: 2592500 | G43: 0.016419955 | H43: 0.054303281 | I43: 0.081454921 | J43: 51160 | K43: 51160 | L43: 51160 | M43: 51160 | N43: 51160 | O43: 51160 | P43: 51160 | Q43: 51160 | R43: 51160 | S43: 51160 | T43: 51160 | V43: PRE | W43: STO_Saline_onshore_D2Q3P_BGR | X43: CO2 storage step -- Saline (3 sites) - onshore_pipe - 50-200km - Bulgaria | Y43: ktpa | Z43: kt | AB43: Bulgaria | AC43: BGR | AD43: Saline | AF43: onshore | AG43: D2Q3P | AH43: 50-200km | AI43: Q3 | AJ43: onshore_pipe | AK43: 3 | AL43: 695.5 | AM43: 1279 | AN43: 2592.5 | AO43: 0.17522174 | AP43: 4.1506 | AQ43: 1.8651739 | AR43: 14.554781 | AS43: 16.419955 | AT43: 6.2060701 | AU43: 48.097211 | AV43: 54.303281 | AW43: 51.16 | AX43: 51.16 | AY43: pressure_limited_rerun | AZ43: P10/P50/P90 (category-ratio envelope) | BA43: phase2_distance_engine | BB43: emissions_weighted+life_capped | BC43: TRUE
A44: STO_Petroleum_onshore_D2Q3P_BHR | B44: CO2ForStorage | C44: 122700 | D44: 94100 | E44: 122700 | F44: 206500 | G44: 0.0091389587 | H44: 0.025948312 | I44: 0.038922468 | J44: 0 | K44: 0 | L44: 0 | M44: 0 | N44: 0 | O44: 0 | P44: 0 | Q44: 0 | R44: 0 | S44: 0 | T44: 0 | V44: PRE | W44: STO_Petroleum_onshore_D2Q3P_BHR | X44: CO2 storage step -- Petroleum (1 site) - onshore_pipe - 50-200km - BHR | Y44: ktpa | Z44: kt | AB44: BHR | AC44: BHR | AD44: Petroleum | AF44: onshore | AG44: D2Q3P | AH44: 50-200km | AI44: Q3 | AJ44: onshore_pipe | AK44: 1 | AL44: 94.1 | AM44: 122.7 | AN44: 206.5 | AO44: 0.38814432 | AP44: 5.7372 | AQ44: 0.63130578 | AR44: 8.5076529 | AS44: 9.1389587 | AT44: 1.5965268 | AU44: 24.351785 | AV44: 25.948312 | AW44: 0 | AX44: 0 | AY44: voidage | AZ44: P10/P50/P90 (category-ratio envelope) | BA44: phase2_distance_engine | BB44: emissions_weighted | BC44: TRUE
A45: STO_Saline_offshore_D1Q2P_BHR | B45: CO2ForStorage | C45: 131100 | D45: 71300 | E45: 131100 | F45: 265800 | G45: 0.022094924 | H45: 0.036611987 | I45: 0.054917981 | J45: 0 | K45: 0 | L45: 0 | M45: 0 | N45: 0 | O45: 0 | P45: 0 | Q45: 0 | R45: 0 | S45: 0 | T45: 0 | V45: PRE | W45: STO_Saline_offshore_D1Q2P_BHR | X45: CO2 storage step -- Saline (5 sites) - offshore_pipe - 0-50km - BHR | Y45: ktpa | Z45: kt | AB45: BHR | AC45: BHR | AD45: Saline | AF45: offshore | AG45: D1Q2P | AH45: 0-50km | AI45: Q2 | AJ45: offshore_pipe | AK45: 5 | AL45: 71.3 | AM45: 131.1 | AN45: 265.8 | AO45: 0.34241024 | AP45: 5.0612 | AQ45: 0.3949238 | AR45: 21.7 | AS45: 22.094924 | AT45: 0.61198728 | AU45: 36 | AV45: 36.611987 | AW45: 0 | AX45: 0 | AY45: no_tier1_rate | AZ45: P10/P50/P90 (category-ratio envelope) | BA45: phase2_distance_engine | BB45: emissions_weighted | BC45: TRUE
A46: STO_Saline_onshore_D1Q2P_BHR | B46: CO2ForStorage | C46: 1600 | D46: 900 | E46: 1600 | F46: 3300 | G46: 0.0078372899 | H46: 0.023715549 | I46: 0.035573324 | J46: 0 | K46: 0 | L46: 0 | M46: 0 | N46: 0 | O46: 0 | P46: 0 | Q46: 0 | R46: 0 | S46: 0 | T46: 0 | V46: PRE | W46: STO_Saline_onshore_D1Q2P_BHR | X46: CO2 storage step -- Saline (1 site) - onshore_pipe - 0-50km - BHR | Y46: ktpa | Z46: kt | AB46: BHR | AC46: BHR | AD46: Saline | AF46: onshore | AG46: D1Q2P | AH46: 0-50km | AI46: Q2 | AJ46: onshore_pipe | AK46: 1 | AL46: 0.9 | AM46: 1.6 | AN46: 3.3 | AO46: 0.26944544 | AP46: 3.9827 | AQ46: 0.087289869 | AR46: 7.75 | AS46: 7.8372899 | AT46: 0.11554938 | AU46: 23.6 | AV46: 23.715549 | AW46: 0 | AX46: 0 | AY46: no_tier1_rate | AZ46: P10/P50/P90 (category-ratio envelope) | BA46: phase2_distance_engine | BB46: emissions_weighted | BC46: TRUE
A47: STO_Saline_offshore_D2Q3S_BIH | B47: CO2ForStorage | C47: 2400 | D47: 1300 | E47: 2400 | F47: 4800 | G47: 0.069048525 | H47: 0.12127097 | I47: 0.18190646 | J47: 96 | K47: 96 | L47: 96 | M47: 96 | N47: 96 | O47: 96 | P47: 96 | Q47: 96 | R47: 96 | S47: 96 | T47: 96 | V47: PRE | W47: STO_Saline_offshore_D2Q3S_BIH | X47: CO2 storage step -- Saline (3 sites) - offshore_ship - 50-200km - Bosnia and Herzegovina | Y47: ktpa | Z47: kt | AB47: Bosnia and Herzegovina | AC47: BIH | AD47: Saline | AF47: offshore | AG47: D2Q3S | AH47: 50-200km | AI47: Q3 | AJ47: offshore_ship | AK47: 3 | AL47: 1.3 | AM47: 2.4 | AN47: 4.8 | AO47: 0.28896628 | AP47: 3.6178 | AQ47: 27.532709 | AR47: 41.515816 | AS47: 69.048525 | AT47: 42.808511 | AU47: 78.462462 | AV47: 121.27097 | AW47: 0.096 | AX47: 0.096 | AY47: pressure_limited_rerun | AZ47: P10/P50/P90 (category-ratio envelope) | BA47: phase2_distance_engine | BB47: emissions_weighted+life_capped | BC47: TRUE
A48: STO_Saline_onshore_D1Q3P_BIH | B48: CO2ForStorage | C48: 212400 | D48: 115500 | E48: 212400 | F48: 430600 | G48: 0.015337046 | H48: 0.050318619 | I48: 0.075477928 | J48: 8496 | K48: 8496 | L48: 8496 | M48: 8496 | N48: 8496 | O48: 8496 | P48: 8496 | Q48: 8496 | R48: 8496 | S48: 8496 | T48: 8496 | V48: PRE | W48: STO_Saline_onshore_D1Q3P_BIH | X48: CO2 storage step -- Saline (5 sites) - onshore_pipe - 0-50km - Bosnia and Herzegovina | Y48: ktpa | Z48: kt | AB48: Bosnia and Herzegovina | AC48: BIH | AD48: Saline | AF48: onshore | AG48: D1Q3P | AH48: 0-50km | AI48: Q3 | AJ48: onshore_pipe | AK48: 5 | AL48: 115.5 | AM48: 212.4 | AN48: 430.6 | AO48: 0.71103372 | AP48: 8.902 | AQ48: 0.50996884 | AR48: 14.827077 | AS48: 15.337046 | AT48: 1.2411414 | AU48: 49.077477 | AV48: 50.318619 | AW48: 8.496 | AX48: 8.496 | AY48: pressure_limited_rerun | AZ48: P10/P50/P90 (category-ratio envelope) | BA48: phase2_distance_engine | BB48: emissions_weighted+life_capped | BC48: TRUE
A49: STO_Saline_onshore_D1Q2P_BLR | B49: CO2ForStorage | C49: 158100 | D49: 86000 | E49: 158100 | F49: 320500 | G49: 0.0084987848 | H49: 0.025072736 | I49: 0.037609104 | J49: 6324 | K49: 6324 | L49: 6324 | M49: 6324 | N49: 6324 | O49: 6324 | P49: 6324 | Q49: 6324 | R49: 6324 | S49: 6324 | T49: 6324 | V49: PRE | W49: STO_Saline_onshore_D1Q2P_BLR | X49: CO2 storage step -- Saline (5 sites) - onshore_pipe - 0-50km - BLR | Y49: ktpa | Z49: kt | AB49: BLR | AC49: BLR | AD49: Saline | AF49: onshore | AG49: D1Q2P | AH49: 0-50km | AI49: Q2 | AJ49: onshore_pipe | AK49: 5 | AL49: 86 | AM49: 158.1 | AN49: 320.5 | AO49: 0.28596599 | AP49: 4.7068 | AQ49: 0.74878475 | AR49: 7.75 | AS49: 8.4987848 | AT49: 1.4727363 | AU49: 23.6 | AV49: 25.072736 | AW49: 6.324 | AX49: 6.324 | AY49: pressure_limited_rerun | AZ49: P10/P50/P90 (category-ratio envelope) | BA49: phase2_distance_engine | BB49: emissions_weighted+life_capped | BC49: TRUE
A50: STO_Saline_onshore_D2Q2P_BLR | B50: CO2ForStorage | C50: 394800 | D50: 214700 | E50: 394800 | F50: 800300 | G50: 0.011160897 | H50: 0.029492884 | I50: 0.044239326 | J50: 15792 | K50: 15792 | L50: 15792 | M50: 15792 | N50: 15792 | O50: 15792 | P50: 15792 | Q50: 15792 | R50: 15792 | S50: 15792 | T50: 15792 | V50: PRE | W50: STO_Saline_onshore_D2Q2P_BLR | X50: CO2 storage step -- Saline (8 sites) - onshore_pipe - 50-200km - BLR | Y50: ktpa | Z50: kt | AB50: BLR | AC50: BLR | AD50: Saline | AF50: onshore | AG50: D2Q2P | AH50: 50-200km | AI50: Q2 | AJ50: onshore_pipe | AK50: 8 | AL50: 214.7 | AM50: 394.8 | AN50: 800.3 | AO50: 0.71403401 | AP50: 11.7525 | AQ50: 3.4108973 | AR50: 7.75 | AS50: 11.160897 | AT50: 5.8928843 | AU50: 23.6 | AV50: 29.492884 | AW50: 15.792 | AX50: 15.792 | AY50: pressure_limited_rerun | AZ50: P10/P50/P90 (category-ratio envelope) | BA50: phase2_distance_engine | BB50: emissions_weighted+life_capped | BC50: TRUE
A51: STO_Saline_onshore_D1Q2P_BOL | B51: CO2ForStorage | C51: 1456900 | D51: 792200 | E51: 1456900 | F51: 2953100 | G51: 0.0086423559 | H51: 0.026049737 | I51: 0.039074605 | J51: 30103.497 | K51: 29347.157 | L51: 28590.818 | M51: 27834.479 | N51: 27078.14 | O51: 26321.801 | P51: 24809.122 | Q51: 23296.444 | R51: 21783.766 | S51: 20271.087 | T51: 18758.409 | V51: PRE | W51: STO_Saline_onshore_D1Q2P_BOL | X51: CO2 storage step -- Saline (2 sites) - onshore_pipe - 0-50km - BOL | Y51: ktpa | Z51: kt | AB51: BOL | AC51: BOL | AD51: Saline | AF51: onshore | AG51: D1Q2P | AH51: 0-50km | AI51: Q2 | AJ51: onshore_pipe | AK51: 2 | AL51: 792.2 | AM51: 1456.9 | AN51: 2953.1 | AO51: 0.24450682 | AP51: 1.1673 | AQ51: 0.89235585 | AR51: 7.75 | AS51: 8.6423559 | AT51: 2.4497367 | AU51: 23.6 | AV51: 26.049737 | AW51: 30.103497 | AX51: 18.758409 | AY51: pressure_limited_rerun | AZ51: P10/P50/P90 (category-ratio envelope) | BA51: phase2_distance_engine | BB51: emissions_weighted | BC51: TRUE
A52: STO_Saline_onshore_D1Q3P_BOL | B52: CO2ForStorage | C52: 44224300 | D52: 24048200 | E52: 44224300 | F52: 89640000 | G52: 0.024096993 | H52: 0.060254616 | I52: 0.090381925 | J52: 913793.71 | K52: 890834.99 | L52: 867876.26 | M52: 844917.53 | N52: 821958.8 | O52: 799000.08 | P52: 753082.62 | Q52: 707165.17 | R52: 661247.71 | S52: 615330.26 | T52: 569412.8 | V52: PRE | W52: STO_Saline_onshore_D1Q3P_BOL | X52: CO2 storage step -- Saline (1 site) - onshore_pipe - 0-50km - BOL | Y52: ktpa | Z52: kt | AB52: BOL | AC52: BOL | AD52: Saline | AF52: onshore | AG52: D1Q3P | AH52: 0-50km | AI52: Q3 | AJ52: onshore_pipe | AK52: 1 | AL52: 24048.2 | AM52: 44224.3 | AN52: 89640 | AO52: 0.029324899 | AP52: 0.14 | AQ52: 10.088435 | AR52: 14.008558 | AS52: 24.096993 | AT52: 14.123809 | AU52: 46.130808 | AV52: 60.254616 | AW52: 913.79371 | AX52: 569.4128 | AY52: pressure_limited_rerun | AZ52: P10/P50/P90 (category-ratio envelope) | BA52: phase2_distance_engine | BB52: emissions_weighted | BC52: TRUE
... A59: STO_Saline_onshore_D3Q2P_BRA | B59: CO2ForStorage | C59: 13889600 | D59: 7552900 | E59: 13889600 | F59: 28153300 | G59: 0.011021831 | H59: 0.035046425 | I59: 0.052569638 | J59: 475596.81 | K59: 461103.82 | L59: 446610.82 | M59: 432117.83 | N59: 417624.84 | O59: 403131.85 | P59: 374145.87 | Q59: 345159.88 | R59: 316173.9 | S59: 287187.92 | T59: 258201.93 | V59: PRE | W59: STO_Saline_onshore_D3Q2P_BRA | X59: CO2 storage step -- Saline (14 sites) - onshore_pipe - 200-500km - Brazil | Y59: ktpa | Z59: kt | AB59: Brazil | AC59: BRA | AD59: Saline | AF59: onshore | AG59: D3Q2P | AH59: 200-500km | AI59: Q2 | AJ59: onshore_pipe | AK59: 14 | AL59: 7552.9 | AM59: 13889.6 | AN59: 28153.3 | AO59: 0.25463824 | AP59: 34.4908 | AQ59: 3.2718314 | AR59: 7.75 | AS59: 11.021831 | AT59: 11.446425 | AU59: 23.6 | AV59: 35.046425 | AW59: 475.59681 | AX59: 258.20193 | AY59: pressure_limited_rerun | AZ59: P10/P50/P90 (category-ratio envelope) | BA59: phase2_distance_engine | BB59: emissions_weighted | BC59: TRUE
A60: STO_Saline_onshore_D2Q2P_BRN | B60: CO2ForStorage | C60: 548000 | D60: 548000 | E60: 548000 | F60: 548000 | G60: 0.012717131 | J60: 21920 | K60: 21920 | L60: 21920 | M60: 21920 | N60: 21920 | O60: 21920 | P60: 21920 | Q60: 21920 | R60: 21920 | S60: 21920 | T60: 21920 | V60: PRE | W60: STO_Saline_onshore_D2Q2P_BRN | X60: CO2 storage step -- Saline (1 site) - onshore_pipe - 50-200km - Brunei Darussalam | Y60: ktpa | Z60: kt | AB60: Brunei Darussalam | AC60: BRN | AD60: Saline | AF60: onshore | AG60: D2Q2P | AH60: 50-200km | AI60: Q2 | AJ60: onshore_pipe | AK60: 1 | AL60: 548 | AM60: 548 | AN60: 548 | AO60: 0 | AP60: 0 | AQ60: 2.7171312 | AR60: 10 | AS60: 12.717131 | AW60: 21.92 | AX60: 21.92 | AY60: basin_area+life_cap | AZ60: FALSE | BA60: OGCI_Cycle5+fallback_step | BB60: no_phase2_coverage | BC60: FALSE
A61: STO_Saline_onshore_D1Q3P_BTN | B61: CO2ForStorage | C61: 100600 | D61: 54700 | E61: 100600 | F61: 204000 | G61: 0.015221619 | H61: 0.049860025 | I61: 0.074790038 | J61: 4024 | K61: 4024 | L61: 4024 | M61: 4024 | N61: 4024 | O61: 4024 | P61: 4024 | Q61: 4024 | R61: 4024 | S61: 4024 | T61: 4024 | V61: PRE | W61: STO_Saline_onshore_D1Q3P_BTN | X61: CO2 storage step -- Saline (3 sites) - onshore_pipe - 0-50km - BTN | Y61: ktpa | Z61: kt | AB61: BTN | AC61: BTN | AD61: Saline | AF61: onshore | AG61: D1Q3P | AH61: 0-50km | AI61: Q3 | AJ61: onshore_pipe | AK61: 3 | AL61: 54.7 | AM61: 100.6 | AN61: 204 | AO61: 1 | AP61: 1.3812 | AQ61: 0.39454157 | AR61: 14.827077 | AS61: 15.221619 | AT61: 0.78254791 | AU61: 49.077477 | AV61: 49.860025 | AW61: 4.024 | AX61: 4.024 | AY61: pressure_limited_rerun | AZ61: P10/P50/P90 (category-ratio envelope) | BA61: phase2_distance_engine | BB61: emissions_weighted+life_capped | BC61: TRUE
A62: STO_Saline_onshore_D1Q3P_BWA | B62: CO2ForStorage | C62: 32445600 | D62: 17643200 | E62: 32445600 | F62: 65765300 | G62: 0.016079648 | J62: 80799.031 | K62: 78923.857 | L62: 77048.682 | M62: 75173.508 | N62: 73298.333 | O62: 71423.158 | P62: 67672.809 | Q62: 63922.46 | R62: 60172.111 | S62: 56421.762 | T62: 52671.413 | V62: PRE | W62: STO_Saline_onshore_D1Q3P_BWA | X62: CO2 storage step -- Saline (1 site) - onshore_pipe - 0-50km - Botswana | Y62: ktpa | Z62: kt | AB62: Botswana | AC62: BWA | AD62: Saline | AF62: onshore | AG62: D1Q3P | AH62: 0-50km | AI62: Q3 | AJ62: onshore_pipe | AK62: 1 | AL62: 17643.2 | AM62: 32445.6 | AN62: 65765.3 | AO62: 0.18032112 | AP62: 0.5694 | AQ62: 2.0257316 | AR62: 14.053917 | AS62: 16.079648 | AW62: 80.799031 | AX62: 52.671413 | AY62: pressure_limited_rerun | AZ62: P10/P50/P90 (category-ratio envelope) | BA62: phase2_distance_engine | BB62: emissions_weighted | BC62: FALSE
A63: STO_Saline_onshore_D3Q2P_BWA | B63: CO2ForStorage | C63: 3979400 | D63: 2163900 | E63: 3979400 | F63: 8066000 | G63: 0.011746007 | H63: 0.030895714 | I63: 0.046343571 | J63: 9909.8696 | K63: 9679.8825 | L63: 9449.8954 | M63: 9219.9083 | N63: 8989.9212 | O63: 8759.9341 | P63: 8299.9599 | Q63: 7839.9857 | R63: 7380.0114 | S63: 6920.0372 | T63: 6460.063 | V63: PRE | W63: STO_Saline_onshore_D3Q2P_BWA | X63: CO2 storage step -- Saline (1 site) - onshore_pipe - 200-500km - Botswana | Y63: ktpa | Z63: kt | AB63: Botswana | AC63: BWA | AD63: Saline | AF63: onshore | AG63: D3Q2P | AH63: 200-500km | AI63: Q2 | AJ63: onshore_pipe | AK63: 1 | AL63: 2163.9 | AM63: 3979.4 | AN63: 8066 | AO63: 0.81967888 | AP63: 2.5883 | AQ63: 3.9960067 | AR63: 7.75 | AS63: 11.746007 | AT63: 7.2957143 | AU63: 23.6 | AV63: 30.895714 | AW63: 9.9098696 | AX63: 6.460063 | AY63: pressure_limited_rerun | AZ63: P10/P50/P90 (category-ratio envelope) | BA63: phase2_distance_engine | BB63: emissions_weighted | BC63: TRUE
A64: STO_Petroleum_onshore_D1Q1P_CAN | B64: CO2ForStorage | C64: 1919600 | D64: 1473300 | E64: 1919600 | F64: 3232000 | G64: 0.0044800351 | H64: 0.0098823302 | I64: 0.014823495 | J64: 76784 | K64: 76784 | L64: 76784 | M64: 76784 | N64: 76784 | O64: 76784 | P64: 76784 | Q64: 76784 | R64: 76784 | S64: 76784 | T64: 76784 | V64: PRE | W64: STO_Petroleum_onshore_D1Q1P_CAN | X64: CO2 storage step -- Petroleum (4 sites) - onshore_pipe - 0-50km - Canada | Y64: ktpa | Z64: kt | AB64: Canada | AC64: CAN | AD64: Petroleum | AF64: onshore | AG64: D1Q1P | AH64: 0-50km | AI64: Q1 | AJ64: onshore_pipe | AK64: 4 | AL64: 1473.3 | AM64: 1919.6 | AN64: 3232 | AO64: 0.04186967 | AP64: 3.4272 | AQ64: 0.76003511 | AR64: 3.72 | AS64: 4.4800351 | AT64: 1.2023302 | AU64: 8.68 | AV64: 9.8823302 | AW64: 76.784 | AX64: 76.784 | AY64: voidage | AZ64: P10/P50/P90 (category-ratio envelope) | BA64: phase2_distance_engine | BB64: emissions_weighted+life_capped | BC64: TRUE
A65: STO_Petroleum_onshore_D2Q1P_CAN | B65: CO2ForStorage | C65: 2901400 | D65: 2226900 | E65: 2901400 | F65: 4885100 | G65: 0.0062321334 | H65: 0.013412302 | I65: 0.020118453 | J65: 116056 | K65: 116056 | L65: 116056 | M65: 116056 | N65: 116056 | O65: 116056 | P65: 116056 | Q65: 116056 | R65: 116056 | S65: 116056 | T65: 116056 | V65: PRE | W65: STO_Petroleum_onshore_D2Q1P_CAN | X65: CO2 storage step -- Petroleum (3 sites) - onshore_pipe - 50-200km - Canada | Y65: ktpa | Z65: kt | AB65: Canada | AC65: CAN | AD65: Petroleum | AF65: onshore | AG65: D2Q1P | AH65: 50-200km | AI65: Q1 | AJ65: onshore_pipe | AK65: 3 | AL65: 2226.9 | AM65: 2901.4 | AN65: 4885.1 | AO65: 0.063284629 | AP65: 5.1801 | AQ65: 2.5121334 | AR65: 3.72 | AS65: 6.2321334 | AT65: 4.7323018 | AU65: 8.68 | AV65: 13.412302 | AW65: 116.056 | AX65: 116.056 | AY65: voidage | AZ65: P10/P50/P90 (category-ratio envelope) | BA65: phase2_distance_engine | BB65: emissions_weighted+life_capped | BC65: TRUE
A66: STO_Saline_onshore_D1Q1P_CAN | B66: CO2ForStorage | C66: 8736000 | D66: 4750400 | E66: 8736000 | F66: 17707400 | G66: 0.0063598233 | H66: 0.015419 | I66: 0.0231285 | J66: 349440 | K66: 349002.45 | L66: 348564.91 | M66: 348127.36 | N66: 347689.81 | O66: 347252.26 | P66: 346377.17 | Q66: 345502.08 | R66: 344626.98 | S66: 343751.89 | T66: 342876.79 | V66: PRE | W66: STO_Saline_onshore_D1Q1P_CAN | X66: CO2 storage step -- Saline (8 sites) - onshore_pipe - 0-50km - Canada | Y66: ktpa | Z66: kt | AB66: Canada | AC66: CAN | AD66: Saline | AF66: onshore | AG66: D1Q1P | AH66: 0-50km | AI66: Q1 | AJ66: onshore_pipe | AK66: 8 | AL66: 4750.4 | AM66: 8736 | AN66: 17707.4 | AO66: 0.19054903 | AP66: 15.5972 | AQ66: 0.15982327 | AR66: 6.2 | AS66: 6.3598233 | AT66: 0.53900022 | AU66: 14.88 | AV66: 15.419 | AW66: 349.44 | AX66: 342.87679 | AY66: pressure_limited_rerun | AZ66: P10/P50/P90 (category-ratio envelope) | BA66: phase2_distance_engine | BB66: emissions_weighted+life_capped | BC66: TRUE
A67: STO_Saline_onshore_D1Q2P_CAN | B67: CO2ForStorage | C67: 23129800 | D67: 12577500 | E67: 23129800 | F67: 46882600 | G67: 0.0080544939 | H67: 0.024303539 | I67: 0.036455308 | J67: 925192 | K67: 924033.53 | L67: 922875.06 | M67: 921716.6 | N67: 920558.13 | O67: 919399.66 | P67: 917082.72 | Q67: 914765.79 | R67: 912448.85 | S67: 910131.92 | T67: 907814.98 | V67: PRE | W67: STO_Saline_onshore_D1Q2P_CAN | X67: CO2 storage step -- Saline (28 sites) - onshore_pipe - 0-50km - Canada | Y67: ktpa | Z67: kt | AB67: Canada | AC67: CAN | AD67: Saline | AF67: onshore | AG67: D1Q2P | AH67: 0-50km | AI67: Q2 | AJ67: onshore_pipe | AK67: 28 | AL67: 12577.5 | AM67: 23129.8 | AN67: 46882.6 | AO67: 0.41323087 | AP67: 33.8246 | AQ67: 0.30449388 | AR67: 7.75 | AS67: 8.0544939 | AT67: 0.70353887 | AU67: 23.6 | AV67: 24.303539 | AW67: 925.192 | AX67: 907.81498 | AY67: pressure_limited_rerun | AZ67: P10/P50/P90 (category-ratio envelope) | BA67: phase2_distance_engine | BB67: emissions_weighted+life_capped | BC67: TRUE
A68: STO_Saline_onshore_D1Q3P_CAN | B68: CO2ForStorage | C68: 142396600 | D68: 77432100 | E68: 142396600 | F68: 288629200 | G68: 0.01443336 | H68: 0.047303323 | I68: 0.070954984 | J68: 5695864 | K68: 5688732 | L68: 5681600 | M68: 5674468 | N68: 5667336 | O68: 5660204 | P68: 5645940 | Q68: 5631675.9 | R68: 5617411.9 | S68: 5603147.9 | T68: 5588883.9 | V68: PRE | W68: STO_Saline_onshore_D1Q3P_CAN | X68: CO2 storage step -- Saline (5 sites) - onshore_pipe - 0-50km - Canada | Y68: ktpa | Z68: kt | AB68: Canada | AC68: CAN | AD68: Saline | AF68: onshore | AG68: D1Q3P | AH68: 0-50km | AI68: Q3 | AJ68: onshore_pipe | AK68: 5 | AL68: 77432.1 | AM68: 142396.6 | AN68: 288629.2 | AO68: 0.03042246 | AP68: 2.4902 | AQ68: 0.35775343 | AR68: 14.075606 | AS68: 14.43336 | AT68: 0.93114082 | AU68: 46.372182 | AV68: 47.303323 | AW68: 5695.864 | AX68: 5588.8839 | AY68: pressure_limited_rerun | AZ68: P10/P50/P90 (category-ratio envelope) | BA68: phase2_distance_engine | BB68: emissions_weighted+life_capped | BC68: TRUE
A69: STO_Saline_onshore_D2Q2P_CAN | B69: CO2ForStorage | C69: 13153000 | D69: 7152300 | E69: 13153000 | F69: 26660300 | G69: 0.0094629602 | H69: 0.029136505 | I69: 0.043704757 | J69: 526120 | K69: 525461.23 | L69: 524802.45 | M69: 524143.68 | N69: 523484.9 | O69: 522826.13 | P69: 521508.58 | Q69: 520191.03 | R69: 518873.48 | S69: 517555.93 | T69: 516238.38 | V69: PRE | W69: STO_Saline_onshore_D2Q2P_CAN | X69: CO2 storage step -- Saline (19 sites) - onshore_pipe - 50-200km - Canada | Y69: ktpa | Z69: kt | AB69: Canada | AC69: CAN | AD69: Saline | AF69: onshore | AG69: D2Q2P | AH69: 50-200km | AI69: Q2 | AJ69: onshore_pipe | AK69: 19 | AL69: 7152.3 | AM69: 13153 | AN69: 26660.3 | AO69: 0.23498791 | AP69: 19.2347 | AQ69: 1.7129602 | AR69: 7.75 | AS69: 9.4629602 | AT69: 5.5365049 | AU69: 23.6 | AV69: 29.136505 | AW69: 526.12 | AX69: 516.23838 | AY69: pressure_limited_rerun | AZ69: P10/P50/P90 (category-ratio envelope) | BA69: phase2_distance_engine | BB69: emissions_weighted+life_capped | BC69: TRUE
A70: STO_Saline_onshore_D3Q2P_CAN | B70: CO2ForStorage | C70: 1436000 | D70: 780900 | E70: 1436000 | F70: 2910700 | G70: 0.013269565 | H70: 0.036102117 | I70: 0.054153175 | J70: 57440 | K70: 57368.077 | L70: 57296.154 | M70: 57224.232 | N70: 57152.309 | O70: 57080.386 | P70: 56936.54 | Q70: 56792.695 | R70: 56648.849 | S70: 56505.004 | T70: 56361.158 | V70: PRE | W70: STO_Saline_onshore_D3Q2P_CAN | X70: CO2 storage step -- Saline (2 sites) - onshore_pipe - 200-500km - Canada | Y70: ktpa | Z70: kt | AB70: Canada | AC70: CAN | AD70: Saline | AF70: onshore | AG70: D3Q2P | AH70: 200-500km | AI70: Q2 | AJ70: onshore_pipe | AK70: 2 | AL70: 780.9 | AM70: 1436 | AN70: 2910.7 | AO70: 0.025655435 | AP70: 2.1 | AQ70: 5.5195652 | AR70: 7.75 | AS70: 13.269565 | AT70: 12.502117 | AU70: 23.6 | AV70: 36.102117 | AW70: 57.44 | AX70: 56.361158 | AY70: pressure_limited_rerun | AZ70: P10/P50/P90 (category-ratio envelope) | BA70: phase2_distance_engine | BB70: emissions_weighted+life_capped | BC70: TRUE
A71: STO_Saline_onshore_D1Q2P_CHE | B71: CO2ForStorage | C71: 1762000 | D71: 958100 | E71: 1762000 | F71: 3571400 | G71: 0.0090874642 | H71: 0.025737882 | I71: 0.038606822 | J71: 31817.285 | K71: 30290.662 | L71: 28764.039 | M71: 27237.416 | N71: 25710.793 | O71: 24184.171 | P71: 21130.925 | Q71: 18077.679 | R71: 15024.433 | S71: 11971.188 | T71: 8917.9418 | V71: PRE | W71: STO_Saline_onshore_D1Q2P_CHE | X71: CO2 storage step -- Saline (4 sites) - onshore_pipe - 0-50km - Switzerland | Y71: ktpa | Z71: kt | AB71: Switzerland | AC71: CHE | AD71: Saline | AF71: onshore | AG71: D1Q2P | AH71: 0-50km | AI71: Q2 | AJ71: onshore_pipe | AK71: 4 | AL71: 958.1 | AM71: 1762 | AN71: 3571.4 | AO71: 0.8471058 | AP71: 2.3547 | AQ71: 1.3374642 | AR71: 7.75 | AS71: 9.0874642 | AT71: 2.1378816 | AU71: 23.6 | AV71: 25.737882 | AW71: 31.817285 | AX71: 8.9179418 | AY71: pressure_limited_rerun | AZ71: P10/P50/P90 (category-ratio envelope) | BA71: phase2_distance_engine | BB71: emissions_weighted | BC71: TRUE
A72: STO_Saline_onshore_D2Q2P_CHE | B72: CO2ForStorage | C72: 318000 | D72: 172900 | E72: 318000 | F72: 644600 | G72: 0.013229762 | H72: 0.031271667 | I72: 0.046907501 | J72: 5742.2796 | K72: 5466.7597 | L72: 5191.2398 | M72: 4915.7199 | N72: 4640.1999 | O72: 4364.68 | P72: 3813.6402 | Q72: 3262.6004 | R72: 2711.5606 | S72: 2160.5208 | T72: 1609.481 | V72: PRE | W72: STO_Saline_onshore_D2Q2P_CHE | X72: CO2 storage step -- Saline (1 site) - onshore_pipe - 50-200km - Switzerland | Y72: ktpa | Z72: kt | AB72: Switzerland | AC72: CHE | AD72: Saline | AF72: onshore | AG72: D2Q2P | AH72: 50-200km | AI72: Q2 | AJ72: onshore_pipe | AK72: 1 | AL72: 172.9 | AM72: 318 | AN72: 644.6 | AO72: 0.1528942 | AP72: 0.425 | AQ72: 5.4797624 | AR72: 7.75 | AS72: 13.229762 | AT72: 7.6716673 | AU72: 23.6 | AV72: 31.271667 | AW72: 5.7422796 | AX72: 1.609481 | AY72: pressure_limited_rerun | AZ72: P10/P50/P90 (category-ratio envelope) | BA72: phase2_distance_engine | BB72: emissions_weighted | BC72: TRUE
A73: STO_Petroleum_onshore_D5Q1P_CHL | B73: CO2ForStorage | C73: 2552000 | D73: 1958700 | E73: 2552000 | F73: 4296900 | G73: 0.014186268 | H73: 0.035905869 | I73: 0.053858804 | J73: 25520 | K73: 25520 | L73: 25520 | M73: 25520 | N73: 25520 | O73: 25520 | P73: 25520 | Q73: 25520 | R73: 25520 | S73: 25520 | T73: 25520 | V73: PRE | W73: STO_Petroleum_onshore_D5Q1P_CHL | X73: CO2 storage step -- Petroleum (5 sites) - onshore_pipe - >1500km - Chile | Y73: ktpa | Z73: kt | AB73: Chile | AC73: CHL | AD73: Petroleum | AF73: onshore | AG73: D5Q1P | AH73: >1500km | AI73: Q1 | AJ73: onshore_pipe | AK73: 5 | AL73: 1958.7 | AM73: 2552 | AN73: 4296.9 | AO73: 0.37414309 | AP73: 10.7736 | AQ73: 10.466268 | AR73: 3.72 | AS73: 14.186268 | AT73: 27.225869 | AU73: 8.68 | AV73: 35.905869 | AW73: 25.52 | AX73: 25.52 | AY73: voidage | AZ73: P10/P50/P90 (category-ratio envelope) | BA73: phase2_distance_engine | BB73: emissions_weighted | BC73: TRUE
A74: STO_Saline_onshore_D1Q3P_CHL | B74: CO2ForStorage | C74: 8860500 | D74: 4818100 | E74: 8860500 | F74: 17959600 | G74: 0.014504183 | H74: 0.047213827 | I74: 0.07082074 | J74: 354420 | K74: 354420 | L74: 354420 | M74: 354420 | N74: 354420 | O74: 354420 | P74: 354420 | Q74: 354420 | R74: 354420 | S74: 354420 | T74: 354420 | V74: PRE | W74: STO_Saline_onshore_D1Q3P_CHL | X74: CO2 storage step -- Saline (7 sites) - onshore_pipe - 0-50km - Chile | Y74: ktpa | Z74: kt | AB74: Chile | AC74: CHL | AD74: Saline | AF74: onshore | AG74: D1Q3P | AH74: 0-50km | AI74: Q3 | AJ74: onshore_pipe | AK74: 7 | AL74: 4818.1 | AM74: 8860.5 | AN74: 17959.6 | AO74: 0.27940574 | AP74: 8.0456 | AQ74: 0.36704008 | AR74: 14.137143 | AS74: 14.504183 | AT74: 0.62011115 | AU74: 46.593716 | AV74: 47.213827 | AW74: 354.42 | AX74: 354.42 | AY74: pressure_limited_rerun | AZ74: P10/P50/P90 (category-ratio envelope) | BA74: phase2_distance_engine | BB74: emissions_weighted+life_capped | BC74: TRUE
... A77: STO_Petroleum_offshore_D2Q1P_CHN | B77: CO2ForStorage | C77: 709600 | D77: 544600 | E77: 709600 | F77: 1194800 | G77: 0.0095322774 | H77: 0.019436702 | I77: 0.029155054 | J77: 2003.996 | K77: 2003.996 | L77: 2003.996 | M77: 2003.996 | N77: 2003.996 | O77: 2003.996 | P77: 2003.996 | Q77: 2003.996 | R77: 2003.996 | S77: 2003.996 | T77: 2003.996 | V77: PRE | W77: STO_Petroleum_offshore_D2Q1P_CHN | X77: CO2 storage step -- Petroleum (1 site) - offshore_pipe - 50-200km - China | Y77: ktpa | Z77: kt | AB77: China | AC77: CHN | AD77: Petroleum | AF77: offshore | AG77: D2Q1P | AH77: 50-200km | AI77: Q1 | AJ77: offshore_pipe | AK77: 1 | AL77: 544.6 | AM77: 709.6 | AN77: 1194.8 | AO77: 0.003099702 | AP77: 25.9546 | AQ77: 2.0922774 | AR77: 7.44 | AS77: 9.5322774 | AT77: 2.0767024 | AU77: 17.36 | AV77: 19.436702 | AW77: 2.003996 | AX77: 2.003996 | AY77: voidage | AZ77: P10/P50/P90 (category-ratio envelope) | BA77: phase2_distance_engine | BB77: emissions_weighted | BC77: TRUE
A78: STO_Petroleum_offshore_D3Q1P_CHN | B78: CO2ForStorage | C78: 377400 | D78: 289700 | E78: 377400 | F78: 635400 | G78: 0.010904886 | J78: 1065.8232 | K78: 1065.8232 | L78: 1065.8232 | M78: 1065.8232 | N78: 1065.8232 | O78: 1065.8232 | P78: 1065.8232 | Q78: 1065.8232 | R78: 1065.8232 | S78: 1065.8232 | T78: 1065.8232 | V78: PRE | W78: STO_Petroleum_offshore_D3Q1P_CHN | X78: CO2 storage step -- Petroleum (1 site) - offshore_pipe - 200-500km - China | Y78: ktpa | Z78: kt | AB78: China | AC78: CHN | AD78: Petroleum | AF78: offshore | AG78: D3Q1P | AH78: 200-500km | AI78: Q1 | AJ78: offshore_pipe | AK78: 1 | AL78: 289.7 | AM78: 377.4 | AN78: 635.4 | AO78: 0.001648594 | AP78: 13.8041 | AQ78: 3.464886 | AR78: 7.44 | AS78: 10.904886 | AW78: 1.0658232 | AX78: 1.0658232 | AY78: voidage | AZ78: P10/P50/P90 (category-ratio envelope) | BA78: phase2_distance_engine | BB78: emissions_weighted | BC78: FALSE
A79: STO_Petroleum_onshore_D1Q1P_CHN | B79: CO2ForStorage | C79: 2525600 | D79: 1938500 | E79: 2525600 | F79: 4252400 | G79: 0.0038166959 | H79: 0.0094067485 | I79: 0.014110123 | J79: 7132.5992 | K79: 7132.5992 | L79: 7132.5992 | M79: 7132.5992 | N79: 7132.5992 | O79: 7132.5992 | P79: 7132.5992 | Q79: 7132.5992 | R79: 7132.5992 | S79: 7132.5992 | T79: 7132.5992 | V79: PRE | W79: STO_Petroleum_onshore_D1Q1P_CHN | X79: CO2 storage step -- Petroleum (26 sites) - onshore_pipe - 0-50km - China | Y79: ktpa | Z79: kt | AB79: China | AC79: CHN | AD79: Petroleum | AF79: onshore | AG79: D1Q1P | AH79: 0-50km | AI79: Q1 | AJ79: onshore_pipe | AK79: 26 | AL79: 1938.5 | AM79: 2525.6 | AN79: 4252.4 | AO79: 0.010195364 | AP79: 85.3684 | AQ79: 0.09669594 | AR79: 3.72 | AS79: 3.8166959 | AT79: 0.72674855 | AU79: 8.68 | AV79: 9.4067485 | AW79: 7.1325992 | AX79: 7.1325992 | AY79: voidage | AZ79: P10/P50/P90 (category-ratio envelope) | BA79: phase2_distance_engine | BB79: emissions_weighted | BC79: TRUE
A80: STO_Petroleum_onshore_D2Q1P_CHN | B80: CO2ForStorage | C80: 6921500 | D80: 5312500 | E80: 6921500 | F80: 11654000 | G80: 0.0038423546 | H80: 0.0096499392 | I80: 0.014474909 | J80: 19547.151 | K80: 19547.151 | L80: 19547.151 | M80: 19547.151 | N80: 19547.151 | O80: 19547.151 | P80: 19547.151 | Q80: 19547.151 | R80: 19547.151 | S80: 19547.151 | T80: 19547.151 | V80: PRE | W80: STO_Petroleum_onshore_D2Q1P_CHN | X80: CO2 storage step -- Petroleum (59 sites) - onshore_pipe - 50-200km - China | Y80: ktpa | Z80: kt | AB80: China | AC80: CHN | AD80: Petroleum | AF80: onshore | AG80: D2Q1P | AH80: 50-200km | AI80: Q1 | AJ80: onshore_pipe | AK80: 59 | AL80: 5312.5 | AM80: 6921.5 | AN80: 11654 | AO80: 0.02794128 | AP80: 233.9595 | AQ80: 0.1223546 | AR80: 3.72 | AS80: 3.8423546 | AT80: 0.96993918 | AU80: 8.68 | AV80: 9.6499392 | AW80: 19.547151 | AX80: 19.547151 | AY80: voidage | AZ80: P10/P50/P90 (category-ratio envelope) | BA80: phase2_distance_engine | BB80: emissions_weighted | BC80: TRUE
A81: STO_Petroleum_onshore_D3Q3P_CHN | B81: CO2ForStorage | C81: 28200 | D81: 21600 | E81: 28200 | F81: 47400 | G81: 0.015114093 | H81: 0.044621798 | I81: 0.066932696 | J81: 79.640204 | K81: 79.640204 | L81: 79.640204 | M81: 79.640204 | N81: 79.640204 | O81: 79.640204 | P81: 79.640204 | Q81: 79.640204 | R81: 79.640204 | S81: 79.640204 | T81: 79.640204 | V81: PRE | W81: STO_Petroleum_onshore_D3Q3P_CHN | X81: CO2 storage step -- Petroleum (1 site) - onshore_pipe - 200-500km - China | Y81: ktpa | Z81: kt | AB81: China | AC81: CHN | AD81: Petroleum | AF81: onshore | AG81: D3Q3P | AH81: 200-500km | AI81: Q3 | AJ81: onshore_pipe | AK81: 1 | AL81: 21.6 | AM81: 28.2 | AN81: 47.4 | AO81: 9.262824e-05 | AP81: 0.7756 | AQ81: 6.8986227 | AR81: 8.2154703 | AS81: 15.114093 | AT81: 21.292651 | AU81: 23.329146 | AV81: 44.621798 | AW81: 0.079640204 | AX81: 0.079640204 | AY81: voidage | AZ81: P10/P50/P90 (category-ratio envelope) | BA81: phase2_distance_engine | BB81: emissions_weighted | BC81: TRUE
A82: STO_Petroleum_onshore_D4Q3P_CHN | B82: CO2ForStorage | C82: 16159800 | D82: 12403200 | E82: 16159800 | F82: 27208700 | G82: 0.011616806 | H82: 0.039922233 | I82: 0.05988335 | J82: 45637.226 | K82: 45637.226 | L82: 45637.226 | M82: 45637.226 | N82: 45637.226 | O82: 45637.226 | P82: 45637.226 | Q82: 45637.226 | R82: 45637.226 | S82: 45637.226 | T82: 45637.226 | V82: PRE | W82: STO_Petroleum_onshore_D4Q3P_CHN | X82: CO2 storage step -- Petroleum (120 sites) - onshore_pipe - 500-1500km - China | Y82: ktpa | Z82: kt | AB82: China | AC82: CHN | AD82: Petroleum | AF82: onshore | AG82: D4Q3P | AH82: 500-1500km | AI82: Q3 | AJ82: onshore_pipe | AK82: 120 | AL82: 12403.2 | AM82: 16159.8 | AN82: 27208.7 | AO82: 0.053155998 | AP82: 445.0888 | AQ82: 3.4013358 | AR82: 8.2154703 | AS82: 11.616806 | AT82: 16.593087 | AU82: 23.329146 | AV82: 39.922233 | AW82: 45.637226 | AX82: 45.637226 | AY82: voidage | AZ82: P10/P50/P90 (category-ratio envelope) | BA82: phase2_distance_engine | BB82: emissions_weighted | BC82: TRUE
A83: STO_Petroleum_onshore_D5Q3P_CHN | B83: CO2ForStorage | C83: 122026500 | D83: 93659000 | E83: 122026500 | F83: 205458600 | G83: 0.011518342 | H83: 0.041729419 | I83: 0.062594129 | J83: 344617.56 | K83: 344617.56 | L83: 344617.56 | M83: 344617.56 | N83: 344617.56 | O83: 344617.56 | P83: 344617.56 | Q83: 344617.56 | R83: 344617.56 | S83: 344617.56 | T83: 344617.56 | V83: PRE | W83: STO_Petroleum_onshore_D5Q3P_CHN | X83: CO2 storage step -- Petroleum (943 sites) - onshore_pipe - >1500km - China | Y83: ktpa | Z83: kt | AB83: China | AC83: CHN | AD83: Petroleum | AF83: onshore | AG83: D5Q3P | AH83: >1500km | AI83: Q3 | AJ83: onshore_pipe | AK83: 943 | AL83: 93659 | AM83: 122026.5 | AN83: 205458.6 | AO83: 0.40139257 | AP83: 3360.9629 | AQ83: 3.3028715 | AR83: 8.2154703 | AS83: 11.518342 | AT83: 18.400273 | AU83: 23.329146 | AV83: 41.729419 | AW83: 344.61756 | AX83: 344.61756 | AY83: voidage | AZ83: P10/P50/P90 (category-ratio envelope) | BA83: phase2_distance_engine | BB83: emissions_weighted | BC83: TRUE
A84: STO_Saline_onshore_D1Q2P_CHN | B84: CO2ForStorage | C84: 22458600 | D84: 12212500 | E84: 22458600 | F84: 45522300 | G84: 0.0077953414 | H84: 0.023985136 | I84: 0.035977704 | J84: 732271.46 | K84: 710583.94 | L84: 688896.42 | M84: 667208.91 | N84: 645521.39 | O84: 623833.88 | P84: 580458.84 | Q84: 537083.81 | R84: 493708.78 | S84: 450333.75 | T84: 406958.72 | V84: PRE | W84: STO_Saline_onshore_D1Q2P_CHN | X84: CO2 storage step -- Saline (174 sites) - onshore_pipe - 0-50km - China | Y84: ktpa | Z84: kt | AB84: China | AC84: CHN | AD84: Saline | AF84: onshore | AG84: D1Q2P | AH84: 0-50km | AI84: Q2 | AJ84: onshore_pipe | AK84: 174 | AL84: 12212.5 | AM84: 22458.6 | AN84: 45522.3 | AO84: 0.089421148 | AP84: 748.7462 | AQ84: 0.045341429 | AR84: 7.75 | AS84: 7.7953414 | AT84: 0.38513573 | AU84: 23.6 | AV84: 23.985136 | AW84: 732.27146 | AX84: 406.95872 | AY84: china_explicit | AZ84: P10/P50/P90 (category-ratio envelope) | BA84: phase2_distance_engine | BB84: emissions_weighted | BC84: TRUE
A85: STO_Saline_onshore_D1Q3P_CHN | B85: CO2ForStorage | C85: 81764400 | D85: 44461700 | E85: 81764400 | F85: 165731400 | G85: 0.013828925 | H85: 0.045581483 | I85: 0.068372224 | J85: 2665960.3 | K85: 2587003.2 | L85: 2508046 | M85: 2429088.9 | N85: 2350131.8 | O85: 2271174.6 | P85: 2113260.4 | Q85: 1955346.1 | R85: 1797431.8 | S85: 1639517.5 | T85: 1481603.3 | V85: PRE | W85: STO_Saline_onshore_D1Q3P_CHN | X85: CO2 storage step -- Saline (714 sites) - onshore_pipe - 0-50km - China | Y85: ktpa | Z85: kt | AB85: China | AC85: CHN | AD85: Saline | AF85: onshore | AG85: D1Q3P | AH85: 0-50km | AI85: Q3 | AJ85: onshore_pipe | AK85: 714 | AL85: 44461.7 | AM85: 81764.4 | AN85: 165731.4 | AO85: 0.26895479 | AP85: 2252.0274 | AQ85: 0.13647474 | AR85: 13.692451 | AS85: 13.828925 | AT85: 0.58866073 | AU85: 44.992822 | AV85: 45.581483 | AW85: 2665.9603 | AX85: 1481.6033 | AY85: china_explicit | AZ85: P10/P50/P90 (category-ratio envelope) | BA85: phase2_distance_engine | BB85: emissions_weighted | BC85: TRUE
A86: STO_Saline_onshore_D2Q2P_CHN | B86: CO2ForStorage | C86: 13729500 | D86: 7465800 | E86: 13729500 | F86: 27828900 | G86: 0.007944506 | H86: 0.025248123 | I86: 0.037872184 | J86: 447655.73 | K86: 434397.61 | L86: 421139.49 | M86: 407881.38 | N86: 394623.26 | O86: 381365.14 | P86: 354848.91 | Q86: 328332.67 | R86: 301816.44 | S86: 275300.2 | T86: 248783.97 | V86: PRE | W86: STO_Saline_onshore_D2Q2P_CHN | X86: CO2 storage step -- Saline (97 sites) - onshore_pipe - 50-200km - China | Y86: ktpa | Z86: kt | AB86: China | AC86: CHN | AD86: Saline | AF86: onshore | AG86: D2Q2P | AH86: 50-200km | AI86: Q2 | AJ86: onshore_pipe | AK86: 97 | AL86: 7465.8 | AM86: 13729.5 | AN86: 27828.9 | AO86: 0.054665351 | AP86: 457.727 | AQ86: 0.194506 | AR86: 7.75 | AS86: 7.944506 | AT86: 1.648123 | AU86: 23.6 | AV86: 25.248123 | AW86: 447.65573 | AX86: 248.78397 | AY86: china_explicit | AZ86: P10/P50/P90 (category-ratio envelope) | BA86: phase2_distance_engine | BB86: emissions_weighted | BC86: TRUE
A87: STO_Saline_onshore_D2Q3P_CHN | B87: CO2ForStorage | C87: 25912300 | D87: 14090500 | E87: 25912300 | F87: 52522600 | G87: 0.014597243 | H87: 0.049067109 | I87: 0.073600663 | J87: 844880.7 | K87: 819858.06 | L87: 794835.42 | M87: 769812.78 | N87: 744790.14 | O87: 719767.51 | P87: 669722.23 | Q87: 619676.95 | R87: 569631.68 | S87: 519586.4 | T87: 469541.13 | V87: PRE | W87: STO_Saline_onshore_D2Q3P_CHN | X87: CO2 storage step -- Saline (263 sites) - onshore_pipe - 50-200km - China | Y87: ktpa | Z87: kt | AB87: China | AC87: CHN | AD87: Saline | AF87: onshore | AG87: D2Q3P | AH87: 50-200km | AI87: Q3 | AJ87: onshore_pipe | AK87: 263 | AL87: 14090.5 | AM87: 25912.3 | AN87: 52522.6 | AO87: 0.085235524 | AP87: 713.6989 | AQ87: 0.90479292 | AR87: 13.692451 | AS87: 14.597243 | AT87: 4.0742868 | AU87: 44.992822 | AV87: 49.067109 | AW87: 844.8807 | AX87: 469.54113 | AY87: china_explicit | AZ87: P10/P50/P90 (category-ratio envelope) | BA87: phase2_distance_engine | BB87: emissions_weighted | BC87: TRUE
A88: STO_Saline_onshore_D3Q2P_CHN | B88: CO2ForStorage | C88: 852400 | D88: 463500 | E88: 852400 | F88: 1727800 | G88: 0.0099769417 | H88: 0.030518522 | I88: 0.045777783 | J88: 27792.836 | K88: 26969.702 | L88: 26146.568 | M88: 25323.434 | N88: 24500.3 | O88: 23677.166 | P88: 22030.898 | Q88: 20384.63 | R88: 18738.361 | S88: 17092.093 | T88: 15445.825 | V88: PRE | W88: STO_Saline_onshore_D3Q2P_CHN | X88: CO2 storage step -- Saline (6 sites) - onshore_pipe - 200-500km - China | Y88: ktpa | Z88: kt | AB88: China | AC88: CHN | AD88: Saline | AF88: onshore | AG88: D3Q2P | AH88: 200-500km | AI88: Q2 | AJ88: onshore_pipe | AK88: 6 | AL88: 463.5 | AM88: 852.4 | AN88: 1727.8 | AO88: 0.0033939962 | AP88: 28.4188 | AQ88: 2.2269417 | AR88: 7.75 | AS88: 9.9769417 | AT88: 6.9185221 | AU88: 23.6 | AV88: 30.518522 | AW88: 27.792836 | AX88: 15.445825 | AY88: china_explicit | AZ88: P10/P50/P90 (category-ratio envelope) | BA88: phase2_distance_engine | BB88: emissions_weighted | BC88: TRUE
A89: STO_Saline_onshore_D3Q3P_CHN | B89: CO2ForStorage | C89: 244100 | D89: 132800 | E89: 244100 | F89: 494800 | G89: 0.021627921 | H89: 0.0614659 | I89: 0.09219885 | J89: 7958.9762 | K89: 7723.257 | L89: 7487.5378 | M89: 7251.8186 | N89: 7016.0995 | O89: 6780.3803 | P89: 6308.9419 | Q89: 5837.5036 | R89: 5366.0652 | S89: 4894.6269 | T89: 4423.1886 | V89: PRE | W89: STO_Saline_onshore_D3Q3P_CHN | X89: CO2 storage step -- Saline (6 sites) - onshore_pipe - 200-500km - China | Y89: ktpa | Z89: kt | AB89: China | AC89: CHN | AD89: Saline | AF89: onshore | AG89: D3Q3P | AH89: 200-500km | AI89: Q3 | AJ89: onshore_pipe | AK89: 6 | AL89: 132.8 | AM89: 244.1 | AN89: 494.8 | AO89: 0.00080305674 | AP89: 6.7242 | AQ89: 7.93547 | AR89: 13.692451 | AS89: 21.627921 | AT89: 16.473078 | AU89: 44.992822 | AV89: 61.4659 | AW89: 7.9589762 | AX89: 4.4231886 | AY89: china_explicit | AZ89: P10/P50/P90 (category-ratio envelope) | BA89: phase2_distance_engine | BB89: emissions_weighted | BC89: TRUE
A90: STO_Saline_onshore_D1Q3P_CIV | B90: CO2ForStorage | C90: 219200 | D90: 119200 | E90: 219200 | F90: 444200 | G90: 0.014652334 | J90: 8768 | K90: 8768 | L90: 8768 | M90: 8768 | N90: 8768 | O90: 8768 | P90: 8768 | Q90: 8768 | R90: 8768 | S90: 8768 | T90: 8768 | V90: PRE | W90: STO_Saline_onshore_D1Q3P_CIV | X90: CO2 storage step -- Saline (2 sites) - onshore_pipe - 0-50km - Cote D'Ivoire | Y90: ktpa | Z90: kt | AB90: Cote D'Ivoire | AC90: CIV | AD90: Saline | AF90: onshore | AG90: D1Q3P | AH90: 0-50km | AI90: Q3 | AJ90: onshore_pipe | AK90: 2 | AL90: 119.2 | AM90: 219.2 | AN90: 444.2 | AO90: 1 | AP90: 1.5764 | AQ90: 0.25612018 | AR90: 14.396214 | AS90: 14.652334 | AW90: 8.768 | AX90: 8.768 | AY90: pressure_limited_rerun | AZ90: P10/P50/P90 (category-ratio envelope) | BA90: phase2_distance_engine | BB90: emissions_weighted+life_capped | BC90: FALSE
A91: STO_Saline_onshore_D1Q2P_CMR | B91: CO2ForStorage | C91: 152800 | D91: 83100 | E91: 152800 | F91: 309600 | G91: 0.0084695773 | H91: 0.024607408 | I91: 0.036911112 | J91: 6112 | K91: 6112 | L91: 6112 | M91: 6112 | N91: 6112 | O91: 6112 | P91: 6112 | Q91: 6112 | R91: 6112 | S91: 6112 | T91: 6112 | V91: PRE | W91: STO_Saline_onshore_D1Q2P_CMR | X91: CO2 storage step -- Saline (1 site) - onshore_pipe - 0-50km - Cameroon | Y91: ktpa | Z91: kt | AB91: Cameroon | AC91: CMR | AD91: Saline | AF91: onshore | AG91: D1Q2P | AH91: 0-50km | AI91: Q2 | AJ91: onshore_pipe | AK91: 1 | AL91: 83.1 | AM91: 152.8 | AN91: 309.6 | AO91: 0.50431448 | AP91: 0.3156 | AQ91: 0.71957729 | AR91: 7.75 | AS91: 8.4695773 | AT91: 1.0074082 | AU91: 23.6 | AV91: 24.607408 | AW91: 6.112 | AX91: 6.112 | AY91: pressure_limited_rerun | AZ91: P10/P50/P90 (category-ratio envelope) | BA91: phase2_distance_engine | BB91: emissions_weighted+life_capped | BC91: TRUE
A92: STO_Saline_onshore_D1Q3P_CMR | B92: CO2ForStorage | C92: 1735700 | D92: 943800 | E92: 1735700 | F92: 3518100 | G92: 0.014575219 | J92: 69428 | K92: 69428 | L92: 69428 | M92: 69428 | N92: 69428 | O92: 69428 | P92: 69428 | Q92: 69428 | R92: 69428 | S92: 69428 | T92: 69428 | V92: PRE | W92: STO_Saline_onshore_D1Q3P_CMR | X92: CO2 storage step -- Saline (1 site) - onshore_pipe - 0-50km - Cameroon | Y92: ktpa | Z92: kt | AB92: Cameroon | AC92: CMR | AD92: Saline | AF92: onshore | AG92: D1Q3P | AH92: 0-50km | AI92: Q3 | AJ92: onshore_pipe | AK92: 1 | AL92: 943.8 | AM92: 1735.7 | AN92: 3518.1 | AO92: 0.49568552 | AP92: 0.3102 | AQ92: 0.73210378 | AR92: 13.843115 | AS92: 14.575219 | AW92: 69.428 | AX92: 69.428 | AY92: pressure_limited_rerun | AZ92: P10/P50/P90 (category-ratio envelope) | BA92: phase2_distance_engine | BB92: emissions_weighted+life_capped | BC92: FALSE
A93: STO_Saline_onshore_D1Q2P_COG | B93: CO2ForStorage | C93: 781500 | D93: 425000 | E93: 781500 | F93: 1584100 | G93: 0.0081544323 | H93: 0.024166205 | I93: 0.036249308 | J93: 31260 | K93: 31260 | L93: 31260 | M93: 31260 | N93: 31260 | O93: 31260 | P93: 31260 | Q93: 31260 | R93: 31260 | S93: 31260 | T93: 31260 | V93: PRE | W93: STO_Saline_onshore_D1Q2P_COG | X93: CO2 storage step -- Saline (1 site) - onshore_pipe - 0-50km - Congo | Y93: ktpa | Z93: kt | AB93: Congo | AC93: COG | AD93: Saline | AF93: onshore | AG93: D1Q2P | AH93: 0-50km | AI93: Q2 | AJ93: onshore_pipe | AK93: 1 | AL93: 425 | AM93: 781.5 | AN93: 1584.1 | AO93: 0.53265537 | AP93: 0.7071 | AQ93: 0.40443233 | AR93: 7.75 | AS93: 8.1544323 | AT93: 0.56620526 | AU93: 23.6 | AV93: 24.166205 | AW93: 31.26 | AX93: 31.26 | AY93: pressure_limited_rerun | AZ93: P10/P50/P90 (category-ratio envelope) | BA93: phase2_distance_engine | BB93: emissions_weighted+life_capped | BC93: TRUE
A94: STO_Saline_onshore_D2Q2P_COG | B94: CO2ForStorage | C94: 685700 | D94: 372900 | E94: 685700 | F94: 1389900 | G94: 0.017251862 | H94: 0.036902607 | I94: 0.05535391 | J94: 27428 | K94: 27428 | L94: 27428 | M94: 27428 | N94: 27428 | O94: 27428 | P94: 27428 | Q94: 27428 | R94: 27428 | S94: 27428 | T94: 27428 | V94: PRE | W94: STO_Saline_onshore_D2Q2P_COG | X94: CO2 storage step -- Saline (2 sites) - onshore_pipe - 50-200km - Congo | Y94: ktpa | Z94: kt | AB94: Congo | AC94: COG | AD94: Saline | AF94: onshore | AG94: D2Q2P | AH94: 50-200km | AI94: Q2 | AJ94: onshore_pipe | AK94: 2 | AL94: 372.9 | AM94: 685.7 | AN94: 1389.9 | AO94: 0.46734463 | AP94: 0.6204 | AQ94: 9.501862 | AR94: 7.75 | AS94: 17.251862 | AT94: 13.302607 | AU94: 23.6 | AV94: 36.902607 | AW94: 27.428 | AX94: 27.428 | AY94: pressure_limited_rerun | AZ94: P10/P50/P90 (category-ratio envelope) | BA94: phase2_distance_engine | BB94: emissions_weighted+life_capped | BC94: TRUE
A95: STO_Petroleum_onshore_D1Q1P_COL | B95: CO2ForStorage | C95: 4084400 | D95: 3134900 | E95: 4084400 | F95: 6877000 | G95: 0.0055274598 | H95: 0.013315854 | I95: 0.019973781 | J95: 8355.3727 | K95: 8355.3727 | L95: 8355.3727 | M95: 8355.3727 | N95: 8355.3727 | O95: 8355.3727 | P95: 8355.3727 | Q95: 8355.3727 | R95: 8355.3727 | S95: 8355.3727 | T95: 8355.3727 | V95: PRE | W95: STO_Petroleum_onshore_D1Q1P_COL | X95: CO2 storage step -- Petroleum (3 sites) - onshore_pipe - 0-50km - Colombia | Y95: ktpa | Z95: kt | AB95: Colombia | AC95: COL | AD95: Petroleum | AF95: onshore | AG95: D1Q1P | AH95: 0-50km | AI95: Q1 | AJ95: onshore_pipe | AK95: 3 | AL95: 3134.9 | AM95: 4084.4 | AN95: 6877 | AO95: 0.10183186 | AP95: 1.3675 | AQ95: 1.8074598 | AR95: 3.72 | AS95: 5.5274598 | AT95: 4.6358537 | AU95: 8.68 | AV95: 13.315854 | AW95: 8.3553727 | AX95: 8.3553727 | AY95: voidage | AZ95: P10/P50/P90 (category-ratio envelope) | BA95: phase2_distance_engine | BB95: emissions_weighted | BC95: TRUE
A96: STO_Petroleum_onshore_D2Q1P_COL | B96: CO2ForStorage | C96: 13037800 | D96: 10006900 | E96: 13037800 | F96: 21952000 | G96: 0.0066896819 | H96: 0.014212559 | I96: 0.021318838 | J96: 26671.158 | K96: 26671.158 | L96: 26671.158 | M96: 26671.158 | N96: 26671.158 | O96: 26671.158 | P96: 26671.158 | Q96: 26671.158 | R96: 26671.158 | S96: 26671.158 | T96: 26671.158 | V96: PRE | W96: STO_Petroleum_onshore_D2Q1P_COL | X96: CO2 storage step -- Petroleum (5 sites) - onshore_pipe - 50-200km - Colombia | Y96: ktpa | Z96: kt | AB96: Colombia | AC96: COL | AD96: Petroleum | AF96: onshore | AG96: D2Q1P | AH96: 50-200km | AI96: Q1 | AJ96: onshore_pipe | AK96: 5 | AL96: 10006.9 | AM96: 13037.8 | AN96: 21952 | AO96: 0.32505771 | AP96: 4.3652 | AQ96: 2.9696819 | AR96: 3.72 | AS96: 6.6896819 | AT96: 5.5325588 | AU96: 8.68 | AV96: 14.212559 | AW96: 26.671158 | AX96: 26.671158 | AY96: voidage | AZ96: P10/P50/P90 (category-ratio envelope) | BA96: phase2_distance_engine | BB96: emissions_weighted | BC96: TRUE
A97: STO_Petroleum_onshore_D3Q1P_COL | B97: CO2ForStorage | C97: 9366800 | D97: 7189300 | E97: 9366800 | F97: 15771000 | G97: 0.0092554039 | H97: 0.020058691 | I97: 0.030088036 | J97: 19161.469 | K97: 19161.469 | L97: 19161.469 | M97: 19161.469 | N97: 19161.469 | O97: 19161.469 | P97: 19161.469 | Q97: 19161.469 | R97: 19161.469 | S97: 19161.469 | T97: 19161.469 | V97: PRE | W97: STO_Petroleum_onshore_D3Q1P_COL | X97: CO2 storage step -- Petroleum (2 sites) - onshore_pipe - 200-500km - Colombia | Y97: ktpa | Z97: kt | AB97: Colombia | AC97: COL | AD97: Petroleum | AF97: onshore | AG97: D3Q1P | AH97: 200-500km | AI97: Q1 | AJ97: onshore_pipe | AK97: 2 | AL97: 7189.3 | AM97: 9366.8 | AN97: 15771 | AO97: 0.23353191 | AP97: 3.1361 | AQ97: 5.5354039 | AR97: 3.72 | AS97: 9.2554039 | AT97: 11.378691 | AU97: 8.68 | AV97: 20.058691 | AW97: 19.161469 | AX97: 19.161469 | AY97: voidage | AZ97: P10/P50/P90 (category-ratio envelope) | BA97: phase2_distance_engine | BB97: emissions_weighted | BC97: TRUE
A98: STO_Saline_onshore_D1Q3P_COL | B98: CO2ForStorage | C98: 36924800 | D98: 20078900 | E98: 36924800 | F98: 74844200 | G98: 0.014436284 | H98: 0.046957328 | I98: 0.070435993 | J98: 1476992 | K98: 1433531.6 | L98: 1390071.3 | M98: 1346610.9 | N98: 1303150.6 | O98: 1259690.2 | P98: 1172769.5 | Q98: 1085848.8 | R98: 998928.12 | S98: 912007.41 | T98: 825086.71 | V98: PRE | W98: STO_Saline_onshore_D1Q3P_COL | X98: CO2 storage step -- Saline (5 sites) - onshore_pipe - 0-50km - Colombia | Y98: ktpa | Z98: kt | AB98: Colombia | AC98: COL | AD98: Saline | AF98: onshore | AG98: D1Q3P | AH98: 0-50km | AI98: Q3 | AJ98: onshore_pipe | AK98: 5 | AL98: 20078.9 | AM98: 36924.8 | AN98: 74844.2 | AO98: 0.15133666 | AP98: 2.0323 | AQ98: 0.41706048 | AR98: 14.019224 | AS98: 14.436284 | AT98: 0.78812369 | AU98: 46.169205 | AV98: 46.957328 | AW98: 1476.992 | AX98: 825.08671 | AY98: pressure_limited_rerun | AZ98: P10/P50/P90 (category-ratio envelope) | BA98: phase2_distance_engine | BB98: emissions_weighted+life_capped | BC98: TRUE
A99: STO_Saline_onshore_D2Q2P_COL | B99: CO2ForStorage | C99: 4980400 | D99: 2708200 | E99: 4980400 | F99: 10094900 | G99: 0.013543257 | H99: 0.032600913 | I99: 0.048901369 | J99: 199216 | K99: 193354.09 | L99: 187492.18 | M99: 181630.26 | N99: 175768.35 | O99: 169906.44 | P99: 158182.61 | Q99: 146458.79 | R99: 134734.96 | S99: 123011.14 | T99: 111287.31 | V99: PRE | W99: STO_Saline_onshore_D2Q2P_COL | X99: CO2 storage step -- Saline (2 sites) - onshore_pipe - 50-200km - Colombia | Y99: ktpa | Z99: kt | AB99: Colombia | AC99: COL | AD99: Saline | AF99: onshore | AG99: D2Q2P | AH99: 50-200km | AI99: Q2 | AJ99: onshore_pipe | AK99: 2 | AL99: 2708.2 | AM99: 4980.4 | AN99: 10094.9 | AO99: 0.18824186 | AP99: 2.5279 | AQ99: 5.7932569 | AR99: 7.75 | AS99: 13.543257 | AT99: 9.0009125 | AU99: 23.6 | AV99: 32.600913 | AW99: 199.216 | AX99: 111.28731 | AY99: pressure_limited_rerun | AZ99: P10/P50/P90 (category-ratio envelope) | BA99: phase2_distance_engine | BB99: emissions_weighted+life_capped | BC99: TRUE
A100: STO_Saline_onshore_D1Q2P_CUB | B100: CO2ForStorage | C100: 180600 | D100: 98200 | E100: 180600 | F100: 366000 | G100: 0.0079998502 | H100: 0.024126518 | I100: 0.036189777 | J100: 7224 | K100: 7224 | L100: 7224 | M100: 7224 | N100: 7224 | O100: 7224 | P100: 7224 | Q100: 7224 | R100: 7224 | S100: 7224 | T100: 7224 | V100: PRE | W100: STO_Saline_onshore_D1Q2P_CUB | X100: CO2 storage step -- Saline (3 sites) - onshore_pipe - 0-50km - CUB | Y100: ktpa | Z100: kt | AB100: CUB | AC100: CUB | AD100: Saline | AF100: onshore | AG100: D1Q2P | AH100: 0-50km | AI100: Q2 | AJ100: onshore_pipe | AK100: 3 | AL100: 98.2 | AM100: 180.6 | AN100: 366 | AO100: 0.499239 | AP100: 1.9681 | AQ100: 0.24985024 | AR100: 7.75 | AS100: 7.9998502 | AT100: 0.52651786 | AU100: 23.6 | AV100: 24.126518 | AW100: 7.224 | AX100: 7.224 | AY100: pressure_limited_rerun | AZ100: P10/P50/P90 (category-ratio envelope) | BA100: phase2_distance_engine | BB100: emissions_weighted+life_capped | BC100: TRUE
A101: STO_Saline_onshore_D2Q2P_CUB | B101: CO2ForStorage | C101: 181100 | D101: 98500 | E101: 181100 | F101: 367100 | G101: 0.01087538 | H101: 0.027975532 | I101: 0.041963298 | J101: 7244 | K101: 7244 | L101: 7244 | M101: 7244 | N101: 7244 | O101: 7244 | P101: 7244 | Q101: 7244 | R101: 7244 | S101: 7244 | T101: 7244 | V101: PRE | W101: STO_Saline_onshore_D2Q2P_CUB | X101: CO2 storage step -- Saline (2 sites) - onshore_pipe - 50-200km - CUB | Y101: ktpa | Z101: kt | AB101: CUB | AC101: CUB | AD101: Saline | AF101: onshore | AG101: D2Q2P | AH101: 50-200km | AI101: Q2 | AJ101: onshore_pipe | AK101: 2 | AL101: 98.5 | AM101: 181.1 | AN101: 367.1 | AO101: 0.500761 | AP101: 1.9741 | AQ101: 3.1253801 | AR101: 7.75 | AS101: 10.87538 | AT101: 4.3755322 | AU101: 23.6 | AV101: 27.975532 | AW101: 7.244 | AX101: 7.244 | AY101: pressure_limited_rerun | AZ101: P10/P50/P90 (category-ratio envelope) | BA101: phase2_distance_engine | BB101: emissions_weighted+life_capped | BC101: TRUE
A102: STO_Saline_onshore_D1Q3P_CYP | B102: CO2ForStorage | C102: 158600 | D102: 86200 | E102: 158600 | F102: 321400 | G102: 0.015115718 | J102: 6344 | K102: 6344 | L102: 6344 | M102: 6344 | N102: 6344 | O102: 6344 | P102: 6344 | Q102: 6344 | R102: 6344 | S102: 6344 | T102: 6344 | V102: PRE | W102: STO_Saline_onshore_D1Q3P_CYP | X102: CO2 storage step -- Saline (1 site) - onshore_pipe - 0-50km - CYP | Y102: ktpa | Z102: kt | AB102: CYP | AC102: CYP | AD102: Saline | AF102: onshore | AG102: D1Q3P | AH102: 0-50km | AI102: Q3 | AJ102: onshore_pipe | AK102: 1 | AL102: 86.2 | AM102: 158.6 | AN102: 321.4 | AO102: 1 | AP102: 1.8615 | AQ102: 0.29705571 | AR102: 14.818662 | AS102: 15.115718 | AW102: 6.344 | AX102: 6.344 | AY102: pressure_limited_rerun | AZ102: P10/P50/P90 (category-ratio envelope) | BA102: phase2_distance_engine | BB102: emissions_weighted+life_capped | BC102: FALSE
A103: STO_Petroleum_onshore_D1Q1P_CZE | B103: CO2ForStorage | C103: 33000 | D103: 25300 | E103: 33000 | F103: 55600 | G103: 0.0040363916 | H103: 0.0096070458 | I103: 0.014410569 | J103: 330 | K103: 330 | L103: 330 | M103: 330 | N103: 330 | O103: 330 | P103: 330 | Q103: 330 | R103: 330 | S103: 330 | T103: 330 | V103: PRE | W103: STO_Petroleum_onshore_D1Q1P_CZE | X103: CO2 storage step -- Petroleum (1 site) - onshore_pipe - 0-50km - Czechia | Y103: ktpa | Z103: kt | AB103: Czechia | AC103: CZE | AD103: Petroleum | AF103: onshore | AG103: D1Q1P | AH103: 0-50km | AI103: Q1 | AJ103: onshore_pipe | AK103: 1 | AL103: 25.3 | AM103: 33 | AN103: 55.6 | AO103: 0.011539913 | AP103: 0.4616 | AQ103: 0.31639162 | AR103: 3.72 | AS103: 4.0363916 | AT103: 0.92704583 | AU103: 8.68 | AV103: 9.6070458 | AW103: 0.33 | AX103: 0.33 | AY103: voidage | AZ103: P10/P50/P90 (category-ratio envelope) | BA103: phase2_distance_engine | BB103: emissions_weighted | BC103: TRUE
A104: STO_Saline_offshore_D3Q2P_CZE | B104: CO2ForStorage | C104: 0 | D104: 0 | E104: 0 | F104: 0 | G104: 0.083884362 | H104: 0.1603829 | I104: 0.24057436 | J104: 0 | K104: 0 | L104: 0 | M104: 0 | N104: 0 | O104: 0 | P104: 0 | Q104: 0 | R104: 0 | S104: 0 | T104: 0 | V104: PRE | W104: STO_Saline_offshore_D3Q2P_CZE | X104: CO2 storage step -- Saline (4 sites) - offshore_pipe - 200-500km - Czechia | Y104: ktpa | Z104: kt | AB104: Czechia | AC104: CZE | AD104: Saline | AF104: offshore | AG104: D3Q2P | AH104: 200-500km | AI104: Q2 | AJ104: offshore_pipe | AK104: 4 | AL104: 0 | AM104: 0 | AN104: 0 | AO104: 0.036559726 | AP104: 1.4624 | AQ104: 62.184362 | AR104: 21.7 | AS104: 83.884362 | AT104: 124.3829 | AU104: 36 | AV104: 160.3829 | AW104: 0 | AX104: 0 | AY104: pressure_limited_rerun | AZ104: P10/P50/P90 (category-ratio envelope) | BA104: phase2_distance_engine | BB104: emissions_weighted | BC104: TRUE
A105: STO_Saline_offshore_D3Q3S_CZE | B105: CO2ForStorage | C105: 0 | D105: 0 | E105: 0 | F105: 0 | G105: 0.067366954 | H105: 0.11792052 | I105: 0.17688079 | J105: 0 | K105: 0 | L105: 0 | M105: 0 | N105: 0 | O105: 0 | P105: 0 | Q105: 0 | R105: 0 | S105: 0 | T105: 0 | V105: PRE | W105: STO_Saline_offshore_D3Q3S_CZE | X105: CO2 storage step -- Saline (12 sites) - offshore_ship - 200-500km - Czechia | Y105: ktpa | Z105: kt | AB105: Czechia | AC105: CZE | AD105: Saline | AF105: offshore | AG105: D3Q3S | AH105: 200-500km | AI105: Q3 | AJ105: offshore_ship | AK105: 12 | AL105: 0 | AM105: 0 | AN105: 0 | AO105: 0.63225276 | AP105: 25.2903 | AQ105: 25.851138 | AR105: 41.515816 | AS105: 67.366954 | AT105: 39.458062 | AU105: 78.462462 | AV105: 117.92052 | AW105: 0 | AX105: 0 | AY105: pressure_limited_rerun | AZ105: P10/P50/P90 (category-ratio envelope) | BA105: phase2_distance_engine | BB105: emissions_weighted | BC105: TRUE
A106: STO_Saline_offshore_D4Q2P_CZE | B106: CO2ForStorage | C106: 0 | D106: 0 | E106: 0 | F106: 0 | G106: 0.14375525 | H106: 0.20687735 | I106: 0.31031603 | J106: 0 | K106: 0 | L106: 0 | M106: 0 | N106: 0 | O106: 0 | P106: 0 | Q106: 0 | R106: 0 | S106: 0 | T106: 0 | V106: PRE | W106: STO_Saline_offshore_D4Q2P_CZE | X106: CO2 storage step -- Saline (2 sites) - offshore_pipe - 500-1500km - Czechia | Y106: ktpa | Z106: kt | AB106: Czechia | AC106: CZE | AD106: Saline | AF106: offshore | AG106: D4Q2P | AH106: 500-1500km | AI106: Q2 | AJ106: offshore_pipe | AK106: 2 | AL106: 0 | AM106: 0 | AN106: 0 | AO106: 0.011324915 | AP106: 0.453 | AQ106: 122.05525 | AR106: 21.7 | AS106: 143.75525 | AT106: 170.87735 | AU106: 36 | AV106: 206.87735 | AW106: 0 | AX106: 0 | AY106: pressure_limited_rerun | AZ106: P10/P50/P90 (category-ratio envelope) | BA106: phase2_distance_engine | BB106: emissions_weighted | BC106: TRUE
A107: STO_Saline_offshore_D4Q3S_CZE | B107: CO2ForStorage | C107: 0 | D107: 0 | E107: 0 | F107: 0 | G107: 0.068527045 | H107: 0.13326625 | I107: 0.19989937 | J107: 0 | K107: 0 | L107: 0 | M107: 0 | N107: 0 | O107: 0 | P107: 0 | Q107: 0 | R107: 0 | S107: 0 | T107: 0 | V107: PRE | W107: STO_Saline_offshore_D4Q3S_CZE | X107: CO2 storage step -- Saline (3 sites) - offshore_ship - 500-1500km - Czechia | Y107: ktpa | Z107: kt | AB107: Czechia | AC107: CZE | AD107: Saline | AF107: offshore | AG107: D4Q3S | AH107: 500-1500km | AI107: Q3 | AJ107: offshore_ship | AK107: 3 | AL107: 0 | AM107: 0 | AN107: 0 | AO107: 0.16490376 | AP107: 6.5962 | AQ107: 27.01123 | AR107: 41.515816 | AS107: 68.527045 | AT107: 54.803787 | AU107: 78.462462 | AV107: 133.26625 | AW107: 0 | AX107: 0 | AY107: pressure_limited_rerun | AZ107: P10/P50/P90 (category-ratio envelope) | BA107: phase2_distance_engine | BB107: emissions_weighted | BC107: TRUE
A108: STO_Saline_onshore_D1Q3P_CZE | B108: CO2ForStorage | C108: 133900 | D108: 72800 | E108: 133900 | F108: 271300 | G108: 0.015120224 | H108: 0.049351114 | I108: 0.074026671 | J108: 5356 | K108: 5356 | L108: 5356 | M108: 5356 | N108: 5356 | O108: 5356 | P108: 5356 | Q108: 5356 | R108: 5356 | S108: 5356 | T108: 5356 | V108: PRE | W108: STO_Saline_onshore_D1Q3P_CZE | X108: CO2 storage step -- Saline (2 sites) - onshore_pipe - 0-50km - Czechia | Y108: ktpa | Z108: kt | AB108: Czechia | AC108: CZE | AD108: Saline | AF108: onshore | AG108: D1Q3P | AH108: 0-50km | AI108: Q3 | AJ108: onshore_pipe | AK108: 2 | AL108: 72.8 | AM108: 133.9 | AN108: 271.3 | AO108: 0.12864404 | AP108: 5.1458 | AQ108: 0.2931472 | AR108: 14.827077 | AS108: 15.120224 | AT108: 0.27363659 | AU108: 49.077477 | AV108: 49.351114 | AW108: 5.356 | AX108: 5.356 | AY108: pressure_limited_rerun | AZ108: P10/P50/P90 (category-ratio envelope) | BA108: phase2_distance_engine | BB108: emissions_weighted+life_capped | BC108: TRUE
A109: STO_Saline_onshore_D2Q3P_CZE | B109: CO2ForStorage | C109: 15400 | D109: 8400 | E109: 15400 | F109: 31200 | G109: 0.015288911 | J109: 616 | K109: 616 | L109: 616 | M109: 616 | N109: 616 | O109: 616 | P109: 616 | Q109: 616 | R109: 616 | S109: 616 | T109: 616 | V109: PRE | W109: STO_Saline_onshore_D2Q3P_CZE | X109: CO2 storage step -- Saline (1 site) - onshore_pipe - 50-200km - Czechia | Y109: ktpa | Z109: kt | AB109: Czechia | AC109: CZE | AD109: Saline | AF109: onshore | AG109: D2Q3P | AH109: 50-200km | AI109: Q3 | AJ109: onshore_pipe | AK109: 1 | AL109: 8.4 | AM109: 15.4 | AN109: 31.2 | AO109: 0.014774889 | AP109: 0.591 | AQ109: 0.46183409 | AR109: 14.827077 | AS109: 15.288911 | AW109: 0.616 | AX109: 0.616 | AY109: pressure_limited_rerun | AZ109: P10/P50/P90 (category-ratio envelope) | BA109: phase2_distance_engine | BB109: emissions_weighted+life_capped | BC109: FALSE
A110: STO_Petroleum_onshore_D2Q1P_DEU | B110: CO2ForStorage | C110: 1756400 | D110: 1348100 | E110: 1756400 | F110: 2957200 | G110: 0.0056740097 | H110: 0.016703127 | I110: 0.025054691 | J110: 17564 | K110: 17564 | L110: 17564 | M110: 17564 | N110: 17564 | O110: 17564 | P110: 17564 | Q110: 17564 | R110: 17564 | S110: 17564 | T110: 17564 | V110: PRE | W110: STO_Petroleum_onshore_D2Q1P_DEU | X110: CO2 storage step -- Petroleum (25 sites) - onshore_pipe - 50-200km - Germany | Y110: ktpa | Z110: kt | AB110: Germany | AC110: DEU | AD110: Petroleum | AF110: onshore | AG110: D2Q1P | AH110: 50-200km | AI110: Q1 | AJ110: onshore_pipe | AK110: 25 | AL110: 1348.1 | AM110: 1756.4 | AN110: 2957.2 | AO110: 0.12462819 | AP110: 34.99 | AQ110: 1.9540097 | AR110: 3.72 | AS110: 5.6740097 | AT110: 8.0231275 | AU110: 8.68 | AV110: 16.703127 | AW110: 17.564 | AX110: 17.564 | AY110: voidage | AZ110: P10/P50/P90 (category-ratio envelope) | BA110: phase2_distance_engine | BB110: emissions_weighted | BC110: TRUE
A111: STO_Petroleum_onshore_D3Q1P_DEU | B111: CO2ForStorage | C111: 243600 | D111: 187000 | E111: 243600 | F111: 410200 | G111: 0.0093210196 | H111: 0.016521428 | I111: 0.024782141 | J111: 2436 | K111: 2436 | L111: 2436 | M111: 2436 | N111: 2436 | O111: 2436 | P111: 2436 | Q111: 2436 | R111: 2436 | S111: 2436 | T111: 2436 | V111: PRE | W111: STO_Petroleum_onshore_D3Q1P_DEU | X111: CO2 storage step -- Petroleum (2 sites) - onshore_pipe - 200-500km - Germany | Y111: ktpa | Z111: kt | AB111: Germany | AC111: DEU | AD111: Petroleum | AF111: onshore | AG111: D3Q1P | AH111: 200-500km | AI111: Q1 | AJ111: onshore_pipe | AK111: 2 | AL111: 187 | AM111: 243.6 | AN111: 410.2 | AO111: 0.017288377 | AP111: 4.8538 | AQ111: 5.6010196 | AR111: 3.72 | AS111: 9.3210196 | AT111: 7.8414275 | AU111: 8.68 | AV111: 16.521428 | AW111: 2.436 | AX111: 2.436 | AY111: voidage | AZ111: P10/P50/P90 (category-ratio envelope) | BA111: phase2_distance_engine | BB111: emissions_weighted | BC111: TRUE
A112: STO_Saline_offshore_D1Q2P_DEU | B112: CO2ForStorage | C112: 254800 | D112: 138500 | E112: 254800 | F112: 516400 | G112: 0.022452253 | H112: 0.037053155 | I112: 0.055579732 | J112: 10192 | K112: 9967.2162 | L112: 9742.4325 | M112: 9517.6487 | N112: 9292.8649 | O112: 9068.0812 | P112: 8618.5136 | Q112: 8168.9461 | R112: 7719.3786 | S112: 7269.811 | T112: 6820.2435 | V112: PRE | W112: STO_Saline_offshore_D1Q2P_DEU | X112: CO2 storage step -- Saline (7 sites) - offshore_pipe - 0-50km - Germany | Y112: ktpa | Z112: kt | AB112: Germany | AC112: DEU | AD112: Saline | AF112: offshore | AG112: D1Q2P | AH112: 0-50km | AI112: Q2 | AJ112: offshore_pipe | AK112: 7 | AL112: 138.5 | AM112: 254.8 | AN112: 516.4 | AO112: 0.03459207 | AP112: 9.7119 | AQ112: 0.75225348 | AR112: 21.7 | AS112: 22.452253 | AT112: 1.0531549 | AU112: 36 | AV112: 37.053155 | AW112: 10.192 | AX112: 6.8202435 | AY112: pressure_limited_rerun | AZ112: P10/P50/P90 (category-ratio envelope) | BA112: phase2_distance_engine | BB112: emissions_weighted+life_capped | BC112: TRUE
A113: STO_Saline_offshore_D2Q2P_DEU | B113: CO2ForStorage | C113: 748300 | D113: 406900 | E113: 748300 | F113: 1516900 | G113: 0.024034041 | H113: 0.039267658 | I113: 0.058901487 | J113: 29932 | K113: 29271.852 | L113: 28611.704 | M113: 27951.556 | N113: 27291.408 | O113: 26631.26 | P113: 25310.964 | Q113: 23990.669 | R113: 22670.373 | S113: 21350.077 | T113: 20029.781 | V113: PRE | W113: STO_Saline_offshore_D2Q2P_DEU | X113: CO2 storage step -- Saline (3 sites) - offshore_pipe - 50-200km - Germany | Y113: ktpa | Z113: kt | AB113: Germany | AC113: DEU | AD113: Saline | AF113: offshore | AG113: D2Q2P | AH113: 50-200km | AI113: Q2 | AJ113: offshore_pipe | AK113: 3 | AL113: 406.9 | AM113: 748.3 | AN113: 1516.9 | AO113: 0.10160421 | AP113: 28.5259 | AQ113: 2.3340413 | AR113: 21.7 | AS113: 24.034041 | AT113: 3.2676578 | AU113: 36 | AV113: 39.267658 | AW113: 29.932 | AX113: 20.029781 | AY113: pressure_limited_rerun | AZ113: P10/P50/P90 (category-ratio envelope) | BA113: phase2_distance_engine | BB113: emissions_weighted+life_capped | BC113: TRUE
A114: STO_Saline_onshore_D1Q3P_DEU | B114: CO2ForStorage | C114: 19859000 | D114: 10798900 | E114: 19859000 | F114: 40253100 | G114: 0.029051414 | H114: 0.096099834 | I114: 0.14414975 | J114: 794360 | K114: 776840.45 | L114: 759320.9 | M114: 741801.36 | N114: 724281.81 | O114: 706762.26 | P114: 671723.16 | Q114: 636684.07 | R114: 601644.97 | S114: 566605.88 | T114: 531566.78 | V114: PRE | W114: STO_Saline_onshore_D1Q3P_DEU | X114: CO2 storage step -- Saline (95 sites) - onshore_pipe - 0-50km - Germany | Y114: ktpa | Z114: kt | AB114: Germany | AC114: DEU | AD114: Saline | AF114: onshore | AG114: D1Q3P | AH114: 0-50km | AI114: Q3 | AJ114: onshore_pipe | AK114: 95 | AL114: 10798.9 | AM114: 19859 | AN114: 40253.1 | AO114: 0.71247575 | AP114: 200.0312 | AQ114: 0.062139118 | AR114: 28.989275 | AS114: 29.051414 | AT114: 0.33844349 | AU114: 95.761391 | AV114: 96.099834 | AW114: 794.36 | AX114: 531.56678 | AY114: pressure_limited_rerun | AZ114: P10/P50/P90 (category-ratio envelope) | BA114: phase2_distance_engine | BB114: emissions_weighted+life_capped | BC114: TRUE
A115: STO_Saline_onshore_D2Q3P_DEU | B115: CO2ForStorage | C115: 262300 | D115: 142600 | E115: 262300 | F115: 531700 | G115: 0.030821006 | H115: 0.10175925 | I115: 0.15263887 | J115: 10492 | K115: 10260.6 | L115: 10029.2 | M115: 9797.7993 | N115: 9566.399 | O115: 9334.9988 | P115: 8872.1983 | Q115: 8409.3978 | R115: 7946.5973 | S115: 7483.7968 | T115: 7020.9963 | V115: PRE | W115: STO_Saline_onshore_D2Q3P_DEU | X115: CO2 storage step -- Saline (4 sites) - onshore_pipe - 50-200km - Germany | Y115: ktpa | Z115: kt | AB115: Germany | AC115: DEU | AD115: Saline | AF115: onshore | AG115: D2Q3P | AH115: 50-200km | AI115: Q3 | AJ115: onshore_pipe | AK115: 4 | AL115: 142.6 | AM115: 262.3 | AN115: 531.7 | AO115: 0.0094114052 | AP115: 2.6423 | AQ115: 1.8317305 | AR115: 28.989275 | AS115: 30.821006 | AT115: 5.9978555 | AU115: 95.761391 | AV115: 101.75925 | AW115: 10.492 | AX115: 7.0209963 | AY115: pressure_limited_rerun | AZ115: P10/P50/P90 (category-ratio envelope) | BA115: phase2_distance_engine | BB115: emissions_weighted+life_capped | BC115: TRUE
A116: STO_Saline_onshore_D1Q2P_DNK | B116: CO2ForStorage | C116: 2907500 | D116: 1581100 | E116: 2907500 | F116: 5893400 | G116: 0.0079901606 | H116: 0.024057299 | I116: 0.036085948 | J116: 116300 | K116: 116300 | L116: 116300 | M116: 116300 | N116: 116300 | O116: 116300 | P116: 116300 | Q116: 116300 | R116: 116300 | S116: 116300 | T116: 116300 | V116: PRE | W116: STO_Saline_onshore_D1Q2P_DNK | X116: CO2 storage step -- Saline (6 sites) - onshore_pipe - 0-50km - Denmark | Y116: ktpa | Z116: kt | AB116: Denmark | AC116: DNK | AD116: Saline | AF116: onshore | AG116: D1Q2P | AH116: 0-50km | AI116: Q2 | AJ116: onshore_pipe | AK116: 6 | AL116: 1581.1 | AM116: 2907.5 | AN116: 5893.4 | AO116: 1 | AP116: 9.0534 | AQ116: 0.24016064 | AR116: 7.75 | AS116: 7.9901606 | AT116: 0.45729868 | AU116: 23.6 | AV116: 24.057299 | AW116: 116.3 | AX116: 116.3 | AY116: pressure_limited_rerun | AZ116: P10/P50/P90 (category-ratio envelope) | BA116: phase2_distance_engine | BB116: emissions_weighted+life_capped | BC116: TRUE
...

Sheet spv
A1: ~fi_process | I1: ~fi_t | P1: ~fi_process | X1: ~fi_t
A2: set | B2: process | C2: description | D2: capacity_unit | E2: activity_unit | F2: timeslicelevel | G2: vintage | I2: process | J2: comm-out | K2: cap_bnd | L2: af~fx | M2: avg_grid_dist_km | N2: invcost~USD21_alt | P2: set | Q2: process | R2: description | S2: capacity_unit | T2: activity_unit | U2: timeslicelevel | V2: vintage | X2: process | Y2: comm-out | Z2: EFF
A3: ele | B3: en_spv_AFG_001 | C3: solar resource in Kunduz region (near Kunduz) -- Afghanistan | D3: GW | E3: PJ | F3: annual | G3: no | I3: en_spv_AFG_001 | J3: elc_spv_AFG_001 | K3: 40.429624 | L3: 0.24209172 | M3: 65.282529 | N3: 71.810782 | P3: ele | Q3: elcagg_spv_AFG | R3: solar aggregator to grid -- Afghanistan | S3: GW | T3: PJ | U3: daynite | V3: no | X3: elcagg_spv_AFG | Y3: ELC | Z3: 1
A4: ele | B4: en_spv_AFG_002 | C4: solar resource in Faryab region (near Aqchah) -- Afghanistan | D4: GW | E4: PJ | F4: annual | G4: no | I4: en_spv_AFG_002 | J4: elc_spv_AFG_002 | K4: 35.885729 | L4: 0.24322688 | M4: 131.68484 | N4: 144.85332 | P4: ele | Q4: elcagg_spv_AGO | R4: solar aggregator to grid -- Angola | S4: GW | T4: PJ | U4: daynite | V4: no | X4: elcagg_spv_AGO | Y4: ELC | Z4: 1
A5: ele | B5: en_spv_AFG_003 | C5: solar resource in Herat region (near Herat) -- Afghanistan | D5: GW | E5: PJ | F5: annual | G5: no | I5: en_spv_AFG_003 | J5: elc_spv_AFG_003 | K5: 1.7962177 | L5: 0.28135755 | M5: 196.73382 | N5: 216.4072 | P5: ele | Q5: elcagg_spv_ALB | R5: solar aggregator to grid -- Albania | S5: GW | T5: PJ | U5: daynite | V5: no | X5: elcagg_spv_ALB | Y5: ELC | Z5: 1
A6: ele | B6: en_spv_AFG_004 | C6: solar resource in Herat region (near Herat) -- Afghanistan | D6: GW | E6: PJ | F6: annual | G6: no | I6: en_spv_AFG_004 | J6: elc_spv_AFG_004 | K6: 26.77047 | L6: 0.25611273 | M6: 133.8085 | N6: 147.18935 | P6: ele | Q6: elcagg_spv_ARE | R6: solar aggregator to grid -- United Arab Emirates | S6: GW | T6: PJ | U6: daynite | V6: no | X6: elcagg_spv_ARE | Y6: ELC | Z6: 1
A7: ele | B7: en_spv_AFG_005 | C7: solar resource in Zabul region (near Kandahar) -- Afghanistan | D7: GW | E7: PJ | F7: annual | G7: no | I7: en_spv_AFG_005 | J7: elc_spv_AFG_005 | K7: 37.987338 | L7: 0.28061222 | M7: 176.56115 | N7: 194.21727 | P7: ele | Q7: elcagg_spv_ARG | R7: solar aggregator to grid -- Argentina | S7: GW | T7: PJ | U7: daynite | V7: no | X7: elcagg_spv_ARG | Y7: ELC | Z7: 1
A8: ele | B8: en_spv_AFG_006 | C8: solar resource in Paktika region (near Kabul) -- Afghanistan | D8: GW | E8: PJ | F8: annual | G8: no | I8: en_spv_AFG_006 | J8: elc_spv_AFG_006 | K8: 17.571408 | L8: 0.26265162 | M8: 164.63721 | N8: 181.10093 | P8: ele | Q8: elcagg_spv_ARM | R8: solar aggregator to grid -- Armenia | S8: GW | T8: PJ | U8: daynite | V8: no | X8: elcagg_spv_ARM | Y8: ELC | Z8: 1
A9: ele | B9: en_spv_AFG_007 | C9: solar resource in Federally Administered Tribal Areas region (near Jalalabad) -- Afghanistan | D9: GW | E9: PJ | F9: annual | G9: no | I9: en_spv_AFG_007 | J9: elc_spv_AFG_007 | K9: 0.64643546 | L9: 0.23136532 | M9: 104.57988 | N9: 115.03787 | P9: ele | Q9: elcagg_spv_AUS | R9: solar aggregator to grid -- Australia | S9: GW | T9: PJ | U9: daynite | V9: no | X9: elcagg_spv_AUS | Y9: ELC | Z9: 1
A10: ele | B10: en_spv_AFG_008 | C10: solar resource in Kandahar region (near Kandahar) -- Afghanistan | D10: GW | E10: PJ | F10: annual | G10: no | I10: en_spv_AFG_008 | J10: elc_spv_AFG_008 | K10: 94.698737 | L10: 0.27584854 | M10: 116.95457 | N10: 128.65002 | P10: ele | Q10: elcagg_spv_AUT | R10: solar aggregator to grid -- Austria | S10: GW | T10: PJ | U10: daynite | V10: no | X10: elcagg_spv_AUT | Y10: ELC | Z10: 1
A11: ele | B11: en_spv_AFG_009 | C11: solar resource in Nimruz region (near Farah) -- Afghanistan | D11: GW | E11: PJ | F11: annual | G11: no | I11: en_spv_AFG_009 | J11: elc_spv_AFG_009 | K11: 105.31756 | L11: 0.27260803 | M11: 156.78052 | N11: 172.45857 | P11: ele | Q11: elcagg_spv_AZE | R11: solar aggregator to grid -- Azerbaijan | S11: GW | T11: PJ | U11: daynite | V11: no | X11: elcagg_spv_AZE | Y11: ELC | Z11: 1
A12: ele | B12: en_spv_AGO_001 | C12: solar resource in Huila region (near Chibia) -- Angola | D12: GW | E12: PJ | F12: annual | G12: no | I12: en_spv_AGO_001 | J12: elc_spv_AGO_001 | K12: 178.12261 | L12: 0.2569421 | M12: 141.24989 | N12: 155.37488 | P12: ele | Q12: elcagg_spv_BDI | R12: solar aggregator to grid -- Burundi | S12: GW | T12: PJ | U12: daynite | V12: no | X12: elcagg_spv_BDI | Y12: ELC | Z12: 1
A13: ele | B13: en_spv_AGO_002 | C13: solar resource in Huila region (near Caluquembe) -- Angola | D13: GW | E13: PJ | F13: annual | G13: no | I13: en_spv_AGO_002 | J13: elc_spv_AGO_002 | K13: 128.9128 | L13: 0.23693872 | M13: 56.480403 | N13: 62.128443 | P13: ele | Q13: elcagg_spv_BEL | R13: solar aggregator to grid -- Belgium | S13: GW | T13: PJ | U13: daynite | V13: no | X13: elcagg_spv_BEL | Y13: ELC | Z13: 1
A14: ele | B14: en_spv_AGO_003 | C14: solar resource in Bie region (near Menongue) -- Angola | D14: GW | E14: PJ | F14: annual | G14: no | I14: en_spv_AGO_003 | J14: elc_spv_AGO_003 | K14: 270.2204 | L14: 0.2343414 | M14: 107.54023 | N14: 118.29425 | P14: ele | Q14: elcagg_spv_BEN | R14: solar aggregator to grid -- Benin | S14: GW | T14: PJ | U14: daynite | V14: no | X14: elcagg_spv_BEN | Y14: ELC | Z14: 1
... A158: ele | B158: en_spv_CAF_003 | C158: solar resource in Kemo Prefecture region (near Bangui) -- Central African Republic | D158: GW | E158: PJ | F158: annual | G158: no | I158: en_spv_CAF_003 | J158: elc_spv_CAF_003 | K158: 9.305 | L158: 0.22230376 | M158: 140.42166 | N158: 154.46383 | P158: ele | Q158: elcagg_spv_ZWE | R158: solar aggregator to grid -- Zimbabwe | S158: GW | T158: PJ | U158: daynite | V158: no | X158: elcagg_spv_ZWE | Y158: ELC | Z158: 1
A159: ele | B159: en_spv_CAF_004 | C159: solar resource in Mbomou Prefecture region (near Bambari) -- Central African Republic | D159: GW | E159: PJ | F159: annual | G159: no | I159: en_spv_CAF_004 | J159: elc_spv_CAF_004 | K159: 0.567 | L159: 0.22474668 | M159: 487.62406 | N159: 536.38647
A160: ele | B160: en_spv_CAF_005 | C160: solar resource in Ouaka Prefecture region (near Bambari) -- Central African Republic | D160: GW | E160: PJ | F160: annual | G160: no | I160: en_spv_CAF_005 | J160: elc_spv_CAF_005 | K160: 2.73975 | L160: 0.22062042 | M160: 99.243514 | N160: 109.16787
A161: ele | B161: en_spv_CAF_006 | C161: solar resource in Mbomou Prefecture region (near Bambari) -- Central African Republic | D161: GW | E161: PJ | F161: annual | G161: no | I161: en_spv_CAF_006 | J161: elc_spv_CAF_006 | K161: 1.51425 | L161: 0.21550422 | M161: 277.76288 | N161: 305.53917
A162: ele | B162: en_spv_CAF_007 | C162: solar resource in Bamingui-Bangoran Prefecture region (near Bambari) -- Central African Republic | D162: GW | E162: PJ | F162: annual | G162: no | I162: en_spv_CAF_007 | J162: elc_spv_CAF_007 | K162: 14.973436 | L162: 0.22648812 | M162: 229.42981 | N162: 252.3728
A163: ele | B163: en_spv_CAF_008 | C163: solar resource in Haute-Kotto Prefecture region (near Bambari) -- Central African Republic | D163: GW | E163: PJ | F163: annual | G163: no | I163: en_spv_CAF_008 | J163: elc_spv_CAF_008 | K163: 4.93125 | L163: 0.22854032 | M163: 242.39136 | N163: 266.6305
A164: ele | B164: en_spv_CAF_009 | C164: solar resource in Vakaga Prefecture region (near Bambari) -- Central African Republic | D164: GW | E164: PJ | F164: annual | G164: no | I164: en_spv_CAF_009 | J164: elc_spv_CAF_009 | K164: 62.368585 | L164: 0.24123339 | M164: 507.64265 | N164: 558.40691
A165: ele | B165: en_spv_CAN_001 | C165: solar resource in Quebec region (near Chicoutimi) -- Canada | D165: GW | E165: PJ | F165: annual | G165: no | I165: en_spv_CAN_001 | J165: elc_spv_CAN_001 | K165: 4.4125756 | L165: 0.15786736 | M165: 1026.0001 | N165: 1128.6001
A166: ele | B166: en_spv_CAN_002 | C166: solar resource in Newfoundland and Labrador region (near Chicoutimi) -- Canada | D166: GW | E166: PJ | F166: annual | G166: no | I166: en_spv_CAN_002 | J166: elc_spv_CAN_002 | K166: 6.0556602 | L166: 0.16593495 | M166: 962.52833 | N166: 1058.7812
A167: ele | B167: en_spv_CAN_003 | C167: solar resource in Quebec region (near Chicoutimi) -- Canada | D167: GW | E167: PJ | F167: annual | G167: no | I167: en_spv_CAN_003 | J167: elc_spv_CAN_003 | K167: 12.610943 | L167: 0.14784542 | M167: 1160.1315 | N167: 1276.1447
A168: ele | B168: en_spv_CAN_004 | C168: solar resource in Quebec region (near Chicoutimi) -- Canada | D168: GW | E168: PJ | F168: annual | G168: no | I168: en_spv_CAN_004 | J168: elc_spv_CAN_004 | K168: 34.111945 | L168: 0.14901524 | M168: 1187.6084 | N168: 1306.3692
A169: ele | B169: en_spv_CAN_005 | C169: solar resource in Quebec region (near Chicoutimi) -- Canada | D169: GW | E169: PJ | F169: annual | G169: no | I169: en_spv_CAN_005 | J169: elc_spv_CAN_005 | K169: 7.669362 | L169: 0.16293257 | M169: 661.03284 | N169: 727.13612
A170: ele | B170: en_spv_CAN_006 | C170: solar resource in Quebec region (near Chicoutimi) -- Canada | D170: GW | E170: PJ | F170: annual | G170: no | I170: en_spv_CAN_006 | J170: elc_spv_CAN_006 | K170: 4.3261816 | L170: 0.1594932 | M170: 826.49503 | N170: 909.14453
... A1165: ele | B1165: en_spv_ZWE_007 | C1165: solar resource in Matabeleland North region (near Nkayi) -- Zimbabwe | D1165: GW | E1165: PJ | F1165: annual | G1165: no | I1165: en_spv_ZWE_007 | J1165: elc_spv_ZWE_007 | K1165: 34.670011 | L1165: 0.23584595 | M1165: 195.12453 | N1165: 214.63698

Sheet won
A1: ~fi_process | I1: ~fi_t | P1: ~fi_process | X1: ~fi_t
A2: set | B2: process | C2: description | D2: capacity_unit | E2: activity_unit | F2: timeslicelevel | G2: vintage | I2: process | J2: comm-out | K2: cap_bnd | L2: af~fx | M2: avg_grid_dist_km | N2: invcost~USD21_alt | P2: set | Q2: process | R2: description | S2: capacity_unit | T2: activity_unit | U2: timeslicelevel | V2: vintage | X2: process | Y2: comm-out | Z2: EFF
A3: ele | B3: en_won_AFG_001 | C3: wind onshore resource in Zabul region (near Kandahar) -- Afghanistan | D3: GW | E3: PJ | F3: annual | G3: no | I3: en_won_AFG_001 | J3: elc_won_AFG_001 | K3: 24.496099 | L3: 0.13070245 | M3: 231.3259 | N3: 254.4585 | P3: ele | Q3: elcagg_won_AFG | R3: wind onshore aggregator to grid -- Afghanistan | S3: GW | T3: PJ | U3: daynite | V3: no | X3: elcagg_won_AFG | Y3: ELC | Z3: 1
A4: ele | B4: en_won_AFG_002 | C4: wind onshore resource in Kandahar region (near Kandahar) -- Afghanistan | D4: GW | E4: PJ | F4: annual | G4: no | I4: en_won_AFG_002 | J4: elc_won_AFG_002 | K4: 3.7606504 | L4: 0.13775826 | M4: 194.23722 | N4: 213.66095 | P4: ele | Q4: elcagg_won_AGO | R4: wind onshore aggregator to grid -- Angola | S4: GW | T4: PJ | U4: daynite | V4: no | X4: elcagg_won_AGO | Y4: ELC | Z4: 1
A5: ele | B5: en_won_AFG_003 | C5: wind onshore resource in Helmand region (near Lashkar Gah) -- Afghanistan | D5: GW | E5: PJ | F5: annual | G5: no | I5: en_won_AFG_003 | J5: elc_won_AFG_003 | K5: 13.423823 | L5: 0.16474966 | M5: 88.765689 | N5: 97.642258 | P5: ele | Q5: elcagg_won_ALB | R5: wind onshore aggregator to grid -- Albania | S5: GW | T5: PJ | U5: daynite | V5: no | X5: elcagg_won_ALB | Y5: ELC | Z5: 1
A6: ele | B6: en_won_AFG_004 | C6: wind onshore resource in Helmand region (near Lashkar Gah) -- Afghanistan | D6: GW | E6: PJ | F6: annual | G6: no | I6: en_won_AFG_004 | J6: elc_won_AFG_004 | K6: 46.608186 | L6: 0.24005215 | M6: 165.20126 | N6: 181.72139 | P6: ele | Q6: elcagg_won_ARE | R6: wind onshore aggregator to grid -- United Arab Emirates | S6: GW | T6: PJ | U6: daynite | V6: no | X6: elcagg_won_ARE | Y6: ELC | Z6: 1
A7: ele | B7: en_won_AFG_005 | C7: wind onshore resource in Jowzjan region (near Aqchah) -- Afghanistan | D7: GW | E7: PJ | F7: annual | G7: no | I7: en_won_AFG_005 | J7: elc_won_AFG_005 | K7: 28.981008 | L7: 0.22133395 | M7: 81.118172 | N7: 89.229989 | P7: ele | Q7: elcagg_won_ARG | R7: wind onshore aggregator to grid -- Argentina | S7: GW | T7: PJ | U7: daynite | V7: no | X7: elcagg_won_ARG | Y7: ELC | Z7: 1
A8: ele | B8: en_won_AFG_006 | C8: wind onshore resource in Mary region (near Herat) -- Afghanistan | D8: GW | E8: PJ | F8: annual | G8: no | I8: en_won_AFG_006 | J8: elc_won_AFG_006 | K8: 16.157303 | L8: 0.23220235 | M8: 149.23421 | N8: 164.15763 | P8: ele | Q8: elcagg_won_ARM | R8: wind onshore aggregator to grid -- Armenia | S8: GW | T8: PJ | U8: daynite | V8: no | X8: elcagg_won_ARM | Y8: ELC | Z8: 1
A9: ele | B9: en_won_AFG_007 | C9: wind onshore resource in Farah region (near Farah) -- Afghanistan | D9: GW | E9: PJ | F9: annual | G9: no | I9: en_won_AFG_007 | J9: elc_won_AFG_007 | K9: 95.103968 | L9: 0.41045596 | M9: 139.26386 | N9: 153.19025 | P9: ele | Q9: elcagg_won_AUS | R9: wind onshore aggregator to grid -- Australia | S9: GW | T9: PJ | U9: daynite | V9: no | X9: elcagg_won_AUS | Y9: ELC | Z9: 1
A10: ele | B10: en_won_AGO_001 | C10: wind onshore resource in Namibe region (near Mocamedes) -- Angola | D10: GW | E10: PJ | F10: annual | G10: no | I10: en_won_AGO_001 | J10: elc_won_AGO_001 | K10: 9.583413 | L10: 0.13564405 | M10: 152.09142 | N10: 167.30056 | P10: ele | Q10: elcagg_won_AUT | R10: wind onshore aggregator to grid -- Austria | S10: GW | T10: PJ | U10: daynite | V10: no | X10: elcagg_won_AUT | Y10: ELC | Z10: 1
A11: ele | B11: en_won_AGO_002 | C11: wind onshore resource in Cunene region (near Chibia) -- Angola | D11: GW | E11: PJ | F11: annual | G11: no | I11: en_won_AGO_002 | J11: elc_won_AGO_002 | K11: 12.296203 | L11: 0.11058825 | M11: 141.22545 | N11: 155.348 | P11: ele | Q11: elcagg_won_AZE | R11: wind onshore aggregator to grid -- Azerbaijan | S11: GW | T11: PJ | U11: daynite | V11: no | X11: elcagg_won_AZE | Y11: ELC | Z11: 1
A12: ele | B12: en_won_AGO_003 | C12: wind onshore resource in Namibe region (near Mocamedes) -- Angola | D12: GW | E12: PJ | F12: annual | G12: no | I12: en_won_AGO_003 | J12: elc_won_AGO_003 | K12: 14.328232 | L12: 0.095508097 | M12: 112.48733 | N12: 123.73606 | P12: ele | Q12: elcagg_won_BDI | R12: wind onshore aggregator to grid -- Burundi | S12: GW | T12: PJ | U12: daynite | V12: no | X12: elcagg_won_BDI | Y12: ELC | Z12: 1
A13: ele | B13: en_won_AGO_004 | C13: wind onshore resource in Moxico region (near Luena) -- Angola | D13: GW | E13: PJ | F13: annual | G13: no | I13: en_won_AGO_004 | J13: elc_won_AGO_004 | K13: 64.119048 | L13: 0.12978707 | M13: 222.30006 | N13: 244.53007 | P13: ele | Q13: elcagg_won_BEL | R13: wind onshore aggregator to grid -- Belgium | S13: GW | T13: PJ | U13: daynite | V13: no | X13: elcagg_won_BEL | Y13: ELC | Z13: 1
A14: ele | B14: en_won_AGO_005 | C14: wind onshore resource in Lunda Sul region (near Saurimo) -- Angola | D14: GW | E14: PJ | F14: annual | G14: no | I14: en_won_AGO_005 | J14: elc_won_AGO_005 | K14: 30.446662 | L14: 0.10794076 | M14: 120.90553 | N14: 132.99608 | P14: ele | Q14: elcagg_won_BEN | R14: wind onshore aggregator to grid -- Benin | S14: GW | T14: PJ | U14: daynite | V14: no | X14: elcagg_won_BEN | Y14: ELC | Z14: 1
... A160: ele | B160: en_won_CHE_002 | C160: wind onshore resource in Doubs region (near La Chaux-de-Fonds) -- Switzerland | D160: GW | E160: PJ | F160: annual | G160: no | I160: en_won_CHE_002 | J160: elc_won_CHE_002 | K160: 21.080225 | L160: 0.1352434 | M160: 30.778597 | N160: 33.856456 | P160: ele | Q160: elcagg_won_ZWE | R160: wind onshore aggregator to grid -- Zimbabwe | S160: GW | T160: PJ | U160: daynite | V160: no | X160: elcagg_won_ZWE | Y160: ELC | Z160: 1
A161: ele | B161: en_won_CHL_001 | C161: wind onshore resource in Magellan and the Chilean Antarctic region (near Punta Arenas) -- Chile | D161: GW | E161: PJ | F161: annual | G161: no | I161: en_won_CHL_001 | J161: elc_won_CHL_001 | K161: 63.9605 | L161: 0.53771799 | M161: 225.67334 | N161: 248.24067
A162: ele | B162: en_won_CHL_002 | C162: wind onshore resource in Santa Cruz region (near Puerto Montt) -- Chile | D162: GW | E162: PJ | F162: annual | G162: no | I162: en_won_CHL_002 | J162: elc_won_CHL_002 | K162: 40.263913 | L162: 0.32909616 | M162: 494.67651 | N162: 544.14416
A163: ele | B163: en_won_CHL_003 | C163: wind onshore resource in Aysen region (near Punta Arenas) -- Chile | D163: GW | E163: PJ | F163: annual | G163: no | I163: en_won_CHL_003 | J163: elc_won_CHL_003 | K163: 36.531479 | L163: 0.14522367 | M163: 549.58944 | N163: 604.54839
A164: ele | B164: en_won_CHL_004 | C164: wind onshore resource in Antofagasta region (near Calama) -- Chile | D164: GW | E164: PJ | F164: annual | G164: no | I164: en_won_CHL_004 | J164: elc_won_CHL_004 | K164: 10.262399 | L164: 0.10601764 | M164: 100.14828 | N164: 110.16311
A165: ele | B165: en_won_CHL_005 | C165: wind onshore resource in Nuble region (near Chillan) -- Chile | D165: GW | E165: PJ | F165: annual | G165: no | I165: en_won_CHL_005 | J165: elc_won_CHL_005 | K165: 3.1023906 | L165: 0.21174037 | M165: 44.347809 | N165: 48.78259
A166: ele | B166: en_won_CHL_006 | C166: wind onshore resource in near Vina del Mar -- Chile | D166: GW | E166: PJ | F166: annual | G166: no | I166: en_won_CHL_006 | J166: elc_won_CHL_006 | K166: 1.9584681 | L166: 0.31331893 | M166: 90.609953 | N166: 99.670948
A167: ele | B167: en_won_CHL_007 | C167: wind onshore resource in Araucania region (near Temuco) -- Chile | D167: GW | E167: PJ | F167: annual | G167: no | I167: en_won_CHL_007 | J167: elc_won_CHL_007 | K167: 11.200297 | L167: 0.14573084 | M167: 138.82178 | N167: 152.70396
A168: ele | B168: en_won_CHL_008 | C168: wind onshore resource in Los Lagos region (near Puerto Montt) -- Chile | D168: GW | E168: PJ | F168: annual | G168: no | I168: en_won_CHL_008 | J168: elc_won_CHL_008 | K168: 1.1139364 | L168: 0.29771167 | M168: 122.44773 | N168: 134.69251
A169: ele | B169: en_won_CHN_001 | C169: wind onshore resource in Xinjiang region (near Urumqi) -- China | D169: GW | E169: PJ | F169: annual | G169: no | I169: en_won_CHN_001 | J169: elc_won_CHN_001 | K169: 213.48047 | L169: 0.16719417 | M169: 983.74356 | N169: 1082.1179
A170: ele | B170: en_won_CHN_002 | C170: wind onshore resource in Xinjiang region (near Urumqi) -- China | D170: GW | E170: PJ | F170: annual | G170: no | I170: en_won_CHN_002 | J170: elc_won_CHN_002 | K170: 406.66682 | L170: 0.20666149 | M170: 530.38437 | N170: 583.42281
A171: ele | B171: en_won_CHN_003 | C171: wind onshore resource in Inner Mongolia region (near Yinchuan) -- China | D171: GW | E171: PJ | F171: annual | G171: no | I171: en_won_CHN_003 | J171: elc_won_CHN_003 | K171: 717.21176 | L171: 0.30881299 | M171: 397.48836 | N171: 437.23719
A172: ele | B172: en_won_CHN_004 | C172: wind onshore resource in Xinjiang region (near Urumqi) -- China | D172: GW | E172: PJ | F172: annual | G172: no | I172: en_won_CHN_004 | J172: elc_won_CHN_004 | K172: 245.57375 | L172: 0.17028121 | M172: 350.46541 | N172: 385.51196
... A1000: ele | B1000: en_won_ZWE_007 | C1000: wind onshore resource in Matabeleland North region (near Nkayi) -- Zimbabwe | D1000: GW | E1000: PJ | F1000: annual | G1000: no | I1000: en_won_ZWE_007 | J1000: elc_won_ZWE_007 | K1000: 4.3432731 | L1000: 0.15598014 | M1000: 326.78321 | N1000: 359.46153

Sheet wof
A1: ~fi_process | I1: ~fi_t | P1: ~fi_process | X1: ~fi_t
A2: set | B2: process | C2: description | D2: capacity_unit | E2: activity_unit | F2: timeslicelevel | G2: vintage | I2: process | J2: comm-out | K2: cap_bnd | L2: af~fx | M2: avg_grid_dist_km | N2: invcost~USD21_alt | P2: set | Q2: process | R2: description | S2: capacity_unit | T2: activity_unit | U2: timeslicelevel | V2: vintage | X2: process | Y2: comm-out | Z2: EFF
A3: ele | B3: en_wof_AGO_001 | C3: wind offshore resource in near Mocamedes -- Angola | D3: GW | E3: PJ | F3: annual | G3: no | I3: en_wof_AGO_001 | J3: elc_wof_AGO_001 | K3: 1.089 | L3: 0.28634051 | M3: 114.61115 | N3: 689.73925 | P3: ele | Q3: elcagg_wof_AGO | R3: wind offshore aggregator to grid -- Angola | S3: GW | T3: PJ | U3: daynite | V3: no | X3: elcagg_wof_AGO | Y3: ELC | Z3: 1
A4: ele | B4: en_wof_AGO_002 | C4: wind offshore resource in near Mocamedes -- Angola | D4: GW | E4: PJ | F4: annual | G4: no | I4: en_wof_AGO_002 | J4: elc_wof_AGO_002 | K4: 12.99075 | L4: 0.48262051 | M4: 206.4746 | N4: 895.53293 | P4: ele | Q4: elcagg_wof_ALB | R4: wind offshore aggregator to grid -- Albania | S4: GW | T4: PJ | U4: daynite | V4: no | X4: elcagg_wof_ALB | Y4: ELC | Z4: 1
A5: ele | B5: en_wof_ALB_001 | C5: wind offshore resource in near Vlore -- Albania | D5: GW | E5: PJ | F5: annual | G5: no | I5: en_wof_ALB_001 | J5: elc_wof_ALB_001 | K5: 9.15 | L5: 0.31121524 | M5: 55.018787 | N5: 544.48417 | P5: ele | Q5: elcagg_wof_ARE | R5: wind offshore aggregator to grid -- United Arab Emirates | S5: GW | T5: PJ | U5: daynite | V5: no | X5: elcagg_wof_ARE | Y5: ELC | Z5: 1
A6: ele | B6: en_wof_ALB_002 | C6: wind offshore resource in near Durres -- Albania | D6: GW | E6: PJ | F6: annual | G6: no | I6: en_wof_ALB_002 | J6: elc_wof_ALB_002 | K6: 15.11325 | L6: 0.27978349 | M6: 66.968846 | N6: 598.02043 | P6: ele | Q6: elcagg_wof_ARG | R6: wind offshore aggregator to grid -- Argentina | S6: GW | T6: PJ | U6: daynite | V6: no | X6: elcagg_wof_ARG | Y6: ELC | Z6: 1
A7: ele | B7: en_wof_ARE_001 | C7: wind offshore resource in near Abu Dhabi -- United Arab Emirates | D7: GW | E7: PJ | F7: annual | G7: no | I7: en_wof_ARE_001 | J7: elc_wof_ARE_001 | K7: 1.2315 | L7: 0.24914216 | M7: 0 | N7: 253.3 | P7: ele | Q7: elcagg_wof_AUS | R7: wind offshore aggregator to grid -- Australia | S7: GW | T7: PJ | U7: daynite | V7: no | X7: elcagg_wof_AUS | Y7: ELC | Z7: 1
A8: ele | B8: en_wof_ARE_002 | C8: wind offshore resource in near Abu Dhabi -- United Arab Emirates | D8: GW | E8: PJ | F8: annual | G8: no | I8: en_wof_ARE_002 | J8: elc_wof_ARE_002 | K8: 1.8 | L8: 0.22329599 | M8: 0 | N8: 253.3 | P8: ele | Q8: elcagg_wof_AZE | R8: wind offshore aggregator to grid -- Azerbaijan | S8: GW | T8: PJ | U8: daynite | V8: no | X8: elcagg_wof_AZE | Y8: ELC | Z8: 1
A9: ele | B9: en_wof_ARG_001 | C9: wind offshore resource in near Rio Gallegos -- Argentina | D9: GW | E9: PJ | F9: annual | G9: no | I9: en_wof_ARG_001 | J9: elc_wof_ARG_001 | K9: 258.81525 | L9: 0.62034035 | M9: 323.52705 | N9: 981.09828 | P9: ele | Q9: elcagg_wof_BEN | R9: wind offshore aggregator to grid -- Benin | S9: GW | T9: PJ | U9: daynite | V9: no | X9: elcagg_wof_BEN | Y9: ELC | Z9: 1
A10: ele | B10: en_wof_ARG_002 | C10: wind offshore resource in near Rio Grande -- Argentina | D10: GW | E10: PJ | F10: annual | G10: no | I10: en_wof_ARG_002 | J10: elc_wof_ARG_002 | K10: 168.75 | L10: 0.74371122 | M10: 592.2415 | N10: 1177.5285 | P10: ele | Q10: elcagg_wof_BGD | R10: wind offshore aggregator to grid -- Bangladesh | S10: GW | T10: PJ | U10: daynite | V10: no | X10: elcagg_wof_BGD | Y10: ELC | Z10: 1
A11: ele | B11: en_wof_ARG_003 | C11: wind offshore resource in near Rio Grande -- Argentina | D11: GW | E11: PJ | F11: annual | G11: no | I11: en_wof_ARG_003 | J11: elc_wof_ARG_003 | K11: 292.48875 | L11: 0.71604889 | M11: 238.17665 | N11: 918.70713 | P11: ele | Q11: elcagg_wof_BGR | R11: wind offshore aggregator to grid -- Bulgaria | S11: GW | T11: PJ | U11: daynite | V11: no | X11: elcagg_wof_BGR | Y11: ELC | Z11: 1
A12: ele | B12: en_wof_ARG_004 | C12: wind offshore resource in near Necochea -- Argentina | D12: GW | E12: PJ | F12: annual | G12: no | I12: en_wof_ARG_004 | J12: elc_wof_ARG_004 | K12: 122.14725 | L12: 0.54920356 | M12: 156.04037 | N12: 847.50173 | P12: ele | Q12: elcagg_wof_BRA | R12: wind offshore aggregator to grid -- Brazil | S12: GW | T12: PJ | U12: daynite | V12: no | X12: elcagg_wof_BRA | Y12: ELC | Z12: 1
A13: ele | B13: en_wof_ARG_005 | C13: wind offshore resource in near Mar del Plata -- Argentina | D13: GW | E13: PJ | F13: annual | G13: no | I13: en_wof_ARG_005 | J13: elc_wof_ARG_005 | K13: 131.07075 | L13: 0.52029414 | M13: 204.91761 | N13: 894.39477 | P13: ele | Q13: elcagg_wof_CAN | R13: wind offshore aggregator to grid -- Canada | S13: GW | T13: PJ | U13: daynite | V13: no | X13: elcagg_wof_CAN | Y13: ELC | Z13: 1
A14: ele | B14: en_wof_ARG_006 | C14: wind offshore resource in near Comodoro Rivadavia -- Argentina | D14: GW | E14: PJ | F14: annual | G14: no | I14: en_wof_ARG_006 | J14: elc_wof_ARG_006 | K14: 218.2515 | L14: 0.62518343 | M14: 413.79803 | N14: 1047.0864 | P14: ele | Q14: elcagg_wof_CHL | R14: wind offshore aggregator to grid -- Chile | S14: GW | T14: PJ | U14: daynite | V14: no | X14: elcagg_wof_CHL | Y14: ELC | Z14: 1
... A118: ele | B118: en_wof_DEU_004 | C118: wind offshore resource in near Wismar -- Germany | D118: GW | E118: PJ | F118: annual | G118: no | I118: en_wof_DEU_004 | J118: elc_wof_DEU_004 | K118: 22.3725 | L118: 0.38730467 | M118: 40.592371 | N118: 479.85382 | P118: ele | Q118: elcagg_wof_ZAF | R118: wind offshore aggregator to grid -- South Africa | S118: GW | T118: PJ | U118: daynite | V118: no | X118: elcagg_wof_ZAF | Y118: ELC | Z118: 1
A119: ele | B119: en_wof_DJI_001 | C119: wind offshore resource in near Djibouti -- Djibouti | D119: GW | E119: PJ | F119: annual | G119: no | I119: en_wof_DJI_001 | J119: elc_wof_DJI_001 | K119: 13.11975 | L119: 0.31322501 | M119: 89.834821 | N119: 595.391
A120: ele | B120: en_wof_DJI_002 | C120: wind offshore resource in Tadjourah region (near Djibouti) -- Djibouti | D120: GW | E120: PJ | F120: annual | G120: no | I120: en_wof_DJI_002 | J120: elc_wof_DJI_002 | K120: 1.53675 | L120: 0.085698393 | M120: 46.491219 | N120: 430.33856
A121: ele | B121: en_wof_DNK_001 | C121: wind offshore resource in Southern Denmark region (near Odense) -- Denmark | D121: GW | E121: PJ | F121: annual | G121: no | I121: en_wof_DNK_001 | J121: elc_wof_DNK_001 | K121: 0.003 | L121: 0.45239442 | M121: 38.015159 | N121: 468.30791
A122: ele | B122: en_wof_DNK_002 | C122: wind offshore resource in near Copenhagen -- Denmark | D122: GW | E122: PJ | F122: annual | G122: no | I122: en_wof_DNK_002 | J122: elc_wof_DNK_002 | K122: 53.542 | L122: 0.51041678 | M122: 338.11581 | N122: 1166.7796
A123: ele | B123: en_wof_DNK_003 | C123: wind offshore resource in near Aalborg -- Denmark | D123: GW | E123: PJ | F123: annual | G123: no | I123: en_wof_DNK_003 | J123: elc_wof_DNK_003 | K123: 43.09165 | L123: 0.51305101 | M123: 140.98391 | N123: 929.60791
A124: ele | B124: en_wof_DNK_004 | C124: wind offshore resource in near Holstebro -- Denmark | D124: GW | E124: PJ | F124: annual | G124: no | I124: en_wof_DNK_004 | J124: elc_wof_DNK_004 | K124: 54.94425 | L124: 0.60666849 | M124: 251.59479 | N124: 1092.3715
A125: ele | B125: en_wof_DOM_001 | C125: wind offshore resource in near Pantanal -- Dominican Republic | D125: GW | E125: PJ | F125: annual | G125: no | I125: en_wof_DOM_001 | J125: elc_wof_DOM_001 | K125: 20.44725 | L125: 0.28438906 | M125: 43.508545 | N125: 418.98054
A126: ele | B126: en_wof_DOM_002 | C126: wind offshore resource in near Nagua -- Dominican Republic | D126: GW | E126: PJ | F126: annual | G126: no | I126: en_wof_DOM_002 | J126: elc_wof_DOM_002 | K126: 3.786 | L126: 0.3576244 | M126: 108.74964 | N126: 667.41862
A127: ele | B127: en_wof_DOM_003 | C127: wind offshore resource in near Barahona -- Dominican Republic | D127: GW | E127: PJ | F127: annual | G127: no | I127: en_wof_DOM_003 | J127: elc_wof_DOM_003 | K127: 3.3345 | L127: 0.47116899 | M127: 94.16384 | N127: 611.8759
A128: ele | B128: en_wof_DOM_004 | C128: wind offshore resource in near Puerto Plata -- Dominican Republic | D128: GW | E128: PJ | F128: annual | G128: no | I128: en_wof_DOM_004 | J128: elc_wof_DOM_004 | K128: 17.511 | L128: 0.45714542 | M128: 130.47755 | N128: 750.15852
A129: ele | B129: en_wof_DZA_001 | C129: wind offshore resource in near Annaba -- Algeria | D129: GW | E129: PJ | F129: annual | G129: no | I129: en_wof_DZA_001 | J129: elc_wof_DZA_001 | K129: 15.80775 | L129: 0.28892431 | M129: 72.98951 | N129: 531.24405
A130: ele | B130: en_wof_DZA_002 | C130: wind offshore resource in near Fouka -- Algeria | D130: GW | E130: PJ | F130: annual | G130: no | I130: en_wof_DZA_002 | J130: elc_wof_DZA_002 | K130: 6.9705 | L130: 0.26840012 | M130: 18.46966 | N130: 323.63246
... A553: ele | B553: en_wof_ZAF_007 | C553: wind offshore resource in near Bethelsdorp -- South Africa | D553: GW | E553: PJ | F553: annual | G553: no | I553: en_wof_ZAF_007 | J553: elc_wof_ZAF_007 | K553: 93.2565 | L553: 0.40983104 | M553: 290.48823 | N553: 956.9469

Sheet vre_commodities
A1: ~fi_comm | H1: ~fi_comm | O1: ~fi_comm
A2: set | B2: commodity | C2: description | D2: unit | E2: timeslicelevel | F2: region | H2: set | I2: commodity | J2: description | K2: unit | L2: timeslicelevel | M2: region | O2: set | P2: commodity | Q2: description | R2: unit | S2: timeslicelevel | T2: region
A3: nrg | B3: elc_spv_AFG_001 | C3: solar resource in Kunduz region (near Kunduz) -- Afghanistan | D3: PJ | E3: daynite | F3: ROW | H3: nrg | I3: elc_won_AFG_001 | J3: wind onshore resource in Zabul region (near Kandahar) -- Afghanistan | K3: PJ | L3: daynite | M3: ROW | O3: nrg | P3: elc_wof_AGO_001 | Q3: wind offshore resource in near Mocamedes -- Angola | R3: PJ | S3: daynite | T3: Africa_Other
A4: nrg | B4: elc_spv_AFG_002 | C4: solar resource in Faryab region (near Aqchah) -- Afghanistan | D4: PJ | E4: daynite | F4: ROW | H4: nrg | I4: elc_won_AFG_002 | J4: wind onshore resource in Kandahar region (near Kandahar) -- Afghanistan | K4: PJ | L4: daynite | M4: ROW | O4: nrg | P4: elc_wof_AGO_002 | Q4: wind offshore resource in near Mocamedes -- Angola | R4: PJ | S4: daynite | T4: Africa_Other
A5: nrg | B5: elc_spv_AFG_003 | C5: solar resource in Herat region (near Herat) -- Afghanistan | D5: PJ | E5: daynite | F5: ROW | H5: nrg | I5: elc_won_AFG_003 | J5: wind onshore resource in Helmand region (near Lashkar Gah) -- Afghanistan | K5: PJ | L5: daynite | M5: ROW | O5: nrg | P5: elc_wof_ALB_001 | Q5: wind offshore resource in near Vlore -- Albania | R5: PJ | S5: daynite | T5: WestBalkans
A6: nrg | B6: elc_spv_AFG_004 | C6: solar resource in Herat region (near Herat) -- Afghanistan | D6: PJ | E6: daynite | F6: ROW | H6: nrg | I6: elc_won_AFG_004 | J6: wind onshore resource in Helmand region (near Lashkar Gah) -- Afghanistan | K6: PJ | L6: daynite | M6: ROW | O6: nrg | P6: elc_wof_ALB_002 | Q6: wind offshore resource in near Durres -- Albania | R6: PJ | S6: daynite | T6: WestBalkans
A7: nrg | B7: elc_spv_AFG_005 | C7: solar resource in Zabul region (near Kandahar) -- Afghanistan | D7: PJ | E7: daynite | F7: ROW | H7: nrg | I7: elc_won_AFG_005 | J7: wind onshore resource in Jowzjan region (near Aqchah) -- Afghanistan | K7: PJ | L7: daynite | M7: ROW | O7: nrg | P7: elc_wof_ARE_001 | Q7: wind offshore resource in near Abu Dhabi -- United Arab Emirates | R7: PJ | S7: daynite | T7: MidEast
A8: nrg | B8: elc_spv_AFG_006 | C8: solar resource in Paktika region (near Kabul) -- Afghanistan | D8: PJ | E8: daynite | F8: ROW | H8: nrg | I8: elc_won_AFG_006 | J8: wind onshore resource in Mary region (near Herat) -- Afghanistan | K8: PJ | L8: daynite | M8: ROW | O8: nrg | P8: elc_wof_ARE_002 | Q8: wind offshore resource in near Abu Dhabi -- United Arab Emirates | R8: PJ | S8: daynite | T8: MidEast
A9: nrg | B9: elc_spv_AFG_007 | C9: solar resource in Federally Administered Tribal Areas region (near Jalalabad) -- Afghanistan | D9: PJ | E9: daynite | F9: ROW | H9: nrg | I9: elc_won_AFG_007 | J9: wind onshore resource in Farah region (near Farah) -- Afghanistan | K9: PJ | L9: daynite | M9: ROW | O9: nrg | P9: elc_wof_ARG_001 | Q9: wind offshore resource in near Rio Gallegos -- Argentina | R9: PJ | S9: daynite | T9: LatAm
A10: nrg | B10: elc_spv_AFG_008 | C10: solar resource in Kandahar region (near Kandahar) -- Afghanistan | D10: PJ | E10: daynite | F10: ROW | H10: nrg | I10: elc_won_AGO_001 | J10: wind onshore resource in Namibe region (near Mocamedes) -- Angola | K10: PJ | L10: daynite | M10: Africa_Other | O10: nrg | P10: elc_wof_ARG_002 | Q10: wind offshore resource in near Rio Grande -- Argentina | R10: PJ | S10: daynite | T10: LatAm
A11: nrg | B11: elc_spv_AFG_009 | C11: solar resource in Nimruz region (near Farah) -- Afghanistan | D11: PJ | E11: daynite | F11: ROW | H11: nrg | I11: elc_won_AGO_002 | J11: wind onshore resource in Cunene region (near Chibia) -- Angola | K11: PJ | L11: daynite | M11: Africa_Other | O11: nrg | P11: elc_wof_ARG_003 | Q11: wind offshore resource in near Rio Grande -- Argentina | R11: PJ | S11: daynite | T11: LatAm
A12: nrg | B12: elc_spv_AGO_001 | C12: solar resource in Huila region (near Chibia) -- Angola | D12: PJ | E12: daynite | F12: Africa_Other | H12: nrg | I12: elc_won_AGO_003 | J12: wind onshore resource in Namibe region (near Mocamedes) -- Angola | K12: PJ | L12: daynite | M12: Africa_Other | O12: nrg | P12: elc_wof_ARG_004 | Q12: wind offshore resource in near Necochea -- Argentina | R12: PJ | S12: daynite | T12: LatAm
A13: nrg | B13: elc_spv_AGO_002 | C13: solar resource in Huila region (near Caluquembe) -- Angola | D13: PJ | E13: daynite | F13: Africa_Other | H13: nrg | I13: elc_won_AGO_004 | J13: wind onshore resource in Moxico region (near Luena) -- Angola | K13: PJ | L13: daynite | M13: Africa_Other | O13: nrg | P13: elc_wof_ARG_005 | Q13: wind offshore resource in near Mar del Plata -- Argentina | R13: PJ | S13: daynite | T13: LatAm
... A553: nrg | B553: elc_spv_KEN_009 | C553: solar resource in North Eastern region (near Habaswein) -- Kenya | D553: PJ | E553: daynite | F553: Africa_Other | H553: nrg | I553: elc_won_MEX_012 | J553: wind onshore resource in Oaxaca region (near Tuxtepec) -- Mexico | K553: PJ | L553: daynite | M553: NorthAm | O553: nrg | P553: elc_wof_ZAF_007 | Q553: wind offshore resource in near Bethelsdorp -- South Africa | R553: PJ | S553: daynite | T553: SouthAfrica
A554: nrg | B554: elc_spv_KGZ_001 | C554: solar resource in Namangan region (near Batken) -- Kyrgyz Republic | D554: PJ | E554: daynite | F554: ROW | H554: nrg | I554: elc_won_MKD_001 | J554: wind onshore resource in Drugovo region (near Ohrid) -- North Macedonia | K554: PJ | L554: daynite | M554: WestBalkans
A555: nrg | B555: elc_spv_KGZ_002 | C555: solar resource in Andijan region (near Aravan) -- Kyrgyz Republic | D555: PJ | E555: daynite | F555: ROW | H555: nrg | I555: elc_won_MKD_002 | J555: wind onshore resource in Štip region (near Stip) -- North Macedonia | K555: PJ | L555: daynite | M555: WestBalkans
A556: nrg | B556: elc_spv_KGZ_003 | C556: solar resource in Jambyl region (near Talas) -- Kyrgyz Republic | D556: PJ | E556: daynite | F556: ROW | H556: nrg | I556: elc_won_MKD_003 | J556: wind onshore resource in Brvenica region (near Tetovo) -- North Macedonia | K556: PJ | L556: daynite | M556: WestBalkans
A557: nrg | B557: elc_spv_KGZ_004 | C557: solar resource in Issyk-Kul region (near Karakol) -- Kyrgyz Republic | D557: PJ | E557: daynite | F557: ROW | H557: nrg | I557: elc_won_MKD_004 | J557: wind onshore resource in Gradsko region (near Veles) -- North Macedonia | K557: PJ | L557: daynite | M557: WestBalkans
A558: nrg | B558: elc_spv_KGZ_005 | C558: solar resource in Naryn region (near Tokmok) -- Kyrgyz Republic | D558: PJ | E558: daynite | F558: ROW | H558: nrg | I558: elc_won_MLI_001 | J558: wind onshore resource in Segou region (near Somasso) -- Mali | K558: PJ | L558: daynite | M558: Africa_Other
A559: nrg | B559: elc_spv_KHM_001 | C559: solar resource in Preah Vihear region (near Siem Reap) -- Cambodia | D559: PJ | E559: daynite | F559: ROW | H559: nrg | I559: elc_won_MLI_002 | J559: wind onshore resource in Wassoulou region (near Massigui) -- Mali | K559: PJ | L559: daynite | M559: Africa_Other
A560: nrg | B560: elc_spv_KHM_002 | C560: solar resource in Banteay Meanchey region (near Sisophon) -- Cambodia | D560: PJ | E560: daynite | F560: ROW | H560: nrg | I560: elc_won_MLI_003 | J560: wind onshore resource in Mopti region (near Ngorkou) -- Mali | K560: PJ | L560: daynite | M560: Africa_Other
A561: nrg | B561: elc_spv_KHM_003 | C561: solar resource in Stung Treng region (near Kampong Cham) -- Cambodia | D561: PJ | E561: daynite | F561: ROW | H561: nrg | I561: elc_won_MLI_004 | J561: wind onshore resource in Kayes region (near Diema) -- Mali | K561: PJ | L561: daynite | M561: Africa_Other
A562: nrg | B562: elc_spv_KHM_004 | C562: solar resource in Koh Kong region (near Phnom Penh) -- Cambodia | D562: PJ | E562: daynite | F562: ROW | H562: nrg | I562: elc_won_MLI_005 | J562: wind onshore resource in Kayes region (near Sebekoro) -- Mali | K562: PJ | L562: daynite | M562: Africa_Other
A563: nrg | B563: elc_spv_KHM_005 | C563: solar resource in Kampong Cham region (near Kampong Cham) -- Cambodia | D563: PJ | E563: daynite | F563: ROW | H563: nrg | I563: elc_won_MLI_006 | J563: wind onshore resource in Tombouctou region (near Timbuktu) -- Mali | K563: PJ | L563: daynite | M563: Africa_Other
A564: nrg | B564: elc_spv_KHM_006 | C564: solar resource in Kandal region (near Phnom Penh) -- Cambodia | D564: PJ | E564: daynite | F564: ROW | H564: nrg | I564: elc_won_MLI_007 | J564: wind onshore resource in Tombouctou region (near Timbuktu) -- Mali | K564: PJ | L564: daynite | M564: Africa_Other
A565: nrg | B565: elc_spv_KOR_001 | C565: solar resource in South Chungcheong region (near Ch'onan) -- South Korea | D565: PJ | E565: daynite | F565: ROW | H565: nrg | I565: elc_won_MLI_008 | J565: wind onshore resource in Gao region (near Ansongo) -- Mali | K565: PJ | L565: daynite | M565: Africa_Other
... A1000: nrg | B1000: elc_spv_TCD_012 | C1000: solar resource in Ouaddai region (near Abeche) -- Chad | D1000: PJ | E1000: daynite | F1000: Africa_Other | H1000: nrg | I1000: elc_won_ZWE_007 | J1000: wind onshore resource in Matabeleland North region (near Nkayi) -- Zimbabwe | K1000: PJ | L1000: daynite | M1000: Africa_Other
A1001: nrg | B1001: elc_spv_TGO_001 | C1001: solar resource in Kara region (near Sokode) -- Togo | D1001: PJ | E1001: daynite | F1001: Africa_Other
A1002: nrg | B1002: elc_spv_TGO_002 | C1002: solar resource in Maritime region (near Lome) -- Togo | D1002: PJ | E1002: daynite | F1002: Africa_Other
A1003: nrg | B1003: elc_spv_TGO_003 | C1003: solar resource in Centre region (near Sokode) -- Togo | D1003: PJ | E1003: daynite | F1003: Africa_Other
A1004: nrg | B1004: elc_spv_TGO_004 | C1004: solar resource in Plateaux region (near Atakpame) -- Togo | D1004: PJ | E1004: daynite | F1004: Africa_Other
A1005: nrg | B1005: elc_spv_THA_001 | C1005: solar resource in Khon Kaen region (near Khon Kaen) -- Thailand | D1005: PJ | E1005: daynite | F1005: ROW
A1006: nrg | B1006: elc_spv_THA_002 | C1006: solar resource in Si Sa Ket region (near Mukdahan) -- Thailand | D1006: PJ | E1006: daynite | F1006: ROW
A1007: nrg | B1007: elc_spv_THA_003 | C1007: solar resource in Sa Kaeo region (near Nakhon Ratchasima) -- Thailand | D1007: PJ | E1007: daynite | F1007: ROW
A1008: nrg | B1008: elc_spv_THA_004 | C1008: solar resource in Narathiwat region (near Hat Yai) -- Thailand | D1008: PJ | E1008: daynite | F1008: ROW
A1009: nrg | B1009: elc_spv_THA_005 | C1009: solar resource in Trang region (near Nakhon Si Thammarat) -- Thailand | D1009: PJ | E1009: daynite | F1009: ROW
A1010: nrg | B1010: elc_spv_THA_006 | C1010: solar resource in Lampang region (near Chiang Mai) -- Thailand | D1010: PJ | E1010: daynite | F1010: ROW
A1011: nrg | B1011: elc_spv_THA_007 | C1011: solar resource in Prachuap Khiri Khan region (near Surat Thani) -- Thailand | D1011: PJ | E1011: daynite | F1011: ROW
A1012: nrg | B1012: elc_spv_THA_008 | C1012: solar resource in Kayin State region (near Phitsanulok) -- Thailand | D1012: PJ | E1012: daynite | F1012: ROW
... A1165: nrg | B1165: elc_spv_ZWE_007 | C1165: solar resource in Matabeleland North region (near Nkayi) -- Zimbabwe | D1165: PJ | E1165: daynite | F1165: Africa_Other
