Workbook

Sheet Constants
B2: ~TFM_INS | Y2: ~TFM_INS
B3: TimeSlice | C3: LimType | D3: Attribute | E3: Year | F3: Other_Indexes | G3: Curr | H3: AllRegions | I3: Cset_CN | Y3: TimeSlice | Z3: LimType | AA3: Attribute | AB3: Year | AC3: Other_Indexes | AD3: Curr | AE3: AllRegions
D4: COM_PKRSV | H4: 0.1 | I4: ELC | T4: varbl | U4: region | V4: year | W4: value | AA4: G_CUREX | AC4: USD20 | AD4: EUR15 | AE4: =1.10926234054354*H39 -> 1.201442
D5: G_Dyear | H5: 2020 | T5: hmacgdpd | U5: USA | V5: 2001 | W5: 0.76282752 | AA5: G_DRATE | AD5: EUR15 | AE5: =O6 -> 0.07
D6: G_OFFTHD | H6: 1 | O6: 0.07 | P6: Discount Rate | T6: hmacgdpd | U6: USA | V6: 2002 | W6: 0.77446032 | AA6: G_CUREX | AC6: USD20 | AD6: USD21_alt | AE6: =H45 -> 0.9896
D7: =IF(F7=G7,"*","")&"G_CUREX" -> G_CUREX | F7: USD20 | G7: ="USD"&RIGHT(O9,2) -> USD83 | H7: =ROUND($P$46/P9,4) -> 2.2201 | T7: hmacgdpd | U7: USA | V7: 2003 | W7: 0.78906536 | AA7: G_DRATE | AD7: USD21_alt | AE7: =AE5 -> 0.07
D8: =IF(F8=G8,"*","")&"G_CUREX" -> G_CUREX | F8: USD20 | G8: ="USD"&RIGHT(O10,2) -> USD84 | H8: =ROUND($P$46/P10,4) -> 2.1427 | P8: Deflator | T8: hmacgdpd | U8: USA | V8: 2004 | W8: 0.81019747
D9: =IF(F9=G9,"*","")&"G_CUREX" -> G_CUREX | F9: USD20 | G9: ="USD"&RIGHT(O11,2) -> USD85 | H9: =ROUND($P$46/P11,4) -> 2.077 | O9: 1983 | P9: =VLOOKUP(O9,$V$5:$W$99,2,FALSE) -> 0.48787263 | T9: hmacgdpd | U9: USA | V9: 2005 | W9: 0.83531958
D10: =IF(F10=G10,"*","")&"G_CUREX" -> G_CUREX | F10: USD20 | G10: ="USD"&RIGHT(O12,2) -> USD86 | H10: =ROUND($P$46/P12,4) -> 2.0358 | O10: 1984 | P10: =VLOOKUP(O10,$V$5:$W$99,2,FALSE) -> 0.50549513 | T10: hmacgdpd | U10: USA | V10: 2006 | W10: 0.86080724
D11: =IF(F11=G11,"*","")&"G_CUREX" -> G_CUREX | F11: USD20 | G11: ="USD"&RIGHT(O13,2) -> USD87 | H11: =ROUND($P$46/P13,4) -> 1.987 | O11: 1985 | P11: =VLOOKUP(O11,$V$5:$W$99,2,FALSE) -> 0.52148581 | T11: hmacgdpd | U11: USA | V11: 2007 | W11: 0.88397014
D12: =IF(F12=G12,"*","")&"G_CUREX" -> G_CUREX | F12: USD20 | G12: ="USD"&RIGHT(O14,2) -> USD88 | H12: =ROUND($P$46/P14,4) -> 1.9192 | O12: 1986 | P12: =VLOOKUP(O12,$V$5:$W$99,2,FALSE) -> 0.53205073 | T12: hmacgdpd | U12: USA | V12: 2008 | W12: 0.90084481
D13: =IF(F13=G13,"*","")&"G_CUREX" -> G_CUREX | F13: USD20 | G13: ="USD"&RIGHT(O15,2) -> USD89 | H13: =ROUND($P$46/P15,4) -> 1.8468 | O13: 1987 | P13: =VLOOKUP(O13,$V$5:$W$99,2,FALSE) -> 0.54511946 | T13: hmacgdpd | U13: USA | V13: 2009 | W13: 0.90787375
D14: =IF(F14=G14,"*","")&"G_CUREX" -> G_CUREX | F14: USD20 | G14: ="USD"&RIGHT(O16,2) -> USD90 | H14: =ROUND($P$46/P16,4) -> 1.7799 | O14: 1988 | P14: =VLOOKUP(O14,$V$5:$W$99,2,FALSE) -> 0.56437135 | T14: hmacgdpd | U14: USA | V14: 2010 | W14: 0.9184792
D15: =IF(F15=G15,"*","")&"G_CUREX" -> G_CUREX | F15: USD20 | G15: ="USD"&RIGHT(O17,2) -> USD91 | H15: =ROUND($P$46/P17,4) -> 1.722 | O15: 1989 | P15: =VLOOKUP(O15,$V$5:$W$99,2,FALSE) -> 0.58649743 | T15: hmacgdpd | U15: USA | V15: 2011 | W15: 0.93761897
D16: =IF(F16=G16,"*","")&"G_CUREX" -> G_CUREX | F16: USD20 | G16: ="USD"&RIGHT(O18,2) -> USD92 | H16: =ROUND($P$46/P18,4) -> 1.6836 | O16: 1990 | P16: =VLOOKUP(O16,$V$5:$W$99,2,FALSE) -> 0.60853273 | T16: hmacgdpd | U16: USA | V16: 2012 | W16: 0.9556666
D17: =IF(F17=G17,"*","")&"G_CUREX" -> G_CUREX | F17: USD20 | G17: ="USD"&RIGHT(O19,2) -> USD93 | H17: =ROUND($P$46/P19,4) -> 1.6446 | O17: 1991 | P17: =VLOOKUP(O17,$V$5:$W$99,2,FALSE) -> 0.62901258 | T17: hmacgdpd | U17: USA | V17: 2013 | W17: 0.97260576
D18: =IF(F18=G18,"*","")&"G_CUREX" -> G_CUREX | F18: USD20 | G18: ="USD"&RIGHT(O20,2) -> USD94 | H18: =ROUND($P$46/P20,4) -> 1.6102 | O18: 1992 | P18: =VLOOKUP(O18,$V$5:$W$99,2,FALSE) -> 0.6433621 | T18: hmacgdpd | U18: USA | V18: 2014 | W18: 0.99051732
D19: =IF(F19=G19,"*","")&"G_CUREX" -> G_CUREX | F19: USD20 | G19: ="USD"&RIGHT(O21,2) -> USD95 | H19: =ROUND($P$46/P21,4) -> 1.5771 | O19: 1993 | P19: =VLOOKUP(O19,$V$5:$W$99,2,FALSE) -> 0.65861923 | T19: hmacgdpd | U19: USA | V19: 2015 | W19: 1
D20: =IF(F20=G20,"*","")&"G_CUREX" -> G_CUREX | F20: USD20 | G20: ="USD"&RIGHT(O22,2) -> USD96 | H20: =ROUND($P$46/P22,4) -> 1.5488 | O20: 1994 | P20: =VLOOKUP(O20,$V$5:$W$99,2,FALSE) -> 0.67265797 | T20: hmacgdpd | U20: USA | V20: 2016 | W20: 1.0104837
... D49: =IF(F49=G49,"*","")&"G_CUREX" -> G_CUREX | F49: USD20 | G49: ="USD"&RIGHT(O51,2) -> USD25 | H49: =ROUND($P$46/P51,4) -> 0.9297 | O49: 2023 | P49: =VLOOKUP(O49,$V$5:$W$99,2,FALSE) -> 1.1224308 | T49: hmacgdpd | U49: USA | V49: 1994 | W49: 0.67265797
D50: G_DRATE | G50: =G7 -> USD83 | H50: =$O$6 -> 0.07 | O50: 2024 | P50: =VLOOKUP(O50,$V$5:$W$99,2,FALSE) -> 1.1412873 | T50: hmacgdpd | U50: USA | V50: 1995 | W50: 0.68678039
D51: G_DRATE | G51: =G8 -> USD84 | H51: =$O$6 -> 0.07 | O51: 2025 | P51: =VLOOKUP(O51,$V$5:$W$99,2,FALSE) -> 1.1650648 | T51: hmacgdpd | U51: USA | V51: 1996 | W51: 0.6993354
D52: G_DRATE | G52: =G9 -> USD85 | H52: =$O$6 -> 0.07 | T52: hmacgdpd | U52: USA | V52: 1997 | W52: 0.71145087
D53: G_DRATE | G53: =G10 -> USD86 | H53: =$O$6 -> 0.07 | T53: hmacgdpd | U53: USA | V53: 1998 | W53: 0.71929687
D54: G_DRATE | G54: =G11 -> USD87 | H54: =$O$6 -> 0.07 | T54: hmacgdpd | U54: USA | V54: 1999 | W54: 0.7296133
D55: G_DRATE | G55: =G12 -> USD88 | H55: =$O$6 -> 0.07 | T55: hmacgdpd | U55: USA | V55: 2000 | W55: 0.74607462
D56: G_DRATE | G56: =G13 -> USD89 | H56: =$O$6 -> 0.07
D57: G_DRATE | G57: =G14 -> USD90 | H57: =$O$6 -> 0.07
D58: G_DRATE | G58: =G15 -> USD91 | H58: =$O$6 -> 0.07
D59: G_DRATE | G59: =G16 -> USD92 | H59: =$O$6 -> 0.07
D60: G_DRATE | G60: =G17 -> USD93 | H60: =$O$6 -> 0.07
D61: G_DRATE | G61: =G18 -> USD94 | H61: =$O$6 -> 0.07
D62: G_DRATE | G62: =G19 -> USD95 | H62: =$O$6 -> 0.07
D63: G_DRATE | G63: =G20 -> USD96 | H63: =$O$6 -> 0.07
D64: G_DRATE | G64: =G21 -> USD97 | H64: =$O$6 -> 0.07
D65: G_DRATE | G65: =G22 -> USD98 | H65: =$O$6 -> 0.07
D66: G_DRATE | G66: =G23 -> USD99 | H66: =$O$6 -> 0.07
D67: G_DRATE | G67: =G24 -> USD00 | H67: =$O$6 -> 0.07
... D92: G_DRATE | G92: =G49 -> USD25 | H92: =$O$6 -> 0.07

Sheet agg cap UC
A1: spv | C1: ~UC_Sets: R_S: Allregions | K1: won | V1: wof
C3: ~UC_T: FX | G3: ~UC_T | M3: ~UC_T: FX | Q3: ~UC_T | X3: ~UC_T: FX | AB3: ~UC_T
A4: * | B4: uc_n | C4: process | D4: uc_cap | E4: uc_rhst~0 | G4: =B4 -> uc_n | H4: =C4 -> process | I4: =D4 -> uc_cap | K4: * | L4: uc_n | M4: process | N4: uc_cap | O4: uc_rhst~0 | Q4: =L4 -> uc_n | R4: =M4 -> process | S4: =N4 -> uc_cap | V4: * | W4: uc_n | X4: process | Y4: uc_cap | Z4: uc_rhst~0 | AB4: =W4 -> uc_n | AC4: =X4 -> process | AD4: =Y4 -> uc_cap
A5: AFG | B5: ="UCE_elcaggCap_"&A$1&"_"&A5 -> UCE_elcaggCap_spv_AFG | C5: ="e?_spv_"&$A5&"*" -> e?_spv_AFG* | D5: 1 | E5: 2 | G5: =B5 -> UCE_elcaggCap_spv_AFG | H5: ="elcagg_spv_"&$A5 -> elcagg_spv_AFG | I5: -1 | K5: AFG | L5: ="UCE_elcaggCap_"&K$1&"_"&K5 -> UCE_elcaggCap_won_AFG | M5: ="e?_won_"&$K5&"*" -> e?_won_AFG* | N5: 1 | O5: 2 | Q5: =L5 -> UCE_elcaggCap_won_AFG | R5: ="elcagg_won_"&$K5 -> elcagg_won_AFG | S5: -1 | V5: AGO | W5: ="UCE_elcaggCap_"&V$1&"_"&V5 -> UCE_elcaggCap_wof_AGO | X5: ="e?_wof_"&$V5&"*" -> e?_wof_AGO* | Y5: 1 | Z5: 2 | AB5: =W5 -> UCE_elcaggCap_wof_AGO | AC5: ="elcagg_wof_"&$V5 -> elcagg_wof_AGO | AD5: -1
A6: AGO | B6: ="UCE_elcaggCap_"&A$1&"_"&A6 -> UCE_elcaggCap_spv_AGO | C6: ="e?_spv_"&$A6&"*" -> e?_spv_AGO* | D6: 1 | E6: 2 | G6: =B6 -> UCE_elcaggCap_spv_AGO | H6: ="elcagg_spv_"&$A6 -> elcagg_spv_AGO | I6: -1 | K6: AGO | L6: ="UCE_elcaggCap_"&K$1&"_"&K6 -> UCE_elcaggCap_won_AGO | M6: ="e?_won_"&$K6&"*" -> e?_won_AGO* | N6: 1 | O6: 2 | Q6: =L6 -> UCE_elcaggCap_won_AGO | R6: ="elcagg_won_"&$K6 -> elcagg_won_AGO | S6: -1 | V6: ALB | W6: ="UCE_elcaggCap_"&V$1&"_"&V6 -> UCE_elcaggCap_wof_ALB | X6: ="e?_wof_"&$V6&"*" -> e?_wof_ALB* | Y6: 1 | Z6: 2 | AB6: =W6 -> UCE_elcaggCap_wof_ALB | AC6: ="elcagg_wof_"&$V6 -> elcagg_wof_ALB | AD6: -1
A7: ALB | B7: ="UCE_elcaggCap_"&A$1&"_"&A7 -> UCE_elcaggCap_spv_ALB | C7: ="e?_spv_"&$A7&"*" -> e?_spv_ALB* | D7: 1 | E7: 2 | G7: =B7 -> UCE_elcaggCap_spv_ALB | H7: ="elcagg_spv_"&$A7 -> elcagg_spv_ALB | I7: -1 | K7: ALB | L7: ="UCE_elcaggCap_"&K$1&"_"&K7 -> UCE_elcaggCap_won_ALB | M7: ="e?_won_"&$K7&"*" -> e?_won_ALB* | N7: 1 | O7: 2 | Q7: =L7 -> UCE_elcaggCap_won_ALB | R7: ="elcagg_won_"&$K7 -> elcagg_won_ALB | S7: -1 | V7: ARE | W7: ="UCE_elcaggCap_"&V$1&"_"&V7 -> UCE_elcaggCap_wof_ARE | X7: ="e?_wof_"&$V7&"*" -> e?_wof_ARE* | Y7: 1 | Z7: 2 | AB7: =W7 -> UCE_elcaggCap_wof_ARE | AC7: ="elcagg_wof_"&$V7 -> elcagg_wof_ARE | AD7: -1
A8: ARE | B8: ="UCE_elcaggCap_"&A$1&"_"&A8 -> UCE_elcaggCap_spv_ARE | C8: ="e?_spv_"&$A8&"*" -> e?_spv_ARE* | D8: 1 | E8: 2 | G8: =B8 -> UCE_elcaggCap_spv_ARE | H8: ="elcagg_spv_"&$A8 -> elcagg_spv_ARE | I8: -1 | K8: ARE | L8: ="UCE_elcaggCap_"&K$1&"_"&K8 -> UCE_elcaggCap_won_ARE | M8: ="e?_won_"&$K8&"*" -> e?_won_ARE* | N8: 1 | O8: 2 | Q8: =L8 -> UCE_elcaggCap_won_ARE | R8: ="elcagg_won_"&$K8 -> elcagg_won_ARE | S8: -1 | V8: ARG | W8: ="UCE_elcaggCap_"&V$1&"_"&V8 -> UCE_elcaggCap_wof_ARG | X8: ="e?_wof_"&$V8&"*" -> e?_wof_ARG* | Y8: 1 | Z8: 2 | AB8: =W8 -> UCE_elcaggCap_wof_ARG | AC8: ="elcagg_wof_"&$V8 -> elcagg_wof_ARG | AD8: -1
A9: ARG | B9: ="UCE_elcaggCap_"&A$1&"_"&A9 -> UCE_elcaggCap_spv_ARG | C9: ="e?_spv_"&$A9&"*" -> e?_spv_ARG* | D9: 1 | E9: 2 | G9: =B9 -> UCE_elcaggCap_spv_ARG | H9: ="elcagg_spv_"&$A9 -> elcagg_spv_ARG | I9: -1 | K9: ARG | L9: ="UCE_elcaggCap_"&K$1&"_"&K9 -> UCE_elcaggCap_won_ARG | M9: ="e?_won_"&$K9&"*" -> e?_won_ARG* | N9: 1 | O9: 2 | Q9: =L9 -> UCE_elcaggCap_won_ARG | R9: ="elcagg_won_"&$K9 -> elcagg_won_ARG | S9: -1 | V9: AUS | W9: ="UCE_elcaggCap_"&V$1&"_"&V9 -> UCE_elcaggCap_wof_AUS | X9: ="e?_wof_"&$V9&"*" -> e?_wof_AUS* | Y9: 1 | Z9: 2 | AB9: =W9 -> UCE_elcaggCap_wof_AUS | AC9: ="elcagg_wof_"&$V9 -> elcagg_wof_AUS | AD9: -1
A10: ARM | B10: ="UCE_elcaggCap_"&A$1&"_"&A10 -> UCE_elcaggCap_spv_ARM | C10: ="e?_spv_"&$A10&"*" -> e?_spv_ARM* | D10: 1 | E10: 2 | G10: =B10 -> UCE_elcaggCap_spv_ARM | H10: ="elcagg_spv_"&$A10 -> elcagg_spv_ARM | I10: -1 | K10: ARM | L10: ="UCE_elcaggCap_"&K$1&"_"&K10 -> UCE_elcaggCap_won_ARM | M10: ="e?_won_"&$K10&"*" -> e?_won_ARM* | N10: 1 | O10: 2 | Q10: =L10 -> UCE_elcaggCap_won_ARM | R10: ="elcagg_won_"&$K10 -> elcagg_won_ARM | S10: -1 | V10: AZE | W10: ="UCE_elcaggCap_"&V$1&"_"&V10 -> UCE_elcaggCap_wof_AZE | X10: ="e?_wof_"&$V10&"*" -> e?_wof_AZE* | Y10: 1 | Z10: 2 | AB10: =W10 -> UCE_elcaggCap_wof_AZE | AC10: ="elcagg_wof_"&$V10 -> elcagg_wof_AZE | AD10: -1
A11: AUS | B11: ="UCE_elcaggCap_"&A$1&"_"&A11 -> UCE_elcaggCap_spv_AUS | C11: ="e?_spv_"&$A11&"*" -> e?_spv_AUS* | D11: 1 | E11: 2 | G11: =B11 -> UCE_elcaggCap_spv_AUS | H11: ="elcagg_spv_"&$A11 -> elcagg_spv_AUS | I11: -1 | K11: AUS | L11: ="UCE_elcaggCap_"&K$1&"_"&K11 -> UCE_elcaggCap_won_AUS | M11: ="e?_won_"&$K11&"*" -> e?_won_AUS* | N11: 1 | O11: 2 | Q11: =L11 -> UCE_elcaggCap_won_AUS | R11: ="elcagg_won_"&$K11 -> elcagg_won_AUS | S11: -1 | V11: BEN | W11: ="UCE_elcaggCap_"&V$1&"_"&V11 -> UCE_elcaggCap_wof_BEN | X11: ="e?_wof_"&$V11&"*" -> e?_wof_BEN* | Y11: 1 | Z11: 2 | AB11: =W11 -> UCE_elcaggCap_wof_BEN | AC11: ="elcagg_wof_"&$V11 -> elcagg_wof_BEN | AD11: -1
A12: AUT | B12: ="UCE_elcaggCap_"&A$1&"_"&A12 -> UCE_elcaggCap_spv_AUT | C12: ="e?_spv_"&$A12&"*" -> e?_spv_AUT* | D12: 1 | E12: 2 | G12: =B12 -> UCE_elcaggCap_spv_AUT | H12: ="elcagg_spv_"&$A12 -> elcagg_spv_AUT | I12: -1 | K12: AUT | L12: ="UCE_elcaggCap_"&K$1&"_"&K12 -> UCE_elcaggCap_won_AUT | M12: ="e?_won_"&$K12&"*" -> e?_won_AUT* | N12: 1 | O12: 2 | Q12: =L12 -> UCE_elcaggCap_won_AUT | R12: ="elcagg_won_"&$K12 -> elcagg_won_AUT | S12: -1 | V12: BGD | W12: ="UCE_elcaggCap_"&V$1&"_"&V12 -> UCE_elcaggCap_wof_BGD | X12: ="e?_wof_"&$V12&"*" -> e?_wof_BGD* | Y12: 1 | Z12: 2 | AB12: =W12 -> UCE_elcaggCap_wof_BGD | AC12: ="elcagg_wof_"&$V12 -> elcagg_wof_BGD | AD12: -1
A13: AZE | B13: ="UCE_elcaggCap_"&A$1&"_"&A13 -> UCE_elcaggCap_spv_AZE | C13: ="e?_spv_"&$A13&"*" -> e?_spv_AZE* | D13: 1 | E13: 2 | G13: =B13 -> UCE_elcaggCap_spv_AZE | H13: ="elcagg_spv_"&$A13 -> elcagg_spv_AZE | I13: -1 | K13: AZE | L13: ="UCE_elcaggCap_"&K$1&"_"&K13 -> UCE_elcaggCap_won_AZE | M13: ="e?_won_"&$K13&"*" -> e?_won_AZE* | N13: 1 | O13: 2 | Q13: =L13 -> UCE_elcaggCap_won_AZE | R13: ="elcagg_won_"&$K13 -> elcagg_won_AZE | S13: -1 | V13: BGR | W13: ="UCE_elcaggCap_"&V$1&"_"&V13 -> UCE_elcaggCap_wof_BGR | X13: ="e?_wof_"&$V13&"*" -> e?_wof_BGR* | Y13: 1 | Z13: 2 | AB13: =W13 -> UCE_elcaggCap_wof_BGR | AC13: ="elcagg_wof_"&$V13 -> elcagg_wof_BGR | AD13: -1
A14: BDI | B14: ="UCE_elcaggCap_"&A$1&"_"&A14 -> UCE_elcaggCap_spv_BDI | C14: ="e?_spv_"&$A14&"*" -> e?_spv_BDI* | D14: 1 | E14: 2 | G14: =B14 -> UCE_elcaggCap_spv_BDI | H14: ="elcagg_spv_"&$A14 -> elcagg_spv_BDI | I14: -1 | K14: BDI | L14: ="UCE_elcaggCap_"&K$1&"_"&K14 -> UCE_elcaggCap_won_BDI | M14: ="e?_won_"&$K14&"*" -> e?_won_BDI* | N14: 1 | O14: 2 | Q14: =L14 -> UCE_elcaggCap_won_BDI | R14: ="elcagg_won_"&$K14 -> elcagg_won_BDI | S14: -1 | V14: BRA | W14: ="UCE_elcaggCap_"&V$1&"_"&V14 -> UCE_elcaggCap_wof_BRA | X14: ="e?_wof_"&$V14&"*" -> e?_wof_BRA* | Y14: 1 | Z14: 2 | AB14: =W14 -> UCE_elcaggCap_wof_BRA | AC14: ="elcagg_wof_"&$V14 -> elcagg_wof_BRA | AD14: -1
A15: BEL | B15: ="UCE_elcaggCap_"&A$1&"_"&A15 -> UCE_elcaggCap_spv_BEL | C15: ="e?_spv_"&$A15&"*" -> e?_spv_BEL* | D15: 1 | E15: 2 | G15: =B15 -> UCE_elcaggCap_spv_BEL | H15: ="elcagg_spv_"&$A15 -> elcagg_spv_BEL | I15: -1 | K15: BEL | L15: ="UCE_elcaggCap_"&K$1&"_"&K15 -> UCE_elcaggCap_won_BEL | M15: ="e?_won_"&$K15&"*" -> e?_won_BEL* | N15: 1 | O15: 2 | Q15: =L15 -> UCE_elcaggCap_won_BEL | R15: ="elcagg_won_"&$K15 -> elcagg_won_BEL | S15: -1 | V15: CAN | W15: ="UCE_elcaggCap_"&V$1&"_"&V15 -> UCE_elcaggCap_wof_CAN | X15: ="e?_wof_"&$V15&"*" -> e?_wof_CAN* | Y15: 1 | Z15: 2 | AB15: =W15 -> UCE_elcaggCap_wof_CAN | AC15: ="elcagg_wof_"&$V15 -> elcagg_wof_CAN | AD15: -1
A16: BEN | B16: ="UCE_elcaggCap_"&A$1&"_"&A16 -> UCE_elcaggCap_spv_BEN | C16: ="e?_spv_"&$A16&"*" -> e?_spv_BEN* | D16: 1 | E16: 2 | G16: =B16 -> UCE_elcaggCap_spv_BEN | H16: ="elcagg_spv_"&$A16 -> elcagg_spv_BEN | I16: -1 | K16: BEN | L16: ="UCE_elcaggCap_"&K$1&"_"&K16 -> UCE_elcaggCap_won_BEN | M16: ="e?_won_"&$K16&"*" -> e?_won_BEN* | N16: 1 | O16: 2 | Q16: =L16 -> UCE_elcaggCap_won_BEN | R16: ="elcagg_won_"&$K16 -> elcagg_won_BEN | S16: -1 | V16: CHL | W16: ="UCE_elcaggCap_"&V$1&"_"&V16 -> UCE_elcaggCap_wof_CHL | X16: ="e?_wof_"&$V16&"*" -> e?_wof_CHL* | Y16: 1 | Z16: 2 | AB16: =W16 -> UCE_elcaggCap_wof_CHL | AC16: ="elcagg_wof_"&$V16 -> elcagg_wof_CHL | AD16: -1
... A120: PRK | B120: ="UCE_elcaggCap_"&A$1&"_"&A120 -> UCE_elcaggCap_spv_PRK | C120: ="e?_spv_"&$A120&"*" -> e?_spv_PRK* | D120: 1 | E120: 2 | G120: =B120 -> UCE_elcaggCap_spv_PRK | H120: ="elcagg_spv_"&$A120 -> elcagg_spv_PRK | I120: -1 | K120: PRI | L120: ="UCE_elcaggCap_"&K$1&"_"&K120 -> UCE_elcaggCap_won_PRI | M120: ="e?_won_"&$K120&"*" -> e?_won_PRI* | N120: 1 | O120: 2 | Q120: =L120 -> UCE_elcaggCap_won_PRI | R120: ="elcagg_won_"&$K120 -> elcagg_won_PRI | S120: -1 | V120: ZAF | W120: ="UCE_elcaggCap_"&V$1&"_"&V120 -> UCE_elcaggCap_wof_ZAF | X120: ="e?_wof_"&$V120&"*" -> e?_wof_ZAF* | Y120: 1 | Z120: 2 | AB120: =W120 -> UCE_elcaggCap_wof_ZAF | AC120: ="elcagg_wof_"&$V120 -> elcagg_wof_ZAF | AD120: -1
A121: PRT | B121: ="UCE_elcaggCap_"&A$1&"_"&A121 -> UCE_elcaggCap_spv_PRT | C121: ="e?_spv_"&$A121&"*" -> e?_spv_PRT* | D121: 1 | E121: 2 | G121: =B121 -> UCE_elcaggCap_spv_PRT | H121: ="elcagg_spv_"&$A121 -> elcagg_spv_PRT | I121: -1 | K121: PRK | L121: ="UCE_elcaggCap_"&K$1&"_"&K121 -> UCE_elcaggCap_won_PRK | M121: ="e?_won_"&$K121&"*" -> e?_won_PRK* | N121: 1 | O121: 2 | Q121: =L121 -> UCE_elcaggCap_won_PRK | R121: ="elcagg_won_"&$K121 -> elcagg_won_PRK | S121: -1
A122: PRY | B122: ="UCE_elcaggCap_"&A$1&"_"&A122 -> UCE_elcaggCap_spv_PRY | C122: ="e?_spv_"&$A122&"*" -> e?_spv_PRY* | D122: 1 | E122: 2 | G122: =B122 -> UCE_elcaggCap_spv_PRY | H122: ="elcagg_spv_"&$A122 -> elcagg_spv_PRY | I122: -1 | K122: PRT | L122: ="UCE_elcaggCap_"&K$1&"_"&K122 -> UCE_elcaggCap_won_PRT | M122: ="e?_won_"&$K122&"*" -> e?_won_PRT* | N122: 1 | O122: 2 | Q122: =L122 -> UCE_elcaggCap_won_PRT | R122: ="elcagg_won_"&$K122 -> elcagg_won_PRT | S122: -1
A123: QAT | B123: ="UCE_elcaggCap_"&A$1&"_"&A123 -> UCE_elcaggCap_spv_QAT | C123: ="e?_spv_"&$A123&"*" -> e?_spv_QAT* | D123: 1 | E123: 2 | G123: =B123 -> UCE_elcaggCap_spv_QAT | H123: ="elcagg_spv_"&$A123 -> elcagg_spv_QAT | I123: -1 | K123: PRY | L123: ="UCE_elcaggCap_"&K$1&"_"&K123 -> UCE_elcaggCap_won_PRY | M123: ="e?_won_"&$K123&"*" -> e?_won_PRY* | N123: 1 | O123: 2 | Q123: =L123 -> UCE_elcaggCap_won_PRY | R123: ="elcagg_won_"&$K123 -> elcagg_won_PRY | S123: -1
A124: ROU | B124: ="UCE_elcaggCap_"&A$1&"_"&A124 -> UCE_elcaggCap_spv_ROU | C124: ="e?_spv_"&$A124&"*" -> e?_spv_ROU* | D124: 1 | E124: 2 | G124: =B124 -> UCE_elcaggCap_spv_ROU | H124: ="elcagg_spv_"&$A124 -> elcagg_spv_ROU | I124: -1 | K124: QAT | L124: ="UCE_elcaggCap_"&K$1&"_"&K124 -> UCE_elcaggCap_won_QAT | M124: ="e?_won_"&$K124&"*" -> e?_won_QAT* | N124: 1 | O124: 2 | Q124: =L124 -> UCE_elcaggCap_won_QAT | R124: ="elcagg_won_"&$K124 -> elcagg_won_QAT | S124: -1
A125: RUS | B125: ="UCE_elcaggCap_"&A$1&"_"&A125 -> UCE_elcaggCap_spv_RUS | C125: ="e?_spv_"&$A125&"*" -> e?_spv_RUS* | D125: 1 | E125: 2 | G125: =B125 -> UCE_elcaggCap_spv_RUS | H125: ="elcagg_spv_"&$A125 -> elcagg_spv_RUS | I125: -1 | K125: ROU | L125: ="UCE_elcaggCap_"&K$1&"_"&K125 -> UCE_elcaggCap_won_ROU | M125: ="e?_won_"&$K125&"*" -> e?_won_ROU* | N125: 1 | O125: 2 | Q125: =L125 -> UCE_elcaggCap_won_ROU | R125: ="elcagg_won_"&$K125 -> elcagg_won_ROU | S125: -1
A126: RWA | B126: ="UCE_elcaggCap_"&A$1&"_"&A126 -> UCE_elcaggCap_spv_RWA | C126: ="e?_spv_"&$A126&"*" -> e?_spv_RWA* | D126: 1 | E126: 2 | G126: =B126 -> UCE_elcaggCap_spv_RWA | H126: ="elcagg_spv_"&$A126 -> elcagg_spv_RWA | I126: -1 | K126: RUS | L126: ="UCE_elcaggCap_"&K$1&"_"&K126 -> UCE_elcaggCap_won_RUS | M126: ="e?_won_"&$K126&"*" -> e?_won_RUS* | N126: 1 | O126: 2 | Q126: =L126 -> UCE_elcaggCap_won_RUS | R126: ="elcagg_won_"&$K126 -> elcagg_won_RUS | S126: -1
A127: SAU | B127: ="UCE_elcaggCap_"&A$1&"_"&A127 -> UCE_elcaggCap_spv_SAU | C127: ="e?_spv_"&$A127&"*" -> e?_spv_SAU* | D127: 1 | E127: 2 | G127: =B127 -> UCE_elcaggCap_spv_SAU | H127: ="elcagg_spv_"&$A127 -> elcagg_spv_SAU | I127: -1 | K127: RWA | L127: ="UCE_elcaggCap_"&K$1&"_"&K127 -> UCE_elcaggCap_won_RWA | M127: ="e?_won_"&$K127&"*" -> e?_won_RWA* | N127: 1 | O127: 2 | Q127: =L127 -> UCE_elcaggCap_won_RWA | R127: ="elcagg_won_"&$K127 -> elcagg_won_RWA | S127: -1
A128: SDN | B128: ="UCE_elcaggCap_"&A$1&"_"&A128 -> UCE_elcaggCap_spv_SDN | C128: ="e?_spv_"&$A128&"*" -> e?_spv_SDN* | D128: 1 | E128: 2 | G128: =B128 -> UCE_elcaggCap_spv_SDN | H128: ="elcagg_spv_"&$A128 -> elcagg_spv_SDN | I128: -1 | K128: SAU | L128: ="UCE_elcaggCap_"&K$1&"_"&K128 -> UCE_elcaggCap_won_SAU | M128: ="e?_won_"&$K128&"*" -> e?_won_SAU* | N128: 1 | O128: 2 | Q128: =L128 -> UCE_elcaggCap_won_SAU | R128: ="elcagg_won_"&$K128 -> elcagg_won_SAU | S128: -1
A129: SEN | B129: ="UCE_elcaggCap_"&A$1&"_"&A129 -> UCE_elcaggCap_spv_SEN | C129: ="e?_spv_"&$A129&"*" -> e?_spv_SEN* | D129: 1 | E129: 2 | G129: =B129 -> UCE_elcaggCap_spv_SEN | H129: ="elcagg_spv_"&$A129 -> elcagg_spv_SEN | I129: -1 | K129: SDN | L129: ="UCE_elcaggCap_"&K$1&"_"&K129 -> UCE_elcaggCap_won_SDN | M129: ="e?_won_"&$K129&"*" -> e?_won_SDN* | N129: 1 | O129: 2 | Q129: =L129 -> UCE_elcaggCap_won_SDN | R129: ="elcagg_won_"&$K129 -> elcagg_won_SDN | S129: -1
A130: SGP | B130: ="UCE_elcaggCap_"&A$1&"_"&A130 -> UCE_elcaggCap_spv_SGP | C130: ="e?_spv_"&$A130&"*" -> e?_spv_SGP* | D130: 1 | E130: 2 | G130: =B130 -> UCE_elcaggCap_spv_SGP | H130: ="elcagg_spv_"&$A130 -> elcagg_spv_SGP | I130: -1 | K130: SEN | L130: ="UCE_elcaggCap_"&K$1&"_"&K130 -> UCE_elcaggCap_won_SEN | M130: ="e?_won_"&$K130&"*" -> e?_won_SEN* | N130: 1 | O130: 2 | Q130: =L130 -> UCE_elcaggCap_won_SEN | R130: ="elcagg_won_"&$K130 -> elcagg_won_SEN | S130: -1
A131: SLE | B131: ="UCE_elcaggCap_"&A$1&"_"&A131 -> UCE_elcaggCap_spv_SLE | C131: ="e?_spv_"&$A131&"*" -> e?_spv_SLE* | D131: 1 | E131: 2 | G131: =B131 -> UCE_elcaggCap_spv_SLE | H131: ="elcagg_spv_"&$A131 -> elcagg_spv_SLE | I131: -1 | K131: SGP | L131: ="UCE_elcaggCap_"&K$1&"_"&K131 -> UCE_elcaggCap_won_SGP | M131: ="e?_won_"&$K131&"*" -> e?_won_SGP* | N131: 1 | O131: 2 | Q131: =L131 -> UCE_elcaggCap_won_SGP | R131: ="elcagg_won_"&$K131 -> elcagg_won_SGP | S131: -1
A132: SLV | B132: ="UCE_elcaggCap_"&A$1&"_"&A132 -> UCE_elcaggCap_spv_SLV | C132: ="e?_spv_"&$A132&"*" -> e?_spv_SLV* | D132: 1 | E132: 2 | G132: =B132 -> UCE_elcaggCap_spv_SLV | H132: ="elcagg_spv_"&$A132 -> elcagg_spv_SLV | I132: -1 | K132: SLE | L132: ="UCE_elcaggCap_"&K$1&"_"&K132 -> UCE_elcaggCap_won_SLE | M132: ="e?_won_"&$K132&"*" -> e?_won_SLE* | N132: 1 | O132: 2 | Q132: =L132 -> UCE_elcaggCap_won_SLE | R132: ="elcagg_won_"&$K132 -> elcagg_won_SLE | S132: -1
... A160: ZWE | B160: ="UCE_elcaggCap_"&A$1&"_"&A160 -> UCE_elcaggCap_spv_ZWE | C160: ="e?_spv_"&$A160&"*" -> e?_spv_ZWE* | D160: 1 | E160: 2 | G160: =B160 -> UCE_elcaggCap_spv_ZWE | H160: ="elcagg_spv_"&$A160 -> elcagg_spv_ZWE | I160: -1 | K160: ZAF | L160: ="UCE_elcaggCap_"&K$1&"_"&K160 -> UCE_elcaggCap_won_ZAF | M160: ="e?_won_"&$K160&"*" -> e?_won_ZAF* | N160: 1 | O160: 2 | Q160: =L160 -> UCE_elcaggCap_won_ZAF | R160: ="elcagg_won_"&$K160 -> elcagg_won_ZAF | S160: -1
K161: ZMB | L161: ="UCE_elcaggCap_"&K$1&"_"&K161 -> UCE_elcaggCap_won_ZMB | M161: ="e?_won_"&$K161&"*" -> e?_won_ZMB* | N161: 1 | O161: 2 | Q161: =L161 -> UCE_elcaggCap_won_ZMB | R161: ="elcagg_won_"&$K161 -> elcagg_won_ZMB | S161: -1
K162: ZWE | L162: ="UCE_elcaggCap_"&K$1&"_"&K162 -> UCE_elcaggCap_won_ZWE | M162: ="e?_won_"&$K162&"*" -> e?_won_ZWE* | N162: 1 | O162: 2 | Q162: =L162 -> UCE_elcaggCap_won_ZWE | R162: ="elcagg_won_"&$K162 -> elcagg_won_ZWE | S162: -1

Sheet nuclear
A1: Current capacities | J1: ~UC_SETS: R_E: AllRegions
A3: Region | B3: GW (2022) | C3: GW (after 2022) | E3: Region | F3: 0.5 | G3: 0.25 | H3: 0.1 | L3: ~UC_T: UC_RHSRT~UP | S3: ~TFM_INS
A4: Africa_North | B4: 0 | C4: 4.8 | E4: Africa_North | F4: 82.6 | G4: 41.3 | H4: 16.5 | J4: UC_N | K4: pset_set | L4: Region | M4: *2018 | N4: 2020 | O4: 0 | P4: UC_CAP | S4: attribute | T4: pset_set | U4: Region | V4: value
A5: BeNeLux | B5: 5.35 | C5: 0 | E5: Africa_Other | F5: 132.5 | G5: 66.2 | H5: 26.5 | J5: UCE_NucLimit | K5: E_Nuclear | N5: 0 | O5: 3 | P5: 1 | S5: START | T5: =K5 -> E_Nuclear | V5: 2150
A6: Brazil | B6: 1.99 | C6: 1.4 | E6: Australia | F6: 22 | G6: 11 | H6: 4.4 | L6: =IF(A4="","\I:",A4) -> Africa_North | M6: =B4*1.1 -> 0 | N6: =MAX(VLOOKUP(L6,$E$4:$G$40,3,FALSE),M6*1.5) -> 41.3 | S6: START | T6: =T5 -> E_Nuclear | U6: =L6 -> Africa_North | V6: 2030
A7: China | B7: 55.53 | C7: 29.16 | E7: Austria | F7: 6 | G7: 3 | H7: 1.2 | L7: =IF(A5="","\I:",A5) -> BeNeLux | M7: =B5*1.1 -> 5.885 | N7: =MAX(VLOOKUP(L7,$E$4:$G$40,3,FALSE),M7*1.5) -> 8.8275 | S7: START | T7: =T6 -> E_Nuclear | U7: =L7 -> BeNeLux | V7: 2030
A8: CroSloven | B8: 0.69 | C8: 0 | E8: Baltics | F8: 2.3 | G8: 1.1 | H8: 0.5 | L8: =IF(A6="","\I:",A6) -> Brazil | M8: =B6*1.1 -> 2.189 | N8: =MAX(VLOOKUP(L8,$E$4:$G$40,3,FALSE),M8*1.5) -> 29.2 | S8: START | T8: =T7 -> E_Nuclear | U8: =L8 -> Brazil | V8: 2030
A9: CzechSlovak | B9: 6.29 | C9: 0.94 | E9: BeNeLux | F9: 16.3 | G9: 8.1 | H9: 3.3 | L9: =IF(A7="","\I:",A7) -> China | M9: =B7*1.1 -> 61.083 | N9: =MAX(VLOOKUP(L9,$E$4:$G$40,3,FALSE),M9*1.5) -> 628.9 | S9: START | T9: =T8 -> E_Nuclear | U9: =L9 -> China | V9: 2030
A10: France | B10: 61.4 | C10: 1.65 | E10: Brazil | F10: 58.4 | G10: 29.2 | H10: 11.7 | L10: =IF(A8="","\I:",A8) -> CroSloven | M10: =B8*1.1 -> 0.759 | N10: =MAX(VLOOKUP(L10,$E$4:$G$40,3,FALSE),M10*1.5) -> 1.1385 | S10: START | T10: =T9 -> E_Nuclear | U10: =L10 -> CroSloven | V10: 2030
A11: Germany | B11: 4.2 | C11: 0 | E11: China | F11: 1257.8 | G11: 628.9 | H11: 251.6 | L11: =IF(A9="","\I:",A9) -> CzechSlovak | M11: =B9*1.1 -> 6.919 | N11: =MAX(VLOOKUP(L11,$E$4:$G$40,3,FALSE),M11*1.5) -> 10.3785 | S11: START | T11: =T10 -> E_Nuclear | U11: =L11 -> CzechSlovak | V11: 2030
A12: HunRomBul | B12: 5.34 | C12: 0 | E12: CroSloven | F12: 2 | G12: 1 | H12: 0.4 | L12: =IF(A10="","\I:",A10) -> France | M12: =B10*1.1 -> 67.54 | N12: =MAX(VLOOKUP(L12,$E$4:$G$40,3,FALSE),M12*1.5) -> 101.31 | S12: START | T12: =T11 -> E_Nuclear | U12: =L12 -> France | V12: 2030
A13: India | B13: 6.78 | C13: 7.3 | E13: CzechSlovak | F13: 6.1 | G13: 3 | H13: 1.2 | L13: =IF(A11="","\I:",A11) -> Germany | M13: =B11*1.1 -> 4.62 | N13: =MAX(VLOOKUP(L13,$E$4:$G$40,3,FALSE),M13*1.5) -> 19.3 | S13: START | T13: =T12 -> E_Nuclear | U13: =L13 -> Germany | V13: 2030
A14: Japan | B14: 33.08 | C14: 6.84 | E14: France | F14: 34 | G14: 17 | H14: 6.8 | L14: =IF(A12="","\I:",A12) -> HunRomBul | M14: =B12*1.1 -> 5.874 | N14: =MAX(VLOOKUP(L14,$E$4:$G$40,3,FALSE),M14*1.5) -> 8.811 | S14: START | T14: =T13 -> E_Nuclear | U14: =L14 -> HunRomBul | V14: 2030
A15: LatAm | B15: 1.75 | C15: 0 | E15: Germany | F15: 38.5 | G15: 19.3 | H15: 7.7 | L15: =IF(A13="","\I:",A13) -> India | M15: =B13*1.1 -> 7.458 | N15: =MAX(VLOOKUP(L15,$E$4:$G$40,3,FALSE),M15*1.5) -> 196 | S15: START | T15: =T14 -> E_Nuclear | U15: =L15 -> India | V15: 2030
A16: MidEast | B16: 3.8 | C16: 4.19 | E16: GreeceCyp | F16: 4.4 | G16: 2.2 | H16: 0.9 | L16: =IF(A14="","\I:",A14) -> Japan | M16: =B14*1.1 -> 36.388 | N16: =MAX(VLOOKUP(L16,$E$4:$G$40,3,FALSE),M16*1.5) -> 54.582 | S16: START | T16: =T15 -> E_Nuclear | U16: =L16 -> Japan | V16: 2030
A17: NorthAm | B17: 109.61 | C17: 2.9 | E17: HunRomBul | F17: 7.4 | G17: 3.7 | H17: 1.5 | L17: =IF(A15="","\I:",A15) -> LatAm | M17: =B15*1.1 -> 1.925 | N17: =MAX(VLOOKUP(L17,$E$4:$G$40,3,FALSE),M17*1.5) -> 46.1 | S17: START | T17: =T16 -> E_Nuclear | U17: =L17 -> LatAm | V17: 2030
... A26: Ukraine | B26: 13.84 | C26: 0 | E26: Poland | F26: 10.6 | G26: 5.3 | H26: 2.1 | L26: =IF(A24="","\I:",A24) -> Turkey | M26: =B24*1.1 -> 0 | N26: =MAX(VLOOKUP(L26,$E$4:$G$40,3,FALSE),M26*1.5) -> 16.4 | S26: START | T26: =T25 -> E_Nuclear | U26: =L26 -> Turkey | V26: 2030
E27: ROW | F27: 320.2 | G27: 160.1 | H27: 64 | L27: =IF(A25="","\I:",A25) -> UK | M27: =B25*1.1 -> 8.613 | N27: =MAX(VLOOKUP(L27,$E$4:$G$40,3,FALSE),M27*1.5) -> 13.2 | S27: START | T27: =T26 -> E_Nuclear | U27: =L27 -> UK | V27: 2030
E28: Russia | F28: 78.5 | G28: 39.3 | H28: 15.7 | L28: =IF(A26="","\I:",A26) -> Ukraine | M28: =B26*1.1 -> 15.224 | N28: =MAX(VLOOKUP(L28,$E$4:$G$40,3,FALSE),M28*1.5) -> 22.836 | S28: START | T28: =T27 -> E_Nuclear | U28: =L28 -> Ukraine | V28: 2030
E29: SaudiArabia | F29: 46.5 | G29: 23.3 | H29: 9.3
E30: SouthAfrica | F30: 20.6 | G30: 10.3 | H30: 4.1
E31: SpainPor | F31: 22.1 | G31: 11 | H31: 4.4
E32: SweFinDen | F32: 18.9 | G32: 9.5 | H32: 3.8 | M32: =SUM(M6:M29) -> 441.661 | N32: =SUM(N6:N29) -> 1704.8755
E33: Switzerland | F33: 5.1 | G33: 2.6 | H33: 1
E34: Turkey | F34: 32.9 | G34: 16.4 | H34: 6.6
E35: UK | F35: 26.4 | G35: 13.2 | H35: 5.3
E36: Ukraine | F36: 8.8 | G36: 4.4 | H36: 1.8
E37: WestBalkans | F37: 6.1 | G37: 3.1 | H37: 1.2

Sheet CHP and Losses
A1: TABLE 1: CHP HEAT-TO-POWER RATIO (2022, aggregated by KiNESYS_CEA)
A2: Metric | B2: Africa_North | C2: Africa_Other | D2: Australia | E2: Austria | F2: Baltics | G2: BeNeLux | H2: Brazil | I2: China | J2: CroSloven | K2: CzechSlovak | L2: France | M2: Germany | N2: GreeceCyp | O2: HunRomBul | P2: Iceland | Q2: India | R2: Ireland | S2: ItalyMal | T2: Japan | U2: LatAm | V2: MidEast | W2: NorthAm | X2: Norway | Y2: Poland | Z2: ROW | AA2: Russia | AB2: SaudiArabia | AC2: SouthAfrica | AD2: SpainPor | AE2: SweFinDen | AF2: Switzerland | AG2: Turkey | AH2: UK | AI2: Ukraine | AJ2: WestBalkans
A3: Main CHP Electricity Output (PJ) | D3: 8.42 | E3: 22.28 | F3: 15.65 | G3: 93.81 | I3: 8197.59 | J3: 28.9 | K3: 43.71 | L3: 49.07 | M3: 291.13 | N3: 12.5 | O3: 66.02 | P3: 16.78 | S3: 237.38 | U3: 1.27 | V3: 10.27 | W3: 538.85 | X3: 1.7 | Y3: 462.11 | Z3: 730.98 | AA3: 2357.01 | AD3: 0.76 | AE3: 117.72 | AF3: 2.53 | AG3: 13.26 | AI3: 36.85 | AJ3: 19.04
A4: Auto CHP Electricity Output (PJ) | B4: 2.76 | C4: 0.09 | D4: 46.99 | E4: 16.55 | F4: 3.2 | G4: 112.19 | H4: 302.07 | J4: 1.83 | K4: 32.65 | L4: 36.48 | M4: 116.8 | N4: 10.61 | O4: 12.77 | Q4: 145.17 | R4: 7.46 | S4: 142.24 | U4: 40.88 | V4: 11.95 | W4: 610.03 | X4: 4.77 | Y4: 50.12 | Z4: 218.17 | AA4: 225.82 | AC4: 0.22 | AD4: 100.25 | AE4: 61.97 | AF4: 10.63 | AG4: 30.7 | AH4: 125.56 | AI4: 7.19 | AJ4: 1.95
A5: Total CHP Electricity Output (PJ) | B5: 2.76 | C5: 0.09 | D5: 55.41 | E5: 38.83 | F5: 18.84 | G5: 206 | H5: 302.07 | I5: 8197.59 | J5: 30.73 | K5: 76.37 | L5: 85.54 | M5: 407.93 | N5: 23.11 | O5: 78.79 | P5: 16.78 | Q5: 145.17 | R5: 7.46 | S5: 379.62 | U5: 42.15 | V5: 22.21 | W5: 1148.88 | X5: 6.47 | Y5: 512.23 | Z5: 949.15 | AA5: 2582.82 | AC5: 0.22 | AD5: 101.01 | AE5: 179.69 | AF5: 13.16 | AG5: 43.96 | AH5: 125.56 | AI5: 44.04 | AJ5: 20.99
A6: Main CHP Heat Output (PJ) | D6: 0 | E6: 38.39 | F6: 36.27 | G6: 59.34 | I6: 7418.86 | J6: 19.6 | K6: 91.89 | L6: 84.07 | M6: 318.83 | N6: 1.22 | O6: 83.51 | P6: 2.87 | S6: 57.14 | V6: 0 | W6: 437.62 | X6: 7.71 | Y6: 163.53 | Z6: 410.1 | AA6: 2612.31 | AD6: 0.04 | AE6: 269.78 | AF6: 5.77 | AG6: 18.09 | AI6: 54.8 | AJ6: 6.28
A7: Auto CHP Heat Output (PJ) | D7: 0 | E7: 9.86 | F7: 1.4 | G7: 37.01 | J7: 0.08 | K7: 8.49 | L7: 25.29 | N7: 0.32 | O7: 1.06 | S7: 13.59 | V7: 0 | W7: 0.1 | Y7: 17.64 | Z7: 284.4 | AA7: 542.6 | AD7: 11.5 | AE7: 53.39 | AF7: 14.54 | AG7: 21.24 | AI7: 34.75 | AJ7: 6.86
A8: Total CHP Heat Output (PJ) | D8: 0 | E8: 48.25 | F8: 37.67 | G8: 96.35 | I8: 7418.86 | J8: 19.68 | K8: 100.38 | L8: 109.36 | M8: 318.83 | N8: 1.55 | O8: 84.56 | P8: 2.87 | S8: 70.73 | V8: 0 | W8: 437.72 | X8: 7.71 | Y8: 181.17 | Z8: 694.5 | AA8: 3154.91 | AD8: 11.54 | AE8: 323.17 | AF8: 20.31 | AG8: 39.33 | AI8: 89.55 | AJ8: 13.14
A9: Heat-to-Power Ratio (Main CHP) | D9: 0 | E9: 1.72 | F9: 2.32 | G9: 0.63 | I9: 0.91 | J9: 0.68 | K9: 2.1 | L9: 1.71 | M9: 1.1 | N9: 0.1 | O9: 1.26 | P9: 0.17 | S9: 0.24 | V9: 0 | W9: 0.81 | X9: 4.53 | Y9: 0.35 | Z9: 0.56 | AA9: 1.11 | AD9: 0.05 | AE9: 2.29 | AF9: 2.28 | AG9: 1.36 | AI9: 1.49 | AJ9: 0.33
A10: Heat-to-Power Ratio (Auto CHP) | D10: 0 | E10: 0.6 | F10: 0.44 | G10: 0.33 | J10: 0.04 | K10: 0.26 | L10: 0.69 | N10: 0.03 | O10: 0.08 | S10: 0.1 | V10: 0 | W10: 0 | Y10: 0.35 | Z10: 1.3 | AA10: 2.4 | AD10: 0.11 | AE10: 0.86 | AF10: 1.37 | AG10: 0.69 | AI10: 4.83 | AJ10: 3.52
A11: Heat-to-Power Ratio (All CHP) | D11: 0 | E11: 1.24 | F11: 2 | G11: 0.47 | I11: 0.91 | J11: 0.64 | K11: 1.31 | L11: 1.28 | M11: 0.78 | N11: 0.07 | O11: 1.07 | P11: 0.17 | S11: 0.19 | V11: 0 | W11: 0.38 | X11: 1.19 | Y11: 0.35 | Z11: 0.73 | AA11: 1.22 | AD11: 0.11 | AE11: 1.8 | AF11: 1.54 | AG11: 0.89 | AI11: 2.03 | AJ11: 0.63
A12: CHP Share of Total Electricity (%) | B12: 0.19 | C12: 0 | D12: 5.68 | E12: 16.68 | F12: 28.87 | G12: 26.38 | H12: 12.4 | I12: 25.58 | J12: 31.07 | K12: 19.22 | L12: 5.08 | M12: 19.78 | N12: 11.11 | O12: 15.43 | P12: 23.17 | Q12: 2.21 | R12: 6.13 | S12: 37.08 | U12: 1.4 | V12: 0.61 | W12: 5.81 | X12: 1.24 | Y12: 79.65 | Z12: 8.08 | AA12: 60.36 | AC12: 0.03 | AD12: 8.39 | AE12: 17.82 | AF12: 5.92 | AG12: 3.72 | AH12: 10.78 | AI12: 10.54 | AJ12: 8.5
A13: Total Electricity Generation (PJ) | B13: 1432.93 | C13: 2330.8 | D13: 974.94 | E13: 232.8 | F13: 65.27 | G13: 781.03 | H13: 2436.83 | I13: 32042.76 | J13: 98.89 | K13: 397.33 | L13: 1685.32 | M13: 2062.79 | N13: 208.06 | O13: 510.71 | P13: 72.43 | Q13: 6558.72 | R13: 121.67 | S13: 1023.7 | T13: 3631.3 | U13: 3005.89 | V13: 3625.06 | W13: 19785.88 | X13: 522.5 | Y13: 643.09 | Z13: 11745.45 | AA13: 4278.75 | AB13: 1508.46 | AC13: 839.13 | AD13: 1204.01 | AE13: 1008.51 | AF13: 222.21 | AG13: 1182.17 | AH13: 1164.78 | AI13: 417.73 | AJ13: 246.83
A17: TABLE 2: DISTRIBUTION LOSS + OWN CONSUMPTION (2022, aggregated by KiNESYS_CEA)
A18: Metric | B18: Africa_North | C18: Africa_Other | D18: Australia | E18: Austria | F18: Baltics | G18: BeNeLux | H18: Brazil | I18: China | J18: CroSloven | K18: CzechSlovak | L18: France | M18: Germany | N18: GreeceCyp | O18: HunRomBul | P18: Iceland | Q18: India | R18: Ireland | S18: ItalyMal | T18: Japan | U18: LatAm | V18: MidEast | W18: NorthAm | X18: Norway | Y18: Poland | Z18: ROW | AA18: Russia | AB18: SaudiArabia | AC18: SouthAfrica | AD18: SpainPor | AE18: SweFinDen | AF18: Switzerland | AG18: Turkey | AH18: UK | AI18: Ukraine | AJ18: WestBalkans
A19: Electricity T&D Losses (PJ) | B19: 251.01 | C19: 380.17 | D19: 48.01 | E19: 11.68 | F19: 8.77 | G19: 30.15 | H19: 374.38 | I19: 1102.64 | J19: 9.02 | K19: 17.05 | L19: 126.83 | M19: 94.75 | N19: 21.15 | O19: 38.71 | P19: 1.94 | Q19: 977.62 | R19: 8.86 | S19: 69.61 | T19: 150.1 | U19: 397.59 | V19: 551.53 | W19: 981.03 | X19: 23.97 | Y19: 37.54 | Z19: 761.13 | AA19: 364.29 | AB19: 136.79 | AC19: 85.96 | AD19: 108.47 | AE19: 52.18 | AF19: 17.6 | AG19: 104.64 | AH19: 99.95 | AI19: 42.48 | AJ19: 27.91
A20: Electricity Own Use in Power Plants (PJ) | B20: 62.73 | C20: 81.77 | D20: 48.31 | E20: 7.95 | F20: 6.94 | G20: 28.56 | H20: 20.84 | I20: 2090.08 | J20: 4.86 | K20: 33.11 | L20: 75.06 | M20: 103.71 | N20: 4.74 | O20: 41.51 | P20: 1.45 | Q20: 509.64 | R20: 3.63 | S20: 33.83 | T20: 150.27 | U20: 77.09 | V20: 132.55 | W20: 766.87 | X20: 2.35 | Y20: 45.56 | Z20: 471.58 | AA20: 268.67 | AB20: 66.99 | AC20: 44.96 | AD20: 35.74 | AE20: 26 | AF20: 5.61 | AG20: 55.66 | AH20: 17.28 | AI20: 29.78 | AJ20: 16.57
A21: Electricity Total Losses (PJ) | B21: 313.75 | C21: 461.95 | D21: 96.32 | E21: 19.63 | F21: 15.71 | G21: 58.7 | H21: 395.22 | I21: 3192.72 | J21: 13.88 | K21: 50.16 | L21: 201.89 | M21: 198.46 | N21: 25.88 | O21: 80.22 | P21: 3.39 | Q21: 1487.26 | R21: 12.49 | S21: 103.44 | T21: 300.37 | U21: 474.67 | V21: 684.09 | W21: 1747.89 | X21: 26.32 | Y21: 83.1 | Z21: 1232.71 | AA21: 632.96 | AB21: 203.78 | AC21: 130.92 | AD21: 144.21 | AE21: 78.18 | AF21: 23.21 | AG21: 160.3 | AH21: 117.22 | AI21: 72.26 | AJ21: 44.48
A22: Total Electricity Generation (PJ) | B22: 1432.93 | C22: 2330.8 | D22: 974.94 | E22: 232.8 | F22: 65.27 | G22: 781.03 | H22: 2436.83 | I22: 32042.76 | J22: 98.89 | K22: 397.33 | L22: 1685.32 | M22: 2062.79 | N22: 208.06 | O22: 510.71 | P22: 72.43 | Q22: 6558.72 | R22: 121.67 | S22: 1023.7 | T22: 3631.3 | U22: 3005.89 | V22: 3625.06 | W22: 19785.88 | X22: 522.5 | Y22: 643.09 | Z22: 11745.45 | AA22: 4278.75 | AB22: 1508.46 | AC22: 839.13 | AD22: 1204.01 | AE22: 1008.51 | AF22: 222.21 | AG22: 1182.17 | AH22: 1164.78 | AI22: 417.73 | AJ22: 246.83
A23: Electricity T&D Loss Ratio (%) | B23: 17.52 | C23: 16.31 | D23: 4.92 | E23: 5.02 | F23: 13.43 | G23: 3.86 | H23: 15.36 | I23: 3.44 | J23: 9.12 | K23: 4.29 | L23: 7.53 | M23: 4.59 | N23: 10.16 | O23: 7.58 | P23: 2.68 | Q23: 14.91 | R23: 7.29 | S23: 6.8 | T23: 4.13 | U23: 13.23 | V23: 15.21 | W23: 4.96 | X23: 4.59 | Y23: 5.84 | Z23: 6.48 | AA23: 8.51 | AB23: 9.07 | AC23: 10.24 | AD23: 9.01 | AE23: 5.17 | AF23: 7.92 | AG23: 8.85 | AH23: 8.58 | AI23: 10.17 | AJ23: 11.31
A24: Electricity Own Use Ratio (%) | B24: 4.38 | C24: 3.51 | D24: 4.96 | E24: 3.42 | F24: 10.64 | G24: 3.66 | H24: 0.86 | I24: 6.52 | J24: 4.91 | K24: 8.33 | L24: 4.45 | M24: 5.03 | N24: 2.28 | O24: 8.13 | P24: 2 | Q24: 7.77 | R24: 2.98 | S24: 3.3 | T24: 4.14 | U24: 2.56 | V24: 3.66 | W24: 3.88 | X24: 0.45 | Y24: 7.08 | Z24: 4.01 | AA24: 6.28 | AB24: 4.44 | AC24: 5.36 | AD24: 2.97 | AE24: 2.58 | AF24: 2.52 | AG24: 4.71 | AH24: 1.48 | AI24: 7.13 | AJ24: 6.71
A25: Electricity Total Loss Ratio (%) | B25: 21.9 | C25: 19.82 | D25: 9.88 | E25: 8.43 | F25: 24.07 | G25: 7.52 | H25: 16.22 | I25: 9.96 | J25: 14.03 | K25: 12.62 | L25: 11.98 | M25: 9.62 | N25: 12.44 | O25: 15.71 | P25: 4.68 | Q25: 22.68 | R25: 10.27 | S25: 10.1 | T25: 8.27 | U25: 15.79 | V25: 18.87 | W25: 8.83 | X25: 5.04 | Y25: 12.92 | Z25: 10.5 | AA25: 14.79 | AB25: 13.51 | AC25: 15.6 | AD25: 11.98 | AE25: 7.75 | AF25: 10.44 | AG25: 13.56 | AH25: 10.06 | AI25: 17.3 | AJ25: 18.02
A27: Heat Distribution Losses (PJ) | D27: 0 | E27: 12.04 | F27: 9.88 | G27: 9.83 | I27: 61.81 | J27: 2.9 | K27: 8.88 | L27: 17.41 | M27: 43.43 | N27: 0.36 | O27: 19.24 | P27: 3.41 | S27: 8.16 | W27: 50.27 | X27: 2.77 | Y27: 26.62 | Z27: 57.54 | AA27: 563.99 | AE27: 63.58 | AF27: 2.35 | AI27: 29.97 | AJ27: 3.32
A28: Heat Own Use in Heat Plants (PJ) | D28: 0 | F28: 1.4 | G28: 0 | I28: 102.25 | J28: 2.53 | K28: 20.13 | O28: 9.94 | S28: 0.21 | W28: 83.78 | X28: 0.53 | Y28: 5.25 | Z28: 39.7 | AE28: 0.91 | AI28: 17.24 | AJ28: 1.44
A29: Heat Total Losses (PJ) | D29: 0 | E29: 12.04 | F29: 11.28 | G29: 9.83 | I29: 164.05 | J29: 5.43 | K29: 29.01 | L29: 17.41 | M29: 43.43 | N29: 0.36 | O29: 29.18 | P29: 3.41 | S29: 8.38 | W29: 134.05 | X29: 3.31 | Y29: 31.88 | Z29: 97.23 | AA29: 563.99 | AE29: 64.49 | AF29: 2.35 | AI29: 47.21 | AJ29: 4.75
A30: Total Heat Production (PJ) | B30: 3.14 | C30: 0.39 | D30: 0 | E30: 82.28 | F30: 80.74 | G30: 95.4 | H30: 4.04 | I30: 8329.62 | J30: 23.36 | K30: 137.38 | L30: 178.46 | M30: 428.91 | N30: 1.55 | O30: 129.46 | P30: 35.81 | S30: 85.74 | T30: 21.54 | V30: 0 | W30: 443.9 | X30: 13.74 | Y30: 285.36 | Z30: 966.43 | AA30: 5742.94 | AD30: 11.54 | AE30: 465.2 | AF30: 24 | AG30: 60.29 | AH30: 64.91 | AI30: 270.13 | AJ30: 39.25
A31: Heat Total Loss Ratio (%) | E31: 14.63 | F31: 13.98 | G31: 10.31 | I31: 1.97 | J31: 23.25 | K31: 21.12 | L31: 9.76 | M31: 10.13 | N31: 23.32 | O31: 22.54 | P31: 9.51 | S31: 9.77 | W31: 30.2 | X31: 24.09 | Y31: 11.17 | Z31: 10.06 | AA31: 9.82 | AE31: 13.86 | AF31: 9.79 | AI31: 17.48 | AJ31: 12.11
A36: ~tfm_ins: pset_set=CHP
A37: attribute | B37: allregions | C37: =B18 -> Africa_North | D37: =C18 -> Africa_Other | E37: =D18 -> Australia | F37: =E18 -> Austria | G37: =F18 -> Baltics | H37: =G18 -> BeNeLux | I37: =H18 -> Brazil | J37: =I18 -> China | ... AK37: =AJ18 -> WestBalkans | AL37: process | AM37: commodity | AN37: year
A38: ncap_chpr | B38: 0.5 | C38: =IF(B9>0,B9,"") | D38: =IF(C9>0,C9,"") | E38: =IF(D9>0,D9,"") | F38: =IF(E9>0,E9,"") -> 1.72 | G38: =IF(F9>0,F9,"") -> 2.32 | H38: =IF(G9>0,G9,"") -> 0.63 | I38: =IF(H9>0,H9,"") | J38: =IF(I9>0,I9,"") -> 0.91 | ... AK38: =IF(AJ9>0,AJ9,"") -> 0.33
A39: ncap_chpr | B39: 0.5 | C39: =IF(B10>0,B10,"") | D39: =IF(C10>0,C10,"") | E39: =IF(D10>0,D10,"") | F39: =IF(E10>0,E10,"") -> 0.6 | G39: =IF(F10>0,F10,"") -> 0.44 | H39: =IF(G10>0,G10,"") -> 0.33 | I39: =IF(H10>0,H10,"") | J39: =IF(I10>0,I10,"") | ... AK39: =IF(AJ10>0,AJ10,"") -> 3.52 | AL39: EA*
A40: *
A41: com_ie | C41: =1-B25/100 -> 0.781 | D41: =1-C25/100 -> 0.8018 | E41: =1-D25/100 -> 0.9012 | F41: =1-E25/100 -> 0.9157 | G41: =1-F25/100 -> 0.7593 | H41: =1-G25/100 -> 0.9248 | I41: =1-H25/100 -> 0.8378 | J41: =1-I25/100 -> 0.9004 | ... AK41: =1-AJ25/100 -> 0.8198 | AM41: ELC | AN41: 2020
A42: com_ie | C42: =MAX($C$41:$AL$41) -> 0.9532 | D42: =MAX($C$41:$AL$41) -> 0.9532 | E42: =MAX($C$41:$AL$41) -> 0.9532 | F42: =MAX($C$41:$AL$41) -> 0.9532 | G42: =MAX($C$41:$AL$41) -> 0.9532 | H42: =MAX($C$41:$AL$41) -> 0.9532 | I42: =MAX($C$41:$AL$41) -> 0.9532 | J42: =MAX($C$41:$AL$41) -> 0.9532 | ... AK42: =MAX($C$41:$AL$41) -> 0.9532 | AM42: ELC | AN42: 2070

Sheet Thermal UF
C1: fuel | D1: metric | E1: Africa_North | F1: Africa_Other | G1: Australia | H1: Austria | I1: Baltics | J1: BeNeLux | K1: Brazil | L1: China | M1: CroSloven | N1: CzechSlovak | O1: France | P1: Germany | Q1: GreeceCyp | R1: HunRomBul | S1: Iceland | T1: India | U1: Ireland | V1: ItalyMal | W1: Japan | X1: LatAm | Y1: MidEast | Z1: NorthAm | AA1: Norway | AB1: Poland | AC1: ROW | AD1: Russia | AE1: SaudiArabia | AF1: SouthAfrica | AG1: SpainPor | AH1: SweFinDen | AI1: Switzerland | AJ1: Turkey | AK1: UK | AL1: Ukraine | AM1: WestBalkans
B2: elcbsl,indbio | C2: bioenergy | D2: Latest | E2: 0.033 | F2: 0.266 | G2: 0.406 | H2: 0.429 | I2: 0.556 | J2: 0.95 | K2: 0.363 | L2: 0.95 | M2: 0.588 | N2: 0.702 | O2: 0.695 | P2: 0.589 | Q2: 0.514 | R2: 0.677 | T2: 0.407 | U2: 0.95 | V2: 0.624 | W2: 0.896 | X2: 0.462 | Y2: 0.95 | Z2: 0.547 | AA2: 0.913 | AB2: 0.78 | AC2: 0.564 | AD2: 0.071 | AF2: 0.18 | AG2: 0.604 | AH2: 0.385 | AI2: 0.95 | AJ2: 0.481 | AK2: 0.579 | AL2: 0.171 | AM2: 0.639
B3: ???coa,elccob | C3: coal | D3: Latest | E3: 0.733 | F3: 0 | G3: 0.627 | H3: 0.95 | J3: 0.278 | K3: 0.509 | L3: 0.576 | M3: 0.368 | N3: 0.457 | O3: 0.098 | P3: 0.382 | Q3: 0.187 | R3: 0.277 | T3: 0.707 | U3: 0.132 | V3: 0.257 | W3: 0.674 | X3: 0.498 | Y3: 0.95 | Z3: 0.395 | AA3: 0.95 | AB3: 0.412 | AC3: 0.565 | AD3: 0.637 | AF3: 0.474 | AG3: 0.151 | AH3: 0.166 | AJ3: 0.646 | AK3: 0.184 | AL3: 0 | AM3: 0.59
B4: ???nga | C4: gas | D4: Latest | E4: 0.387 | F4: 0.327 | G4: 0.197 | H4: 0.158 | I4: 0.077 | J4: 0.312 | K4: 0.232 | L4: 0.259 | M4: 0.688 | N4: 0.145 | O4: 0.194 | P4: 0.261 | Q4: 0.283 | R4: 0.199 | T4: 0.185 | U4: 0.411 | V4: 0.238 | W4: 0.465 | X4: 0.4 | Y4: 0.437 | Z4: 0.393 | AA4: 0.263 | AB4: 0.482 | AC4: 0.457 | AD4: 0.537 | AE4: 0.432 | AF4: 0 | AG4: 0.269 | AH4: 0.048 | AI4: 0.248 | AJ4: 0.275 | AK4: 0.301 | AL4: 0.495 | AM4: 0.262
B5: ???nuc | C5: nuclear | D5: Latest | J5: 0.95 | K5: 0.832 | L5: 0.872 | M5: 0.933 | N5: 0.885 | O5: 0.624 | P5: 0.95 | R5: 0.925 | T5: 0.736 | W5: 0.267 | X5: 0.584 | Y5: 0.856 | Z5: 0.903 | AC5: 0.835 | AD5: 0.84 | AF5: 0.526 | AG5: 0.911 | AH5: 0.832 | AI5: 0.933 | AK5: 0.791
B6: ???oil* | C6: oil | D6: Latest | E6: 0.95 | F6: 0.146 | G6: 0.262 | H6: 0.573 | I6: 0.369 | J6: 0.95 | K6: 0.166 | L6: 0.582 | M6: 0.017 | N6: 0.95 | O6: 0.571 | P6: 0.95 | Q6: 0.312 | R6: 0.088 | T6: 0.026 | U6: 0.111 | V6: 0.95 | W6: 0.194 | X6: 0.221 | Y6: 0.895 | Z6: 0.135 | AA6: 0.72 | AB6: 0.95 | AC6: 0.2 | AD6: 0.95 | AE6: 0.64 | AF6: 0.231 | AG6: 0.374 | AH6: 0.1 | AI6: 0.279 | AJ6: 0.163 | AK6: 0.425 | AL6: 0.95 | AM6: 0.95
B7: =B2 -> elcbsl,indbio | C7: bioenergy | D7: Min_10yr | E7: 0.014 | F7: 0.175 | G7: 0.406 | H7: 0.429 | I7: 0.556 | J7: 0.885 | K7: 0.363 | L7: 0.95 | M7: 0.55 | N7: 0.702 | O7: 0.695 | P7: 0.589 | Q7: 0.469 | R7: 0.489 | T7: 0.307 | U7: 0.913 | V7: 0.624 | W7: 0.896 | X7: 0.348 | Y7: 0.294 | Z7: 0.547 | AA7: 0.285 | AB7: 0.744 | AC7: 0.416 | AD7: 0.051 | AF7: 0.145 | AG7: 0.604 | AH7: 0.385 | AI7: 0.95 | AJ7: 0.45 | AK7: 0.579 | AL7: 0.171 | AM7: 0.228
B8: =B3 -> ???coa,elccob | C8: coal | D8: Min_10yr | E8: 0.57 | F8: 0 | G8: 0.605 | H8: 0.277 | I8: 0.95 | J8: 0.251 | K8: 0.509 | L8: 0.515 | M8: 0.368 | N8: 0.428 | O8: 0.094 | P8: 0.328 | Q8: 0.187 | R8: 0.268 | T8: 0.578 | U8: 0.063 | V8: 0.197 | W8: 0.674 | X8: 0.498 | Y8: 0.385 | Z8: 0.384 | AA8: 0.95 | AB8: 0.412 | AC8: 0.557 | AD8: 0.42 | AF8: 0.474 | AG8: 0.125 | AH8: 0.166 | AJ8: 0.568 | AK8: 0.082 | AL8: 0 | AM8: 0.59
B9: =B4 -> ???nga | C9: gas | D9: Min_10yr | E9: 0.373 | F9: 0.318 | G9: 0.197 | H9: 0.127 | I9: 0.063 | J9: 0.312 | K9: 0.232 | L9: 0.259 | M9: 0.29 | N9: 0.088 | O9: 0.063 | P9: 0.254 | Q9: 0.154 | R9: 0.164 | T9: 0.165 | U9: 0.322 | V9: 0.158 | W9: 0.465 | X9: 0.352 | Y9: 0.389 | Z9: 0.314 | AA9: 0.046 | AB9: 0.372 | AC9: 0.457 | AD9: 0.475 | AE9: 0.386 | AF9: 0 | AG9: 0.195 | AH9: 0.048 | AI9: 0.238 | AJ9: 0.227 | AK9: 0.301 | AL9: 0.14 | AM9: 0.062
B10: =B5 -> ???nuc | C10: nuclear | D10: Min_10yr | J10: 0.537 | K10: 0.806 | L10: 0.72 | M10: 0.928 | N10: 0.712 | O10: 0.548 | P10: 0.803 | R10: 0.925 | T10: 0.63 | W10: 0 | X10: 0.397 | Y10: 0.377 | Z10: 0.903 | AC10: 0.705 | AD10: 0.786 | AF10: 0.526 | AG10: 0.882 | AH10: 0.73 | AI10: 0.699 | AK10: 0.62 | AL10: 0.512
B11: =B6 -> ???oil* | C11: oil | D11: Min_10yr | E11: 0.367 | F11: 0.146 | G11: 0.21 | H11: 0.463 | I11: 0.21 | J11: 0.95 | K11: 0.16 | L11: 0.52 | M11: 0.003 | N11: 0.95 | O11: 0.571 | P11: 0.95 | Q11: 0.301 | R11: 0.07 | S11: 0 | T11: 0.021 | U11: 0.111 | V11: 0.782 | W11: 0.089 | X11: 0.221 | Y11: 0.616 | Z11: 0.117 | AA11: 0.632 | AB11: 0.95 | AC11: 0.2 | AD11: 0.95 | AE11: 0.629 | AF11: 0.001 | AG11: 0.374 | AH11: 0.1 | AI11: 0.26 | AJ11: 0.059 | AK11: 0.22 | AL11: 0.95 | AM11: 0.103
B12: =B7 -> elcbsl,indbio | C12: bioenergy | D12: Max_10yr | E12: 0.057 | F12: 0.287 | G12: 0.506 | H12: 0.564 | I12: 0.842 | J12: 0.95 | K12: 0.436 | L12: 0.95 | M12: 0.711 | N12: 0.77 | O12: 0.834 | P12: 0.769 | Q12: 0.587 | R12: 0.879 | T12: 0.655 | U12: 0.95 | V12: 0.751 | W12: 0.95 | X12: 0.462 | Y12: 0.95 | Z12: 0.644 | AA12: 0.95 | AB12: 0.95 | AC12: 0.564 | AD12: 0.107 | AF12: 0.189 | AG12: 0.727 | AH12: 0.476 | AI12: 0.95 | AJ12: 0.56 | AK12: 0.77 | AL12: 0.41 | AM12: 0.95
B13: =B8 -> ???coa,elccob | C13: coal | D13: Max_10yr | E13: 0.777 | F13: 0.47 | G13: 0.724 | H13: 0.95 | I13: 0.95 | J13: 0.95 | K13: 0.922 | L13: 0.587 | M13: 0.578 | N13: 0.544 | O13: 0.391 | P13: 0.625 | Q13: 0.597 | R13: 0.431 | T13: 0.707 | U13: 0.604 | V13: 0.509 | W13: 0.9 | X13: 0.777 | Y13: 0.95 | Z13: 0.568 | AA13: 0.95 | AB13: 0.522 | AC13: 0.7 | AD13: 0.637 | AF13: 0.671 | AG13: 0.575 | AH13: 0.351 | AJ13: 0.679 | AK13: 0.539 | AL13: 0.319 | AM13: 0.695
B14: =B9 -> ???nga | C14: gas | D14: Max_10yr | E14: 0.505 | F14: 0.399 | G14: 0.324 | H14: 0.268 | I14: 0.149 | J14: 0.495 | K14: 0.675 | L14: 0.324 | M14: 0.787 | N14: 0.352 | O14: 0.294 | P14: 0.352 | Q14: 0.468 | R14: 0.256 | T14: 0.267 | U14: 0.442 | V14: 0.298 | W14: 0.665 | X14: 0.479 | Y14: 0.441 | Z14: 0.393 | AA14: 0.268 | AB14: 0.757 | AC14: 0.53 | AD14: 0.576 | AE14: 0.467 | AF14: 0.95 | AG14: 0.375 | AH14: 0.229 | AI14: 0.427 | AJ14: 0.617 | AK14: 0.466 | AL14: 0.495 | AM14: 0.266
B15: =B10 -> ???nuc | C15: nuclear | D15: Max_10yr | J15: 0.95 | K15: 0.925 | L15: 0.873 | M15: 0.95 | N15: 0.885 | O15: 0.791 | P15: 0.95 | R15: 0.948 | T15: 0.778 | W15: 0.267 | X15: 0.663 | Y15: 0.856 | Z15: 0.93 | AC15: 0.868 | AD15: 0.95 | AF15: 0.884 | AG15: 0.939 | AH15: 0.911 | AI15: 0.95 | AK15: 0.884 | AL15: 0.729
B16: =B11 -> ???oil* | C16: oil | D16: Max_10yr | E16: 0.95 | F16: 0.402 | G16: 0.344 | H16: 0.574 | I16: 0.689 | J16: 0.95 | K16: 0.458 | L16: 0.95 | M16: 0.017 | N16: 0.95 | O16: 0.732 | P16: 0.95 | Q16: 0.359 | R16: 0.106 | S16: 0 | T16: 0.1 | U16: 0.404 | V16: 0.95 | W16: 0.332 | X16: 0.364 | Y16: 0.902 | Z16: 0.16 | AA16: 0.95 | AB16: 0.95 | AC16: 0.557 | AD16: 0.95 | AE16: 0.95 | AF16: 0.231 | AG16: 0.616 | AH16: 0.182 | AI16: 0.311 | AJ16: 0.474 | AK16: 0.644 | AL16: 0.95 | AM16: 0.95
A18: ~UC_SETS: R_E: AllRegions
D20: ~UC_T: UC_CAP
A21: * | B21: UC_N | C21: limtype | D21: Year | E21: =E1 -> Africa_North | F21: =F1 -> Africa_Other | G21: =G1 -> Australia | H21: =H1 -> Austria | I21: =I1 -> Baltics | J21: =J1 -> BeNeLux | K21: =K1 -> Brazil | L21: =L1 -> China | ... AM21: =AM1 -> WestBalkans | AN21: UC_ACT | AO21: PSET_SET | AP21: PSET_CI | AQ21: UC_RHSRT~0 | AR21: pset_co | AS21: pset_pn | AT21: t_neg_andor
A22: 0.95 | B22: ="UCE_utilization_"&C2&"_"&C22 -> UCE_utilization_bioenergy_LO | C22: LO | D22: 2023 | E22: =IF(E2="","",-MIN(E2,0.8)*$A22) -> -0.03135 | F22: =IF(F2="","",-MIN(F2,0.8)*$A22) -> -0.2527 | G22: =IF(G2="","",-MIN(G2,0.8)*$A22) -> -0.3857 | H22: =IF(H2="","",-MIN(H2,0.8)*$A22) -> -0.40755 | I22: =IF(I2="","",-MIN(I2,0.8)*$A22) -> -0.5282 | J22: =IF(J2="","",-MIN(J2,0.8)*$A22) -> -0.76 | K22: =IF(K2="","",-MIN(K2,0.8)*$A22) -> -0.34485 | L22: =IF(L2="","",-MIN(L2,0.8)*$A22) -> -0.76 | ... AM22: =IF(AM2="","",-MIN(AM2,0.8)*$A22) -> -0.60705 | AN22: =1/31.536 -> 0.031709792 | AO22: ELE,CHP | AP22: =B2 -> elcbsl,indbio | AQ22: 2 | AR22: -CO2Cap*
A23: 0.8 | B23: ="UCE_utilization_"&C3&"_"&C23 -> UCE_utilization_coal_LO | C23: LO | D23: =D22 -> 2023 | E23: =IF(E3="","",-MIN(E3,0.8)*$A23) -> -0.5864 | F23: =IF(F3="","",-MIN(F3,0.8)*$A23) -> 0 | G23: =IF(G3="","",-MIN(G3,0.8)*$A23) -> -0.5016 | H23: =IF(H3="","",-MIN(H3,0.8)*$A23) -> -0.64 | I23: =IF(I3="","",-MIN(I3,0.8)*$A23) | J23: =IF(J3="","",-MIN(J3,0.8)*$A23) -> -0.2224 | K23: =IF(K3="","",-MIN(K3,0.8)*$A23) -> -0.4072 | L23: =IF(L3="","",-MIN(L3,0.8)*$A23) -> -0.4608 | ... AM23: =IF(AM3="","",-MIN(AM3,0.8)*$A23) -> -0.472 | AN23: =1/31.536 -> 0.031709792 | AO23: ELE,CHP | AP23: =B3 -> ???coa,elccob | AQ23: 2 | AR23: -CO2Cap*
A24: 0.95 | B24: ="UCE_utilization_"&C4&"_"&C24 -> UCE_utilization_gas_LO | C24: LO | D24: =D23 -> 2023 | E24: =IF(E4="","",-MIN(E4,0.8)*$A24) -> -0.36765 | F24: =IF(F4="","",-MIN(F4,0.8)*$A24) -> -0.31065 | G24: =IF(G4="","",-MIN(G4,0.8)*$A24) -> -0.18715 | H24: =IF(H4="","",-MIN(H4,0.8)*$A24) -> -0.1501 | I24: =IF(I4="","",-MIN(I4,0.8)*$A24) -> -0.07315 | J24: =IF(J4="","",-MIN(J4,0.8)*$A24) -> -0.2964 | K24: =IF(K4="","",-MIN(K4,0.8)*$A24) -> -0.2204 | L24: =IF(L4="","",-MIN(L4,0.8)*$A24) -> -0.24605 | ... AM24: =IF(AM4="","",-MIN(AM4,0.8)*$A24) -> -0.2489 | AN24: =1/31.536 -> 0.031709792 | AO24: ELE,CHP | AP24: =B4 -> ???nga | AQ24: 2 | AR24: -CO2Cap* | AS24: -*turbine | AT24: OR
A25: 0.95 | B25: ="UCE_utilization_"&C5&"_"&C25 -> UCE_utilization_nuclear_LO | C25: LO | D25: =D24 -> 2023 | E25: =IF(E5="","",-MIN(E5,0.8)*$A25) | F25: =IF(F5="","",-MIN(F5,0.8)*$A25) | G25: =IF(G5="","",-MIN(G5,0.8)*$A25) | H25: =IF(H5="","",-MIN(H5,0.8)*$A25) | I25: =IF(I5="","",-MIN(I5,0.8)*$A25) | J25: =IF(J5="","",-MIN(J5,0.8)*$A25) -> -0.76 | K25: =IF(K5="","",-MIN(K5,0.8)*$A25) -> -0.76 | L25: =IF(L5="","",-MIN(L5,0.8)*$A25) -> -0.76 | ... AM25: =IF(AM5="","",-MIN(AM5,0.8)*$A25) | AN25: =1/31.536 -> 0.031709792 | AO25: ELE,CHP | AP25: =B5 -> ???nuc | AQ25: 2 | AR25: -CO2Cap*
A26: 0.95 | B26: ="UCE_utilization_"&C6&"_"&C26 -> UCE_utilization_oil_\I: LO | C26: \I: LO | D26: =D25 -> 2023 | E26: =IF(E6="","",-MIN(E6,0.8)*$A26) -> -0.76 | F26: =IF(F6="","",-MIN(F6,0.8)*$A26) -> -0.1387 | G26: =IF(G6="","",-MIN(G6,0.8)*$A26) -> -0.2489 | H26: =IF(H6="","",-MIN(H6,0.8)*$A26) -> -0.54435 | I26: =IF(I6="","",-MIN(I6,0.8)*$A26) -> -0.35055 | J26: =IF(J6="","",-MIN(J6,0.8)*$A26) -> -0.76 | K26: =IF(K6="","",-MIN(K6,0.8)*$A26) -> -0.1577 | L26: =IF(L6="","",-MIN(L6,0.8)*$A26) -> -0.5529 | ... AM26: =IF(AM6="","",-MIN(AM6,0.8)*$A26) -> -0.76 | AN26: =1/31.536 -> 0.031709792 | AO26: ELE,CHP | AP26: =B6 -> ???oil* | AQ26: 2 | AR26: -CO2Cap*
A27: 1.05 | B27: ="UCE_utilization_"&C2&"_"&C27 -> UCE_utilization_bioenergy_UP | C27: UP | D27: =D26 -> 2023 | E27: =IF(E2="","",-E2*$A27) -> -0.03465 | F27: =IF(F2="","",-F2*$A27) -> -0.2793 | G27: =IF(G2="","",-G2*$A27) -> -0.4263 | H27: =IF(H2="","",-H2*$A27) -> -0.45045 | I27: =IF(I2="","",-I2*$A27) -> -0.5838 | J27: =IF(J2="","",-J2*$A27) -> -0.9975 | K27: =IF(K2="","",-K2*$A27) -> -0.38115 | L27: =IF(L2="","",-L2*$A27) -> -0.9975 | ... AM27: =IF(AM2="","",-AM2*$A27) -> -0.67095 | AN27: =1/31.536 -> 0.031709792 | AO27: ELE,CHP | AP27: =AP22 -> elcbsl,indbio | AQ27: 2 | AR27: -CO2Cap*
A28: 1.05 | B28: ="UCE_utilization_"&C3&"_"&C28 -> UCE_utilization_coal_UP | C28: UP | D28: =D27 -> 2023 | E28: =IF(E3="","",-E3*$A28) -> -0.76965 | F28: =IF(F3="","",-F3*$A28) -> 0 | G28: =IF(G3="","",-G3*$A28) -> -0.65835 | H28: =IF(H3="","",-H3*$A28) -> -0.9975 | I28: =IF(I3="","",-I3*$A28) | J28: =IF(J3="","",-J3*$A28) -> -0.2919 | K28: =IF(K3="","",-K3*$A28) -> -0.53445 | L28: =IF(L3="","",-L3*$A28) -> -0.6048 | ... AM28: =IF(AM3="","",-AM3*$A28) -> -0.6195 | AN28: =1/31.536 -> 0.031709792 | AO28: ELE,CHP | AP28: =AP23 -> ???coa,elccob | AQ28: 2 | AR28: -CO2Cap*
A29: 1.05 | B29: ="UCE_utilization_"&C4&"_"&C29 -> UCE_utilization_gas_UP | C29: UP | D29: =D28 -> 2023 | E29: =IF(E4="","",-E4*$A29) -> -0.40635 | F29: =IF(F4="","",-F4*$A29) -> -0.34335 | G29: =IF(G4="","",-G4*$A29) -> -0.20685 | H29: =IF(H4="","",-H4*$A29) -> -0.1659 | I29: =IF(I4="","",-I4*$A29) -> -0.08085 | J29: =IF(J4="","",-J4*$A29) -> -0.3276 | K29: =IF(K4="","",-K4*$A29) -> -0.2436 | L29: =IF(L4="","",-L4*$A29) -> -0.27195 | ... AM29: =IF(AM4="","",-AM4*$A29) -> -0.2751 | AN29: =1/31.536 -> 0.031709792 | AO29: ELE,CHP | AP29: =AP24 -> ???nga | AQ29: 2 | AR29: -CO2Cap*
A30: 1.05 | B30: ="UCE_utilization_"&C5&"_"&C30 -> UCE_utilization_nuclear_UP | C30: UP | D30: =D29 -> 2023 | E30: =IF(E5="","",-E5*$A30) | F30: =IF(F5="","",-F5*$A30) | G30: =IF(G5="","",-G5*$A30) | H30: =IF(H5="","",-H5*$A30) | I30: =IF(I5="","",-I5*$A30) | J30: =IF(J5="","",-J5*$A30) -> -0.9975 | K30: =IF(K5="","",-K5*$A30) -> -0.8736 | L30: =IF(L5="","",-L5*$A30) -> -0.9156 | ... AM30: =IF(AM5="","",-AM5*$A30) | AN30: =1/31.536 -> 0.031709792 | AO30: ELE,CHP | AP30: =AP25 -> ???nuc | AQ30: 2 | AR30: -CO2Cap*
A31: 1.05 | B31: ="UCE_utilization_"&C6&"_"&C31 -> UCE_utilization_oil_UP | C31: UP | D31: =D30 -> 2023 | E31: =IF(E6="","",-E6*$A31) -> -0.9975 | F31: =IF(F6="","",-F6*$A31) -> -0.1533 | G31: =IF(G6="","",-G6*$A31) -> -0.2751 | H31: =IF(H6="","",-H6*$A31) -> -0.60165 | I31: =IF(I6="","",-I6*$A31) -> -0.38745 | J31: =IF(J6="","",-J6*$A31) -> -0.9975 | K31: =IF(K6="","",-K6*$A31) -> -0.1743 | L31: =IF(L6="","",-L6*$A31) -> -0.6111 | ... AM31: =IF(AM6="","",-AM6*$A31) -> -0.9975 | AN31: =1/31.536 -> 0.031709792 | AO31: ELE,CHP | AP31: =AP26 -> ???oil* | AQ31: 2 | AR31: -CO2Cap*
B32: *
A33: 0.3 | B33: =B22 -> UCE_utilization_bioenergy_LO | C33: =C22 -> LO | D33: =D22+7 -> 2030 | E33: =IF(E7="","",-MIN(E7,E2,0.8)*$A33) -> -0.0042 | F33: =IF(F7="","",-MIN(F7,F2,0.8)*$A33) -> -0.0525 | G33: =IF(G7="","",-MIN(G7,G2,0.8)*$A33) -> -0.1218 | H33: =IF(H7="","",-MIN(H7,H2,0.8)*$A33) -> -0.1287 | I33: =IF(I7="","",-MIN(I7,I2,0.8)*$A33) -> -0.1668 | J33: =IF(J7="","",-MIN(J7,J2,0.8)*$A33) -> -0.24 | K33: =IF(K7="","",-MIN(K7,K2,0.8)*$A33) -> -0.1089 | L33: =IF(L7="","",-MIN(L7,L2,0.8)*$A33) -> -0.24 | ... AM33: =IF(AM7="","",-MIN(AM7,AM2,0.8)*$A33) -> -0.0684 | AO33: =AO22 -> ELE,CHP | AP33: =AP22 -> elcbsl,indbio | AR33: -CO2Cap*
A34: 0.3 | B34: =B23 -> UCE_utilization_coal_LO | C34: =C23 -> LO | D34: =D23+7 -> 2030 | E34: =IF(E8="","",-MIN(E8,E3,0.8)*$A34) -> -0.171 | F34: =IF(F8="","",-MIN(F8,F3,0.8)*$A34) -> 0 | G34: =IF(G8="","",-MIN(G8,G3,0.8)*$A34) -> -0.1815 | H34: =IF(H8="","",-MIN(H8,H3,0.8)*$A34) -> -0.0831 | I34: =IF(I8="","",-MIN(I8,I3,0.8)*$A34) -> -0.24 | J34: =IF(J8="","",-MIN(J8,J3,0.8)*$A34) -> -0.0753 | K34: =IF(K8="","",-MIN(K8,K3,0.8)*$A34) -> -0.1527 | L34: =IF(L8="","",-MIN(L8,L3,0.8)*$A34) -> -0.1545 | ... AM34: =IF(AM8="","",-MIN(AM8,AM3,0.8)*$A34) -> -0.177 | AO34: =AO23 -> ELE,CHP | AP34: =AP23 -> ???coa,elccob | AR34: -CO2Cap*
A35: 0.3 | B35: =B24 -> UCE_utilization_gas_LO | C35: =C24 -> LO | D35: =D24+7 -> 2030 | E35: =IF(E9="","",-MIN(E9,E4,0.8)*$A35) -> -0.1119 | F35: =IF(F9="","",-MIN(F9,F4,0.8)*$A35) -> -0.0954 | G35: =IF(G9="","",-MIN(G9,G4,0.8)*$A35) -> -0.0591 | H35: =IF(H9="","",-MIN(H9,H4,0.8)*$A35) -> -0.0381 | I35: =IF(I9="","",-MIN(I9,I4,0.8)*$A35) -> -0.0189 | J35: =IF(J9="","",-MIN(J9,J4,0.8)*$A35) -> -0.0936 | K35: =IF(K9="","",-MIN(K9,K4,0.8)*$A35) -> -0.0696 | L35: =IF(L9="","",-MIN(L9,L4,0.8)*$A35) -> -0.0777 | ... AM35: =IF(AM9="","",-MIN(AM9,AM4,0.8)*$A35) -> -0.0186 | AO35: =AO24 -> ELE,CHP | AP35: =AP24 -> ???nga | AR35: -CO2Cap* | AS35: -*turbine | AT35: OR
B36: =B25 -> UCE_utilization_nuclear_LO | C36: =C25 -> LO | D36: =D25+7 -> 2030 | E36: =IF(E10="","",-MIN(E10,E5,0.8)*$A36) | F36: =IF(F10="","",-MIN(F10,F5,0.8)*$A36) | G36: =IF(G10="","",-MIN(G10,G5,0.8)*$A36) | H36: =IF(H10="","",-MIN(H10,H5,0.8)*$A36) | I36: =IF(I10="","",-MIN(I10,I5,0.8)*$A36) | J36: =IF(J10="","",-MIN(J10,J5,0.8)*$A36) -> 0 | K36: =IF(K10="","",-MIN(K10,K5,0.8)*$A36) -> 0 | L36: =IF(L10="","",-MIN(L10,L5,0.8)*$A36) -> 0 | ... AM36: =IF(AM10="","",-MIN(AM10,AM5,0.8)*$A36) | AO36: =AO25 -> ELE,CHP | AP36: =AP25 -> ???nuc | AR36: -CO2Cap*
B37: =B26 -> UCE_utilization_oil_\I: LO | C37: =C26 -> \I: LO | D37: =D26+7 -> 2030 | E37: =IF(E11="","",-MIN(E11,E6,0.8)*$A37) -> 0 | F37: =IF(F11="","",-MIN(F11,F6,0.8)*$A37) -> 0 | G37: =IF(G11="","",-MIN(G11,G6,0.8)*$A37) -> 0 | H37: =IF(H11="","",-MIN(H11,H6,0.8)*$A37) -> 0 | I37: =IF(I11="","",-MIN(I11,I6,0.8)*$A37) -> 0 | J37: =IF(J11="","",-MIN(J11,J6,0.8)*$A37) -> 0 | K37: =IF(K11="","",-MIN(K11,K6,0.8)*$A37) -> 0 | L37: =IF(L11="","",-MIN(L11,L6,0.8)*$A37) -> 0 | ... AM37: =IF(AM11="","",-MIN(AM11,AM6,0.8)*$A37) -> 0 | AO37: =AO26 -> ELE,CHP | AP37: =AP26 -> ???oil* | AR37: -CO2Cap*
B38: =B27 -> UCE_utilization_bioenergy_UP | C38: =C27 -> UP | D38: =D27+7 -> 2030 | E38: =IF(E12="","",-E12) -> -0.057 | F38: =IF(F12="","",-F12) -> -0.287 | G38: =IF(G12="","",-G12) -> -0.506 | H38: =IF(H12="","",-H12) -> -0.564 | I38: =IF(I12="","",-I12) -> -0.842 | J38: =IF(J12="","",-J12) -> -0.95 | K38: =IF(K12="","",-K12) -> -0.436 | L38: =IF(L12="","",-L12) -> -0.95 | ... AM38: =IF(AM12="","",-AM12) -> -0.95 | AO38: =AO27 -> ELE,CHP | AP38: =AP27 -> elcbsl,indbio | AR38: -CO2Cap*
B39: =B28 -> UCE_utilization_coal_UP | C39: =C28 -> UP | D39: =D28+7 -> 2030 | E39: =IF(E13="","",-E13) -> -0.777 | F39: =IF(F13="","",-F13) -> -0.47 | G39: =IF(G13="","",-G13) -> -0.724 | H39: =IF(H13="","",-H13) -> -0.95 | I39: =IF(I13="","",-I13) -> -0.95 | J39: =IF(J13="","",-J13) -> -0.95 | K39: =IF(K13="","",-K13) -> -0.922 | L39: =IF(L13="","",-L13) -> -0.587 | ... AM39: =IF(AM13="","",-AM13) -> -0.695 | AO39: =AO28 -> ELE,CHP | AP39: =AP28 -> ???coa,elccob | AR39: -CO2Cap*
A40: 0.8 | B40: =B29 -> UCE_utilization_gas_UP | C40: =C29 -> UP | D40: =D29+7 -> 2030 | E40: =-$A40 -> -0.8 | F40: =-$A40 -> -0.8 | G40: =-$A40 -> -0.8 | H40: =-$A40 -> -0.8 | I40: =-$A40 -> -0.8 | J40: =-$A40 -> -0.8 | K40: =-$A40 -> -0.8 | L40: =-$A40 -> -0.8 | ... AM40: =-$A40 -> -0.8 | AO40: =AO29 -> ELE,CHP | AP40: =AP29 -> ???nga | AR40: -CO2Cap*
A41: 0.95 | B41: =B30 -> UCE_utilization_nuclear_UP | C41: =C30 -> UP | D41: =D30+7 -> 2030 | E41: =-$A41 -> -0.95 | F41: =-$A41 -> -0.95 | G41: =-$A41 -> -0.95 | H41: =-$A41 -> -0.95 | I41: =-$A41 -> -0.95 | J41: =-$A41 -> -0.95 | K41: =-$A41 -> -0.95 | L41: =-$A41 -> -0.95 | ... AM41: =-$A41 -> -0.95 | AO41: =AO30 -> ELE,CHP | AP41: =AP30 -> ???nuc | AR41: -CO2Cap*
A42: 0.8 | B42: =B31 -> UCE_utilization_oil_UP | C42: =C31 -> UP | D42: =D31+7 -> 2030 | E42: =-$A42 -> -0.8 | F42: =-$A42 -> -0.8 | G42: =-$A42 -> -0.8 | H42: =-$A42 -> -0.8 | I42: =-$A42 -> -0.8 | J42: =-$A42 -> -0.8 | K42: =-$A42 -> -0.8 | L42: =-$A42 -> -0.8 | ... AM42: =-$A42 -> -0.8 | AO42: =AO31 -> ELE,CHP | AP42: =AP31 -> ???oil* | AR42: -CO2Cap*

Sheet Build Rates
C1: bound | D1: tech | E1: Africa_North | F1: Africa_Other | G1: Australia | H1: Austria | I1: Baltics | J1: BeNeLux | K1: Brazil | L1: China | M1: CroSloven | N1: CzechSlovak | O1: France | P1: Germany | Q1: GreeceCyp | R1: HunRomBul | S1: India | T1: Ireland | U1: ItalyMal | V1: Japan | W1: LatAm | X1: MidEast | Y1: NorthAm | Z1: Norway | AA1: Poland | AB1: ROW | AC1: Russia | AD1: SaudiArabia | AE1: SouthAfrica | AF1: SpainPor | AG1: SweFinDen | AH1: Switzerland | AI1: Turkey | AJ1: UK | AK1: WestBalkans
C2: Low | D2: Hydro | E2: 0.2 | F2: 4.2 | G2: 0.2 | H2: 0.1 | I2: 0 | J2: 0 | K2: 3 | L2: 8 | M2: 0.1 | N2: 0 | O2: 0.2 | P2: 0 | Q2: 0 | R2: 0.2 | S2: 3 | T2: 0 | U2: 0.1 | V2: 0.2 | W2: 3.2 | X2: 0.1 | Y2: 4.5 | Z2: 0.2 | AA2: 0 | AB2: 7.4 | AC2: 0.5 | AD2: 0 | AE2: 0 | AF2: 0.2 | AG2: 0.2 | AH2: 0.1 | AI2: 1.5 | AJ2: 0.1 | AK2: 0.1
C3: Low | D3: Nuclear | E3: 2 | F3: 0 | G3: 0 | H3: 0 | I3: 0 | J3: 0 | K3: 1 | L3: 10 | M3: 0 | N3: 2 | O3: 2 | P3: 0 | Q3: 0 | R3: 2 | S3: 3 | T3: 0 | U3: 0 | V3: 2 | W3: 1 | X3: 3 | Y3: 5 | Z3: 1 | AA3: 2 | AB3: 9 | AC3: 3 | AD3: 2 | AE3: 0 | AF3: 0 | AG3: 2 | AH3: 0 | AI3: 2 | AJ3: 2 | AK3: 0
C4: Low | D4: Solar | E4: 19 | F4: 27 | G4: 20 | H4: 3 | I4: 1 | J4: 7 | K4: 25 | L4: 120 | M4: 2 | N4: 5 | O4: 12 | P4: 15 | Q4: 3.6 | R4: 9 | S4: 80 | T4: 2 | U4: 10 | V4: 25 | W4: 31.8 | X4: 20.8 | Y4: 107 | Z4: 4 | AA4: 8 | AB4: 90 | AC4: 16 | AD4: 15 | AE4: 4 | AF4: 13 | AG4: 9 | AH4: 3 | AI4: 12 | AJ4: 10 | AK4: 1
C5: Low | D5: Wind | E5: 9.8 | F5: 12.1 | G5: 12 | H5: 2 | I5: 1 | J5: 6 | K5: 15 | L5: 60 | M5: 1.5 | N5: 3 | O5: 8 | P5: 8 | Q5: 2.3 | R5: 6 | S5: 30 | T5: 2 | U5: 6 | V5: 10 | W5: 17.8 | X5: 8.3 | Y5: 48 | Z5: 4 | AA5: 5 | AB5: 42.6 | AC5: 8.8 | AD5: 5 | AE5: 2 | AF5: 8 | AG5: 10 | AH5: 2 | AI5: 6 | AJ5: 8 | AK5: 0.8
C6: High | D6: Hydro | E6: 0.4 | F6: 7.3 | G6: 0.5 | H6: 0.2 | I6: 0 | J6: 0 | K6: 5 | L6: 15 | M6: 0.2 | N6: 0.1 | O6: 0.5 | P6: 0.1 | Q6: 0.1 | R6: 0.3 | S6: 6 | T6: 0 | U6: 0.3 | V6: 0.5 | W6: 6.2 | X6: 0.2 | Y6: 9 | Z6: 0.4 | AA6: 0.1 | AB6: 14.2 | AC6: 1.5 | AD6: 0 | AE6: 0.1 | AF6: 0.5 | AG6: 0.5 | AH6: 0.2 | AI6: 3 | AJ6: 0.3 | AK6: 0.2
C7: High | D7: Nuclear | E7: 5 | F7: 1 | G7: 1 | H7: 0 | I7: 0 | J7: 2 | K7: 3 | L7: 20 | M7: 0 | N7: 4 | O7: 4 | P7: 0.5 | Q7: 0 | R7: 5 | S7: 6 | T7: 0 | U7: 0 | V7: 4 | W7: 2 | X7: 5 | Y7: 11 | Z7: 2 | AA7: 4 | AB7: 20 | AC7: 7 | AD7: 4 | AE7: 2 | AF7: 0 | AG7: 4 | AH7: 0 | AI7: 4 | AJ7: 4 | AK7: 0
C8: High | D8: Solar | E8: 36 | F8: 48.5 | G8: 35 | H8: 5 | I8: 2 | J8: 14 | K8: 50 | L8: 250 | M8: 3.5 | N8: 9 | O8: 20 | P8: 25 | Q8: 7 | R8: 17 | S8: 150 | T8: 4 | U8: 18 | V8: 40 | W8: 60 | X8: 41.5 | Y8: 195 | Z8: 8 | AA8: 15 | AB8: 172 | AC8: 32 | AD8: 30 | AE8: 10 | AF8: 24 | AG8: 17 | AH8: 5 | AI8: 20 | AJ8: 18 | AK8: 2
C9: High | D9: Wind | E9: 19.5 | F9: 22.1 | G9: 20 | H9: 3 | I9: 1.5 | J9: 12 | K9: 25 | L9: 100 | M9: 2.3 | N9: 5 | O9: 12 | P9: 15 | Q9: 4.5 | R9: 10 | S9: 60 | T9: 4 | U9: 10 | V9: 18 | W9: 34.6 | X9: 16.5 | Y9: 90 | Z9: 8 | AA9: 10 | AB9: 82.3 | AC9: 16.5 | AD9: 10 | AE9: 5 | AF9: 14 | AG9: 19 | AH9: 3 | AI9: 10 | AJ9: 15 | AK9: 1.5
A12: ~UC_Sets: R_E: AllRegions
A14: ~UC_T: uc_rhsrt
A15: uc_n | B15: pset_ci | C15: year | D15: uc_ncap | E15: =E1 -> Africa_North | F15: =F1 -> Africa_Other | G15: =G1 -> Australia | H15: =H1 -> Austria | I15: =I1 -> Baltics | J15: =J1 -> BeNeLux | K15: =K1 -> Brazil | L15: =L1 -> China | ... AK15: =AK1 -> WestBalkans | AL15: uc_attr | AM15: 0
A16: uce_buildrate_hydro | B16: ELCHYD | C16: 2025 | D16: 1 | E16: =E2 -> 0.2 | F16: =F2 -> 4.2 | G16: =G2 -> 0.2 | H16: =H2 -> 0.1 | I16: =I2 -> 0 | J16: =J2 -> 0 | K16: =K2 -> 3 | L16: =L2 -> 8 | ... AK16: =AK2 -> 0.1 | AL16: ncap,buildup | AM16: 3
A17: uce_buildrate_nuclear | B17: ELCNUC | C17: 2025 | D17: 1 | E17: =E3 -> 2 | F17: =F3 -> 0 | G17: =G3 -> 0 | H17: =H3 -> 0 | I17: =I3 -> 0 | J17: =J3 -> 0 | K17: =K3 -> 1 | L17: =L3 -> 10 | ... AK17: =AK3 -> 0 | AL17: ncap,buildup | AM17: 3
A18: uce_buildrate_solar | B18: ELCSPV | C18: 2025 | D18: 1 | E18: =E4 -> 19 | F18: =F4 -> 27 | G18: =G4 -> 20 | H18: =H4 -> 3 | I18: =I4 -> 1 | J18: =J4 -> 7 | K18: =K4 -> 25 | L18: =L4 -> 120 | ... AK18: =AK4 -> 1 | AL18: ncap,buildup | AM18: 3
A19: uce_buildrate_wind | B19: ELCWIN | C19: 2025 | D19: 1 | E19: =E5 -> 9.8 | F19: =F5 -> 12.1 | G19: =G5 -> 12 | H19: =H5 -> 2 | I19: =I5 -> 1 | J19: =J5 -> 6 | K19: =K5 -> 15 | L19: =L5 -> 60 | ... AK19: =AK5 -> 0.8 | AL19: ncap,buildup | AM19: 3
A20: =A16 -> uce_buildrate_hydro | C20: 2050 | E20: =E6 -> 0.4 | F20: =F6 -> 7.3 | G20: =G6 -> 0.5 | H20: =H6 -> 0.2 | I20: =I6 -> 0 | J20: =J6 -> 0 | K20: =K6 -> 5 | L20: =L6 -> 15 | ... AK20: =AK6 -> 0.2
A21: =A17 -> uce_buildrate_nuclear | C21: 2050 | E21: =E7 -> 5 | F21: =F7 -> 1 | G21: =G7 -> 1 | H21: =H7 -> 0 | I21: =I7 -> 0 | J21: =J7 -> 2 | K21: =K7 -> 3 | L21: =L7 -> 20 | ... AK21: =AK7 -> 0
A22: =A18 -> uce_buildrate_solar | C22: 2050 | E22: =E8 -> 36 | F22: =F8 -> 48.5 | G22: =G8 -> 35 | H22: =H8 -> 5 | I22: =I8 -> 2 | J22: =J8 -> 14 | K22: =K8 -> 50 | L22: =L8 -> 250 | ... AK22: =AK8 -> 2
A23: =A19 -> uce_buildrate_wind | C23: 2050 | E23: =E9 -> 19.5 | F23: =F9 -> 22.1 | G23: =G9 -> 20 | H23: =H9 -> 3 | I23: =I9 -> 1.5 | J23: =J9 -> 12 | K23: =K9 -> 25 | L23: =L9 -> 100 | ... AK23: =AK9 -> 1.5

Sheet Grid ext UCs
D1: ~UC_SETS: R_S: AllRegions
D3: ~UC_T: UC_RHST~UP | K3: ~UC_T
B4: UC_N | C4: PSET_CI | D4: PSET_PN | E4: UC_FLO~ELC | F4: UC_RHST~0 | G4: 2030 | J4: UC_N | K4: PSET_PN | L4: UC_ACT | M4: UC_Desc
B5: ="UC_CountryLev_RE_Steps-"&'Grid ext bounds'!A5 -> UC_CountryLev_RE_Steps-AFG | C5: ELCSPV,ELCWIN | D5: ="*"&'Grid ext bounds'!A5&"*,-*BySt*" -> *AFG*,-*BySt* | E5: 1 | F5: 0 | G5: 0 | J5: =B5 -> UC_CountryLev_RE_Steps-AFG | K5: =LEFT('Grid ext bounds'!E5,14)&"*" -> NatGrdExt_AFG_* | L5: -1 | M5: ="Grid expansion penalties for solar/wind generation - "&'Grid ext bounds'!B5 -> Grid expansion penalties for solar/wind generation - Afghanistan
B6: ="UC_CountryLev_RE_Steps-"&'Grid ext bounds'!A6 -> UC_CountryLev_RE_Steps-AGO | C6: ELCSPV,ELCWIN | D6: ="*"&'Grid ext bounds'!A6&"*,-*BySt*" -> *AGO*,-*BySt* | E6: 1 | F6: 3 | G6: 0 | J6: =B6 -> UC_CountryLev_RE_Steps-AGO | K6: =LEFT('Grid ext bounds'!E6,14)&"*" -> NatGrdExt_AGO_* | L6: -1 | M6: ="Grid expansion penalties for solar/wind generation - "&'Grid ext bounds'!B6 -> Grid expansion penalties for solar/wind generation - Angola
B7: ="UC_CountryLev_RE_Steps-"&'Grid ext bounds'!A7 -> UC_CountryLev_RE_Steps-ALB | C7: ELCSPV,ELCWIN | D7: ="*"&'Grid ext bounds'!A7&"*,-*BySt*" -> *ALB*,-*BySt* | E7: 1 | F7: 3 | G7: 0 | J7: =B7 -> UC_CountryLev_RE_Steps-ALB | K7: =LEFT('Grid ext bounds'!E7,14)&"*" -> NatGrdExt_ALB_* | L7: -1 | M7: ="Grid expansion penalties for solar/wind generation - "&'Grid ext bounds'!B7 -> Grid expansion penalties for solar/wind generation - Albania
B8: ="UC_CountryLev_RE_Steps-"&'Grid ext bounds'!A8 -> UC_CountryLev_RE_Steps-ARE | C8: ELCSPV,ELCWIN | D8: ="*"&'Grid ext bounds'!A8&"*,-*BySt*" -> *ARE*,-*BySt* | E8: 1 | F8: 3 | G8: 0 | J8: =B8 -> UC_CountryLev_RE_Steps-ARE | K8: =LEFT('Grid ext bounds'!E8,14)&"*" -> NatGrdExt_ARE_* | L8: -1 | M8: ="Grid expansion penalties for solar/wind generation - "&'Grid ext bounds'!B8 -> Grid expansion penalties for solar/wind generation - United Arab Emirates
B9: ="UC_CountryLev_RE_Steps-"&'Grid ext bounds'!A9 -> UC_CountryLev_RE_Steps-ARG | C9: ELCSPV,ELCWIN | D9: ="*"&'Grid ext bounds'!A9&"*,-*BySt*" -> *ARG*,-*BySt* | E9: 1 | F9: 3 | G9: 0 | J9: =B9 -> UC_CountryLev_RE_Steps-ARG | K9: =LEFT('Grid ext bounds'!E9,14)&"*" -> NatGrdExt_ARG_* | L9: -1 | M9: ="Grid expansion penalties for solar/wind generation - "&'Grid ext bounds'!B9 -> Grid expansion penalties for solar/wind generation - Argentina
B10: ="UC_CountryLev_RE_Steps-"&'Grid ext bounds'!A10 -> UC_CountryLev_RE_Steps-ARM | C10: ELCSPV,ELCWIN | D10: ="*"&'Grid ext bounds'!A10&"*,-*BySt*" -> *ARM*,-*BySt* | E10: 1 | F10: 3 | G10: 0 | J10: =B10 -> UC_CountryLev_RE_Steps-ARM | K10: =LEFT('Grid ext bounds'!E10,14)&"*" -> NatGrdExt_ARM_* | L10: -1 | M10: ="Grid expansion penalties for solar/wind generation - "&'Grid ext bounds'!B10 -> Grid expansion penalties for solar/wind generation - Armenia
B11: ="UC_CountryLev_RE_Steps-"&'Grid ext bounds'!A11 -> UC_CountryLev_RE_Steps-ATG | C11: ELCSPV,ELCWIN | D11: ="*"&'Grid ext bounds'!A11&"*,-*BySt*" -> *ATG*,-*BySt* | E11: 1 | F11: 3 | G11: 0 | J11: =B11 -> UC_CountryLev_RE_Steps-ATG | K11: =LEFT('Grid ext bounds'!E11,14)&"*" -> NatGrdExt_ATG_* | L11: -1 | M11: ="Grid expansion penalties for solar/wind generation - "&'Grid ext bounds'!B11 -> Grid expansion penalties for solar/wind generation - Antigua and Barbuda
B12: ="UC_CountryLev_RE_Steps-"&'Grid ext bounds'!A12 -> UC_CountryLev_RE_Steps-AUS | C12: ELCSPV,ELCWIN | D12: ="*"&'Grid ext bounds'!A12&"*,-*BySt*" -> *AUS*,-*BySt* | E12: 1 | F12: 3 | G12: 0 | J12: =B12 -> UC_CountryLev_RE_Steps-AUS | K12: =LEFT('Grid ext bounds'!E12,14)&"*" -> NatGrdExt_AUS_* | L12: -1 | M12: ="Grid expansion penalties for solar/wind generation - "&'Grid ext bounds'!B12 -> Grid expansion penalties for solar/wind generation - Australia
B13: ="UC_CountryLev_RE_Steps-"&'Grid ext bounds'!A13 -> UC_CountryLev_RE_Steps-AUT | C13: ELCSPV,ELCWIN | D13: ="*"&'Grid ext bounds'!A13&"*,-*BySt*" -> *AUT*,-*BySt* | E13: 1 | F13: 3 | G13: 0 | J13: =B13 -> UC_CountryLev_RE_Steps-AUT | K13: =LEFT('Grid ext bounds'!E13,14)&"*" -> NatGrdExt_AUT_* | L13: -1 | M13: ="Grid expansion penalties for solar/wind generation - "&'Grid ext bounds'!B13 -> Grid expansion penalties for solar/wind generation - Austria
B14: ="UC_CountryLev_RE_Steps-"&'Grid ext bounds'!A14 -> UC_CountryLev_RE_Steps-AZE | C14: ELCSPV,ELCWIN | D14: ="*"&'Grid ext bounds'!A14&"*,-*BySt*" -> *AZE*,-*BySt* | E14: 1 | F14: 3 | G14: 0 | J14: =B14 -> UC_CountryLev_RE_Steps-AZE | K14: =LEFT('Grid ext bounds'!E14,14)&"*" -> NatGrdExt_AZE_* | L14: -1 | M14: ="Grid expansion penalties for solar/wind generation - "&'Grid ext bounds'!B14 -> Grid expansion penalties for solar/wind generation - Azerbaijan
B15: ="UC_CountryLev_RE_Steps-"&'Grid ext bounds'!A15 -> UC_CountryLev_RE_Steps-BDI | C15: ELCSPV,ELCWIN | D15: ="*"&'Grid ext bounds'!A15&"*,-*BySt*" -> *BDI*,-*BySt* | E15: 1 | F15: 3 | G15: 0 | J15: =B15 -> UC_CountryLev_RE_Steps-BDI | K15: =LEFT('Grid ext bounds'!E15,14)&"*" -> NatGrdExt_BDI_* | L15: -1 | M15: ="Grid expansion penalties for solar/wind generation - "&'Grid ext bounds'!B15 -> Grid expansion penalties for solar/wind generation - Burundi
B16: ="UC_CountryLev_RE_Steps-"&'Grid ext bounds'!A16 -> UC_CountryLev_RE_Steps-BEL | C16: ELCSPV,ELCWIN | D16: ="*"&'Grid ext bounds'!A16&"*,-*BySt*" -> *BEL*,-*BySt* | E16: 1 | F16: 3 | G16: 0 | J16: =B16 -> UC_CountryLev_RE_Steps-BEL | K16: =LEFT('Grid ext bounds'!E16,14)&"*" -> NatGrdExt_BEL_* | L16: -1 | M16: ="Grid expansion penalties for solar/wind generation - "&'Grid ext bounds'!B16 -> Grid expansion penalties for solar/wind generation - Belgium
... B172: ="UC_CountryLev_RE_Steps-"&'Grid ext bounds'!A172 -> UC_CountryLev_RE_Steps-ZWE | C172: ELCSPV,ELCWIN | D172: ="*"&'Grid ext bounds'!A172&"*,-*BySt*" -> *ZWE*,-*BySt* | E172: 1 | F172: 3 | G172: 0 | J172: =B172 -> UC_CountryLev_RE_Steps-ZWE | K172: =LEFT('Grid ext bounds'!E172,14)&"*" -> NatGrdExt_ZWE_* | L172: -1 | M172: ="Grid expansion penalties for solar/wind generation - "&'Grid ext bounds'!B172 -> Grid expansion penalties for solar/wind generation - Zimbabwe

Sheet Grid ext bounds
Z1: =SUM(Z5:Z14) -> 3.1
A3: Countries in REZoning data | E3: ~TFM_DINS-TS: attribute=CAP_BND; limtype=UP | Q3: SSP3
A4: RegionCode | B4: RegionName | E4: process | F4: 2025 | G4: 2030 | H4: 2040 | I4: 2050 | J4: 2060 | K4: 2070 | L4: 2080 | M4: 2090 | N4: 2095 | O4: 0 | R4: ISO | S4: Year | T4: SSP1 | U4: SSP2 | V4: SSP3 | Y4: step | Z4: share
A5: AFG | B5: Afghanistan | C5: 1 | E5: ="NatGrdExt_"&A5&"_"&C5 -> NatGrdExt_AFG_1 | F5: =SUMIFS($Q$5:$Q$19999,$R$5:$R$19999,RIGHT($A5,3),$S$5:$S$19999,F$4)*VLOOKUP($C5,$Y$5:$Z$15,2,FALSE)/8.76+SUMIF($Y$5:$Y$15,$C5,$AA$5:$AA$15) -> 2.1962329 | G5: =MAX(F5,SUMIFS($Q$5:$Q$19999,$R$5:$R$19999,RIGHT($A5,3),$S$5:$S$19999,G$4)*VLOOKUP($C5,$Y$5:$Z$15,2,FALSE)/8.76)+SUMIF($Y$5:$Y$15,$C5,$AA$5:$AA$15) -> 2.9791952 | H5: =MAX(G5,SUMIFS($Q$5:$Q$19999,$R$5:$R$19999,RIGHT($A5,3),$S$5:$S$19999,H$4)*VLOOKUP($C5,$Y$5:$Z$15,2,FALSE)/8.76)+SUMIF($Y$5:$Y$15,$C5,$AA$5:$AA$15) -> 5.3956336 | I5: =MAX(H5,SUMIFS($Q$5:$Q$19999,$R$5:$R$19999,RIGHT($A5,3),$S$5:$S$19999,I$4)*VLOOKUP($C5,$Y$5:$Z$15,2,FALSE)/8.76)+SUMIF($Y$5:$Y$15,$C5,$AA$5:$AA$15) -> 9.1493151 | J5: =MAX(I5,SUMIFS($Q$5:$Q$19999,$R$5:$R$19999,RIGHT($A5,3),$S$5:$S$19999,J$4)*VLOOKUP($C5,$Y$5:$Z$15,2,FALSE)/8.76)+SUMIF($Y$5:$Y$15,$C5,$AA$5:$AA$15) -> 14.567979 | K5: =MAX(J5,SUMIFS($Q$5:$Q$19999,$R$5:$R$19999,RIGHT($A5,3),$S$5:$S$19999,K$4)*VLOOKUP($C5,$Y$5:$Z$15,2,FALSE)/8.76)+SUMIF($Y$5:$Y$15,$C5,$AA$5:$AA$15) -> 21.573202 | L5: =MAX(K5,SUMIFS($Q$5:$Q$19999,$R$5:$R$19999,RIGHT($A5,3),$S$5:$S$19999,L$4)*VLOOKUP($C5,$Y$5:$Z$15,2,FALSE)/8.76)+SUMIF($Y$5:$Y$15,$C5,$AA$5:$AA$15) -> 29.858219 | M5: =MAX(L5,SUMIFS($Q$5:$Q$19999,$R$5:$R$19999,RIGHT($A5,3),$S$5:$S$19999,M$4)*VLOOKUP($C5,$Y$5:$Z$15,2,FALSE)/8.76)+SUMIF($Y$5:$Y$15,$C5,$AA$5:$AA$15) -> 38.919435 | N5: =MAX(M5,SUMIFS($Q$5:$Q$19999,$R$5:$R$19999,RIGHT($A5,3),$S$5:$S$19999,N$4)*VLOOKUP($C5,$Y$5:$Z$15,2,FALSE)/8.76)+SUMIF($Y$5:$Y$15,$C5,$AA$5:$AA$15) -> 43.482705 | O5: 3 | Q5: =OFFSET(S5,0,MATCH($Q$3,$T$4:$V$4,0)) -> 0.601 | R5: ABW | S5: 2020 | T5: 0.601 | U5: 0.601 | V5: 0.601 | Y5: 1 | Z5: 0.75
A6: AGO | B6: Angola | C6: 1 | E6: ="NatGrdExt_"&A6&"_"&C6 -> NatGrdExt_AGO_1 | F6: =SUMIFS($Q$5:$Q$19999,$R$5:$R$19999,RIGHT($A6,3),$S$5:$S$19999,F$4)*VLOOKUP($C6,$Y$5:$Z$15,2,FALSE)/8.76+SUMIF($Y$5:$Y$15,$C6,$AA$5:$AA$15) -> 2.2505137 | G6: =MAX(F6,SUMIFS($Q$5:$Q$19999,$R$5:$R$19999,RIGHT($A6,3),$S$5:$S$19999,G$4)*VLOOKUP($C6,$Y$5:$Z$15,2,FALSE)/8.76)+SUMIF($Y$5:$Y$15,$C6,$AA$5:$AA$15) -> 3.8337329 | H6: =MAX(G6,SUMIFS($Q$5:$Q$19999,$R$5:$R$19999,RIGHT($A6,3),$S$5:$S$19999,H$4)*VLOOKUP($C6,$Y$5:$Z$15,2,FALSE)/8.76)+SUMIF($Y$5:$Y$15,$C6,$AA$5:$AA$15) -> 10.308048 | I6: =MAX(H6,SUMIFS($Q$5:$Q$19999,$R$5:$R$19999,RIGHT($A6,3),$S$5:$S$19999,I$4)*VLOOKUP($C6,$Y$5:$Z$15,2,FALSE)/8.76)+SUMIF($Y$5:$Y$15,$C6,$AA$5:$AA$15) -> 24.394949 | J6: =MAX(I6,SUMIFS($Q$5:$Q$19999,$R$5:$R$19999,RIGHT($A6,3),$S$5:$S$19999,J$4)*VLOOKUP($C6,$Y$5:$Z$15,2,FALSE)/8.76)+SUMIF($Y$5:$Y$15,$C6,$AA$5:$AA$15) -> 48.613442 | K6: =MAX(J6,SUMIFS($Q$5:$Q$19999,$R$5:$R$19999,RIGHT($A6,3),$S$5:$S$19999,K$4)*VLOOKUP($C6,$Y$5:$Z$15,2,FALSE)/8.76)+SUMIF($Y$5:$Y$15,$C6,$AA$5:$AA$15) -> 79.426884 | L6: =MAX(K6,SUMIFS($Q$5:$Q$19999,$R$5:$R$19999,RIGHT($A6,3),$S$5:$S$19999,L$4)*VLOOKUP($C6,$Y$5:$Z$15,2,FALSE)/8.76)+SUMIF($Y$5:$Y$15,$C6,$AA$5:$AA$15) -> 108.40668 | M6: =MAX(L6,SUMIFS($Q$5:$Q$19999,$R$5:$R$19999,RIGHT($A6,3),$S$5:$S$19999,M$4)*VLOOKUP($C6,$Y$5:$Z$15,2,FALSE)/8.76)+SUMIF($Y$5:$Y$15,$C6,$AA$5:$AA$15) -> 130.19264 | N6: =MAX(M6,SUMIFS($Q$5:$Q$19999,$R$5:$R$19999,RIGHT($A6,3),$S$5:$S$19999,N$4)*VLOOKUP($C6,$Y$5:$Z$15,2,FALSE)/8.76)+SUMIF($Y$5:$Y$15,$C6,$AA$5:$AA$15) -> 138.19092 | O6: 3 | Q6: =OFFSET(S6,0,MATCH($Q$3,$T$4:$V$4,0)) -> 0.605 | R6: ABW | S6: 2021 | T6: 0.605 | U6: 0.605 | V6: 0.605 | Y6: 2 | Z6: 0.2
A7: ALB | B7: Albania | C7: 1 | E7: ="NatGrdExt_"&A7&"_"&C7 -> NatGrdExt_ALB_1 | F7: =SUMIFS($Q$5:$Q$19999,$R$5:$R$19999,RIGHT($A7,3),$S$5:$S$19999,F$4)*VLOOKUP($C7,$Y$5:$Z$15,2,FALSE)/8.76+SUMIF($Y$5:$Y$15,$C7,$AA$5:$AA$15) -> 0.89554795 | G7: =MAX(F7,SUMIFS($Q$5:$Q$19999,$R$5:$R$19999,RIGHT($A7,3),$S$5:$S$19999,G$4)*VLOOKUP($C7,$Y$5:$Z$15,2,FALSE)/8.76)+SUMIF($Y$5:$Y$15,$C7,$AA$5:$AA$15) -> 1.0858733 | H7: =MAX(G7,SUMIFS($Q$5:$Q$19999,$R$5:$R$19999,RIGHT($A7,3),$S$5:$S$19999,H$4)*VLOOKUP($C7,$Y$5:$Z$15,2,FALSE)/8.76)+SUMIF($Y$5:$Y$15,$C7,$AA$5:$AA$15) -> 1.4972603 | I7: =MAX(H7,SUMIFS($Q$5:$Q$19999,$R$5:$R$19999,RIGHT($A7,3),$S$5:$S$19999,I$4)*VLOOKUP($C7,$Y$5:$Z$15,2,FALSE)/8.76)+SUMIF($Y$5:$Y$15,$C7,$AA$5:$AA$15) -> 1.9228596 | J7: =MAX(I7,SUMIFS($Q$5:$Q$19999,$R$5:$R$19999,RIGHT($A7,3),$S$5:$S$19999,J$4)*VLOOKUP($C7,$Y$5:$Z$15,2,FALSE)/8.76)+SUMIF($Y$5:$Y$15,$C7,$AA$5:$AA$15) -> 2.3329623 | K7: =MAX(J7,SUMIFS($Q$5:$Q$19999,$R$5:$R$19999,RIGHT($A7,3),$S$5:$S$19999,K$4)*VLOOKUP($C7,$Y$5:$Z$15,2,FALSE)/8.76)+SUMIF($Y$5:$Y$15,$C7,$AA$5:$AA$15) -> 2.6559075 | L7: =MAX(K7,SUMIFS($Q$5:$Q$19999,$R$5:$R$19999,RIGHT($A7,3),$S$5:$S$19999,L$4)*VLOOKUP($C7,$Y$5:$Z$15,2,FALSE)/8.76)+SUMIF($Y$5:$Y$15,$C7,$AA$5:$AA$15) -> 2.897774 | M7: =MAX(L7,SUMIFS($Q$5:$Q$19999,$R$5:$R$19999,RIGHT($A7,3),$S$5:$S$19999,M$4)*VLOOKUP($C7,$Y$5:$Z$15,2,FALSE)/8.76)+SUMIF($Y$5:$Y$15,$C7,$AA$5:$AA$15) -> 3.0668664 | N7: =MAX(M7,SUMIFS($Q$5:$Q$19999,$R$5:$R$19999,RIGHT($A7,3),$S$5:$S$19999,N$4)*VLOOKUP($C7,$Y$5:$Z$15,2,FALSE)/8.76)+SUMIF($Y$5:$Y$15,$C7,$AA$5:$AA$15) -> 3.136387 | O7: 3 | Q7: =OFFSET(S7,0,MATCH($Q$3,$T$4:$V$4,0)) -> 0.612 | R7: ABW | S7: 2022 | T7: 0.612 | U7: 0.612 | V7: 0.612 | Y7: 3 | Z7: =Z6+0.05 -> 0.25
A8: ARE | B8: United Arab Emirates | C8: 1 | E8: ="NatGrdExt_"&A8&"_"&C8 -> NatGrdExt_ARE_1 | F8: =SUMIFS($Q$5:$Q$19999,$R$5:$R$19999,RIGHT($A8,3),$S$5:$S$19999,F$4)*VLOOKUP($C8,$Y$5:$Z$15,2,FALSE)/8.76+SUMIF($Y$5:$Y$15,$C8,$AA$5:$AA$15) -> 9.6818493 | G8: =MAX(F8,SUMIFS($Q$5:$Q$19999,$R$5:$R$19999,RIGHT($A8,3),$S$5:$S$19999,G$4)*VLOOKUP($C8,$Y$5:$Z$15,2,FALSE)/8.76)+SUMIF($Y$5:$Y$15,$C8,$AA$5:$AA$15) -> 9.6818493 | H8: =MAX(G8,SUMIFS($Q$5:$Q$19999,$R$5:$R$19999,RIGHT($A8,3),$S$5:$S$19999,H$4)*VLOOKUP($C8,$Y$5:$Z$15,2,FALSE)/8.76)+SUMIF($Y$5:$Y$15,$C8,$AA$5:$AA$15) -> 10.18887 | I8: =MAX(H8,SUMIFS($Q$5:$Q$19999,$R$5:$R$19999,RIGHT($A8,3),$S$5:$S$19999,I$4)*VLOOKUP($C8,$Y$5:$Z$15,2,FALSE)/8.76)+SUMIF($Y$5:$Y$15,$C8,$AA$5:$AA$15) -> 10.18887 | J8: =MAX(I8,SUMIFS($Q$5:$Q$19999,$R$5:$R$19999,RIGHT($A8,3),$S$5:$S$19999,J$4)*VLOOKUP($C8,$Y$5:$Z$15,2,FALSE)/8.76)+SUMIF($Y$5:$Y$15,$C8,$AA$5:$AA$15) -> 10.18887 | K8: =MAX(J8,SUMIFS($Q$5:$Q$19999,$R$5:$R$19999,RIGHT($A8,3),$S$5:$S$19999,K$4)*VLOOKUP($C8,$Y$5:$Z$15,2,FALSE)/8.76)+SUMIF($Y$5:$Y$15,$C8,$AA$5:$AA$15) -> 10.18887 | L8: =MAX(K8,SUMIFS($Q$5:$Q$19999,$R$5:$R$19999,RIGHT($A8,3),$S$5:$S$19999,L$4)*VLOOKUP($C8,$Y$5:$Z$15,2,FALSE)/8.76)+SUMIF($Y$5:$Y$15,$C8,$AA$5:$AA$15) -> 10.18887 | M8: =MAX(L8,SUMIFS($Q$5:$Q$19999,$R$5:$R$19999,RIGHT($A8,3),$S$5:$S$19999,M$4)*VLOOKUP($C8,$Y$5:$Z$15,2,FALSE)/8.76)+SUMIF($Y$5:$Y$15,$C8,$AA$5:$AA$15) -> 10.18887 | N8: =MAX(M8,SUMIFS($Q$5:$Q$19999,$R$5:$R$19999,RIGHT($A8,3),$S$5:$S$19999,N$4)*VLOOKUP($C8,$Y$5:$Z$15,2,FALSE)/8.76)+SUMIF($Y$5:$Y$15,$C8,$AA$5:$AA$15) -> 10.18887 | O8: 3 | Q8: =OFFSET(S8,0,MATCH($Q$3,$T$4:$V$4,0)) -> 0.614 | R8: ABW | S8: 2023 | T8: 0.614 | U8: 0.614 | V8: 0.614 | Y8: 4 | Z8: =Z7+0.05 -> 0.3
A9: ARG | B9: Argentina | C9: 1 | E9: ="NatGrdExt_"&A9&"_"&C9 -> NatGrdExt_ARG_1 | F9: =SUMIFS($Q$5:$Q$19999,$R$5:$R$19999,RIGHT($A9,3),$S$5:$S$19999,F$4)*VLOOKUP($C9,$Y$5:$Z$15,2,FALSE)/8.76+SUMIF($Y$5:$Y$15,$C9,$AA$5:$AA$15) -> 17.203425 | G9: =MAX(F9,SUMIFS($Q$5:$Q$19999,$R$5:$R$19999,RIGHT($A9,3),$S$5:$S$19999,G$4)*VLOOKUP($C9,$Y$5:$Z$15,2,FALSE)/8.76)+SUMIF($Y$5:$Y$15,$C9,$AA$5:$AA$15) -> 20.487757 | H9: =MAX(G9,SUMIFS($Q$5:$Q$19999,$R$5:$R$19999,RIGHT($A9,3),$S$5:$S$19999,H$4)*VLOOKUP($C9,$Y$5:$Z$15,2,FALSE)/8.76)+SUMIF($Y$5:$Y$15,$C9,$AA$5:$AA$15) -> 28.316695 | I9: =MAX(H9,SUMIFS($Q$5:$Q$19999,$R$5:$R$19999,RIGHT($A9,3),$S$5:$S$19999,I$4)*VLOOKUP($C9,$Y$5:$Z$15,2,FALSE)/8.76)+SUMIF($Y$5:$Y$15,$C9,$AA$5:$AA$15) -> 37.528682 | J9: =MAX(I9,SUMIFS($Q$5:$Q$19999,$R$5:$R$19999,RIGHT($A9,3),$S$5:$S$19999,J$4)*VLOOKUP($C9,$Y$5:$Z$15,2,FALSE)/8.76)+SUMIF($Y$5:$Y$15,$C9,$AA$5:$AA$15) -> 47.695205 | K9: =MAX(J9,SUMIFS($Q$5:$Q$19999,$R$5:$R$19999,RIGHT($A9,3),$S$5:$S$19999,K$4)*VLOOKUP($C9,$Y$5:$Z$15,2,FALSE)/8.76)+SUMIF($Y$5:$Y$15,$C9,$AA$5:$AA$15) -> 58.110103 | L9: =MAX(K9,SUMIFS($Q$5:$Q$19999,$R$5:$R$19999,RIGHT($A9,3),$S$5:$S$19999,L$4)*VLOOKUP($C9,$Y$5:$Z$15,2,FALSE)/8.76)+SUMIF($Y$5:$Y$15,$C9,$AA$5:$AA$15) -> 68.229195 | M9: =MAX(L9,SUMIFS($Q$5:$Q$19999,$R$5:$R$19999,RIGHT($A9,3),$S$5:$S$19999,M$4)*VLOOKUP($C9,$Y$5:$Z$15,2,FALSE)/8.76)+SUMIF($Y$5:$Y$15,$C9,$AA$5:$AA$15) -> 77.851884 | N9: =MAX(M9,SUMIFS($Q$5:$Q$19999,$R$5:$R$19999,RIGHT($A9,3),$S$5:$S$19999,N$4)*VLOOKUP($C9,$Y$5:$Z$15,2,FALSE)/8.76)+SUMIF($Y$5:$Y$15,$C9,$AA$5:$AA$15) -> 82.439812 | O9: 3 | Q9: =OFFSET(S9,0,MATCH($Q$3,$T$4:$V$4,0)) -> 0.616 | R9: ABW | S9: 2024 | T9: 0.616 | U9: 0.616 | V9: 0.616 | Y9: 5 | Z9: =Z8+0.05 -> 0.35 | AA9: 0.5
A10: ARM | B10: Armenia | C10: 1 | E10: ="NatGrdExt_"&A10&"_"&C10 -> NatGrdExt_ARM_1 | F10: =SUMIFS($Q$5:$Q$19999,$R$5:$R$19999,RIGHT($A10,3),$S$5:$S$19999,F$4)*VLOOKUP($C10,$Y$5:$Z$15,2,FALSE)/8.76+SUMIF($Y$5:$Y$15,$C10,$AA$5:$AA$15) -> 0.54460616 | G10: =MAX(F10,SUMIFS($Q$5:$Q$19999,$R$5:$R$19999,RIGHT($A10,3),$S$5:$S$19999,G$4)*VLOOKUP($C10,$Y$5:$Z$15,2,FALSE)/8.76)+SUMIF($Y$5:$Y$15,$C10,$AA$5:$AA$15) -> 0.57816781 | H10: =MAX(G10,SUMIFS($Q$5:$Q$19999,$R$5:$R$19999,RIGHT($A10,3),$S$5:$S$19999,H$4)*VLOOKUP($C10,$Y$5:$Z$15,2,FALSE)/8.76)+SUMIF($Y$5:$Y$15,$C10,$AA$5:$AA$15) -> 0.64049658 | I10: =MAX(H10,SUMIFS($Q$5:$Q$19999,$R$5:$R$19999,RIGHT($A10,3),$S$5:$S$19999,I$4)*VLOOKUP($C10,$Y$5:$Z$15,2,FALSE)/8.76)+SUMIF($Y$5:$Y$15,$C10,$AA$5:$AA$15) -> 0.69991438 | J10: =MAX(I10,SUMIFS($Q$5:$Q$19999,$R$5:$R$19999,RIGHT($A10,3),$S$5:$S$19999,J$4)*VLOOKUP($C10,$Y$5:$Z$15,2,FALSE)/8.76)+SUMIF($Y$5:$Y$15,$C10,$AA$5:$AA$15) -> 0.74982877 | K10: =MAX(J10,SUMIFS($Q$5:$Q$19999,$R$5:$R$19999,RIGHT($A10,3),$S$5:$S$19999,K$4)*VLOOKUP($C10,$Y$5:$Z$15,2,FALSE)/8.76)+SUMIF($Y$5:$Y$15,$C10,$AA$5:$AA$15) -> 0.78921233 | L10: =MAX(K10,SUMIFS($Q$5:$Q$19999,$R$5:$R$19999,RIGHT($A10,3),$S$5:$S$19999,L$4)*VLOOKUP($C10,$Y$5:$Z$15,2,FALSE)/8.76)+SUMIF($Y$5:$Y$15,$C10,$AA$5:$AA$15) -> 0.82868151 | M10: =MAX(L10,SUMIFS($Q$5:$Q$19999,$R$5:$R$19999,RIGHT($A10,3),$S$5:$S$19999,M$4)*VLOOKUP($C10,$Y$5:$Z$15,2,FALSE)/8.76)+SUMIF($Y$5:$Y$15,$C10,$AA$5:$AA$15) -> 0.86780822 | N10: =MAX(M10,SUMIFS($Q$5:$Q$19999,$R$5:$R$19999,RIGHT($A10,3),$S$5:$S$19999,N$4)*VLOOKUP($C10,$Y$5:$Z$15,2,FALSE)/8.76)+SUMIF($Y$5:$Y$15,$C10,$AA$5:$AA$15) -> 0.88732877 | O10: 3 | Q10: =OFFSET(S10,0,MATCH($Q$3,$T$4:$V$4,0)) -> 0.623 | R10: ABW | S10: 2025 | T10: 0.623 | U10: 0.623 | V10: 0.623 | Y10: 6 | Z10: 0.25
A11: ATG | B11: Antigua and Barbuda | C11: 1 | E11: ="NatGrdExt_"&A11&"_"&C11 -> NatGrdExt_ATG_1 | F11: =SUMIFS($Q$5:$Q$19999,$R$5:$R$19999,RIGHT($A11,3),$S$5:$S$19999,F$4)*VLOOKUP($C11,$Y$5:$Z$15,2,FALSE)/8.76+SUMIF($Y$5:$Y$15,$C11,$AA$5:$AA$15) -> 0.048630137 | G11: =MAX(F11,SUMIFS($Q$5:$Q$19999,$R$5:$R$19999,RIGHT($A11,3),$S$5:$S$19999,G$4)*VLOOKUP($C11,$Y$5:$Z$15,2,FALSE)/8.76)+SUMIF($Y$5:$Y$15,$C11,$AA$5:$AA$15) -> 0.051797945 | H11: =MAX(G11,SUMIFS($Q$5:$Q$19999,$R$5:$R$19999,RIGHT($A11,3),$S$5:$S$19999,H$4)*VLOOKUP($C11,$Y$5:$Z$15,2,FALSE)/8.76)+SUMIF($Y$5:$Y$15,$C11,$AA$5:$AA$15) -> 0.056934932 | I11: =MAX(H11,SUMIFS($Q$5:$Q$19999,$R$5:$R$19999,RIGHT($A11,3),$S$5:$S$19999,I$4)*VLOOKUP($C11,$Y$5:$Z$15,2,FALSE)/8.76)+SUMIF($Y$5:$Y$15,$C11,$AA$5:$AA$15) -> 0.060359589 | J11: =MAX(I11,SUMIFS($Q$5:$Q$19999,$R$5:$R$19999,RIGHT($A11,3),$S$5:$S$19999,J$4)*VLOOKUP($C11,$Y$5:$Z$15,2,FALSE)/8.76)+SUMIF($Y$5:$Y$15,$C11,$AA$5:$AA$15) -> 0.063184932 | K11: =MAX(J11,SUMIFS($Q$5:$Q$19999,$R$5:$R$19999,RIGHT($A11,3),$S$5:$S$19999,K$4)*VLOOKUP($C11,$Y$5:$Z$15,2,FALSE)/8.76)+SUMIF($Y$5:$Y$15,$C11,$AA$5:$AA$15) -> 0.066695205 | L11: =MAX(K11,SUMIFS($Q$5:$Q$19999,$R$5:$R$19999,RIGHT($A11,3),$S$5:$S$19999,L$4)*VLOOKUP($C11,$Y$5:$Z$15,2,FALSE)/8.76)+SUMIF($Y$5:$Y$15,$C11,$AA$5:$AA$15) -> 0.070034247 | M11: =MAX(L11,SUMIFS($Q$5:$Q$19999,$R$5:$R$19999,RIGHT($A11,3),$S$5:$S$19999,M$4)*VLOOKUP($C11,$Y$5:$Z$15,2,FALSE)/8.76)+SUMIF($Y$5:$Y$15,$C11,$AA$5:$AA$15) -> 0.073458904 | N11: =MAX(M11,SUMIFS($Q$5:$Q$19999,$R$5:$R$19999,RIGHT($A11,3),$S$5:$S$19999,N$4)*VLOOKUP($C11,$Y$5:$Z$15,2,FALSE)/8.76)+SUMIF($Y$5:$Y$15,$C11,$AA$5:$AA$15) -> 0.075085616 | O11: 3 | Q11: =OFFSET(S11,0,MATCH($Q$3,$T$4:$V$4,0)) -> 0.625 | R11: ABW | S11: 2026 | T11: 0.625 | U11: 0.625 | V11: 0.625 | Y11: 7 | Z11: 0.25
A12: AUS | B12: Australia | C12: 1 | E12: ="NatGrdExt_"&A12&"_"&C12 -> NatGrdExt_AUS_1 | F12: =SUMIFS($Q$5:$Q$19999,$R$5:$R$19999,RIGHT($A12,3),$S$5:$S$19999,F$4)*VLOOKUP($C12,$Y$5:$Z$15,2,FALSE)/8.76+SUMIF($Y$5:$Y$15,$C12,$AA$5:$AA$15) -> 25.541866 | G12: =MAX(F12,SUMIFS($Q$5:$Q$19999,$R$5:$R$19999,RIGHT($A12,3),$S$5:$S$19999,G$4)*VLOOKUP($C12,$Y$5:$Z$15,2,FALSE)/8.76)+SUMIF($Y$5:$Y$15,$C12,$AA$5:$AA$15) -> 26.492551 | H12: =MAX(G12,SUMIFS($Q$5:$Q$19999,$R$5:$R$19999,RIGHT($A12,3),$S$5:$S$19999,H$4)*VLOOKUP($C12,$Y$5:$Z$15,2,FALSE)/8.76)+SUMIF($Y$5:$Y$15,$C12,$AA$5:$AA$15) -> 27.741182 | I12: =MAX(H12,SUMIFS($Q$5:$Q$19999,$R$5:$R$19999,RIGHT($A12,3),$S$5:$S$19999,I$4)*VLOOKUP($C12,$Y$5:$Z$15,2,FALSE)/8.76)+SUMIF($Y$5:$Y$15,$C12,$AA$5:$AA$15) -> 28.682192 | J12: =MAX(I12,SUMIFS($Q$5:$Q$19999,$R$5:$R$19999,RIGHT($A12,3),$S$5:$S$19999,J$4)*VLOOKUP($C12,$Y$5:$Z$15,2,FALSE)/8.76)+SUMIF($Y$5:$Y$15,$C12,$AA$5:$AA$15) -> 29.614127 | K12: =MAX(J12,SUMIFS($Q$5:$Q$19999,$R$5:$R$19999,RIGHT($A12,3),$S$5:$S$19999,K$4)*VLOOKUP($C12,$Y$5:$Z$15,2,FALSE)/8.76)+SUMIF($Y$5:$Y$15,$C12,$AA$5:$AA$15) -> 30.47988 | L12: =MAX(K12,SUMIFS($Q$5:$Q$19999,$R$5:$R$19999,RIGHT($A12,3),$S$5:$S$19999,L$4)*VLOOKUP($C12,$Y$5:$Z$15,2,FALSE)/8.76)+SUMIF($Y$5:$Y$15,$C12,$AA$5:$AA$15) -> 31.292979 | M12: =MAX(L12,SUMIFS($Q$5:$Q$19999,$R$5:$R$19999,RIGHT($A12,3),$S$5:$S$19999,M$4)*VLOOKUP($C12,$Y$5:$Z$15,2,FALSE)/8.76)+SUMIF($Y$5:$Y$15,$C12,$AA$5:$AA$15) -> 32.356421 | N12: =MAX(M12,SUMIFS($Q$5:$Q$19999,$R$5:$R$19999,RIGHT($A12,3),$S$5:$S$19999,N$4)*VLOOKUP($C12,$Y$5:$Z$15,2,FALSE)/8.76)+SUMIF($Y$5:$Y$15,$C12,$AA$5:$AA$15) -> 33.034332 | O12: 3 | Q12: =OFFSET(S12,0,MATCH($Q$3,$T$4:$V$4,0)) -> 0.627 | R12: ABW | S12: 2027 | T12: 0.627 | U12: 0.627 | V12: 0.627 | Y12: 8 | Z12: 0.25
A13: AUT | B13: Austria | C13: 1 | E13: ="NatGrdExt_"&A13&"_"&C13 -> NatGrdExt_AUT_1 | F13: =SUMIFS($Q$5:$Q$19999,$R$5:$R$19999,RIGHT($A13,3),$S$5:$S$19999,F$4)*VLOOKUP($C13,$Y$5:$Z$15,2,FALSE)/8.76+SUMIF($Y$5:$Y$15,$C13,$AA$5:$AA$15) -> 7.1862158 | G13: =MAX(F13,SUMIFS($Q$5:$Q$19999,$R$5:$R$19999,RIGHT($A13,3),$S$5:$S$19999,G$4)*VLOOKUP($C13,$Y$5:$Z$15,2,FALSE)/8.76)+SUMIF($Y$5:$Y$15,$C13,$AA$5:$AA$15) -> 7.3504281 | H13: =MAX(G13,SUMIFS($Q$5:$Q$19999,$R$5:$R$19999,RIGHT($A13,3),$S$5:$S$19999,H$4)*VLOOKUP($C13,$Y$5:$Z$15,2,FALSE)/8.76)+SUMIF($Y$5:$Y$15,$C13,$AA$5:$AA$15) -> 7.4577055 | I13: =MAX(H13,SUMIFS($Q$5:$Q$19999,$R$5:$R$19999,RIGHT($A13,3),$S$5:$S$19999,I$4)*VLOOKUP($C13,$Y$5:$Z$15,2,FALSE)/8.76)+SUMIF($Y$5:$Y$15,$C13,$AA$5:$AA$15) -> 7.4577055 | J13: =MAX(I13,SUMIFS($Q$5:$Q$19999,$R$5:$R$19999,RIGHT($A13,3),$S$5:$S$19999,J$4)*VLOOKUP($C13,$Y$5:$Z$15,2,FALSE)/8.76)+SUMIF($Y$5:$Y$15,$C13,$AA$5:$AA$15) -> 7.4577055 | K13: =MAX(J13,SUMIFS($Q$5:$Q$19999,$R$5:$R$19999,RIGHT($A13,3),$S$5:$S$19999,K$4)*VLOOKUP($C13,$Y$5:$Z$15,2,FALSE)/8.76)+SUMIF($Y$5:$Y$15,$C13,$AA$5:$AA$15) -> 7.4577055 | L13: =MAX(K13,SUMIFS($Q$5:$Q$19999,$R$5:$R$19999,RIGHT($A13,3),$S$5:$S$19999,L$4)*VLOOKUP($C13,$Y$5:$Z$15,2,FALSE)/8.76)+SUMIF($Y$5:$Y$15,$C13,$AA$5:$AA$15) -> 7.4577055 | M13: =MAX(L13,SUMIFS($Q$5:$Q$19999,$R$5:$R$19999,RIGHT($A13,3),$S$5:$S$19999,M$4)*VLOOKUP($C13,$Y$5:$Z$15,2,FALSE)/8.76)+SUMIF($Y$5:$Y$15,$C13,$AA$5:$AA$15) -> 7.4577055 | N13: =MAX(M13,SUMIFS($Q$5:$Q$19999,$R$5:$R$19999,RIGHT($A13,3),$S$5:$S$19999,N$4)*VLOOKUP($C13,$Y$5:$Z$15,2,FALSE)/8.76)+SUMIF($Y$5:$Y$15,$C13,$AA$5:$AA$15) -> 7.4577055 | O13: 3 | Q13: =OFFSET(S13,0,MATCH($Q$3,$T$4:$V$4,0)) -> 0.63 | R13: ABW | S13: 2028 | T13: 0.63 | U13: 0.63 | V13: 0.63 | Y13: 9 | Z13: 0.25
A14: AZE | B14: Azerbaijan | C14: 1 | E14: ="NatGrdExt_"&A14&"_"&C14 -> NatGrdExt_AZE_1 | F14: =SUMIFS($Q$5:$Q$19999,$R$5:$R$19999,RIGHT($A14,3),$S$5:$S$19999,F$4)*VLOOKUP($C14,$Y$5:$Z$15,2,FALSE)/8.76+SUMIF($Y$5:$Y$15,$C14,$AA$5:$AA$15) -> 1.915411 | G14: =MAX(F14,SUMIFS($Q$5:$Q$19999,$R$5:$R$19999,RIGHT($A14,3),$S$5:$S$19999,G$4)*VLOOKUP($C14,$Y$5:$Z$15,2,FALSE)/8.76)+SUMIF($Y$5:$Y$15,$C14,$AA$5:$AA$15) -> 2.0655822 | H14: =MAX(G14,SUMIFS($Q$5:$Q$19999,$R$5:$R$19999,RIGHT($A14,3),$S$5:$S$19999,H$4)*VLOOKUP($C14,$Y$5:$Z$15,2,FALSE)/8.76)+SUMIF($Y$5:$Y$15,$C14,$AA$5:$AA$15) -> 2.3456336 | I14: =MAX(H14,SUMIFS($Q$5:$Q$19999,$R$5:$R$19999,RIGHT($A14,3),$S$5:$S$19999,I$4)*VLOOKUP($C14,$Y$5:$Z$15,2,FALSE)/8.76)+SUMIF($Y$5:$Y$15,$C14,$AA$5:$AA$15) -> 2.5730308 | J14: =MAX(I14,SUMIFS($Q$5:$Q$19999,$R$5:$R$19999,RIGHT($A14,3),$S$5:$S$19999,J$4)*VLOOKUP($C14,$Y$5:$Z$15,2,FALSE)/8.76)+SUMIF($Y$5:$Y$15,$C14,$AA$5:$AA$15) -> 2.7442637 | K14: =MAX(J14,SUMIFS($Q$5:$Q$19999,$R$5:$R$19999,RIGHT($A14,3),$S$5:$S$19999,K$4)*VLOOKUP($C14,$Y$5:$Z$15,2,FALSE)/8.76)+SUMIF($Y$5:$Y$15,$C14,$AA$5:$AA$15) -> 2.8807363 | L14: =MAX(K14,SUMIFS($Q$5:$Q$19999,$R$5:$R$19999,RIGHT($A14,3),$S$5:$S$19999,L$4)*VLOOKUP($C14,$Y$5:$Z$15,2,FALSE)/8.76)+SUMIF($Y$5:$Y$15,$C14,$AA$5:$AA$15) -> 2.9978596 | M14: =MAX(L14,SUMIFS($Q$5:$Q$19999,$R$5:$R$19999,RIGHT($A14,3),$S$5:$S$19999,M$4)*VLOOKUP($C14,$Y$5:$Z$15,2,FALSE)/8.76)+SUMIF($Y$5:$Y$15,$C14,$AA$5:$AA$15) -> 3.1207192 | N14: =MAX(M14,SUMIFS($Q$5:$Q$19999,$R$5:$R$19999,RIGHT($A14,3),$S$5:$S$19999,N$4)*VLOOKUP($C14,$Y$5:$Z$15,2,FALSE)/8.76)+SUMIF($Y$5:$Y$15,$C14,$AA$5:$AA$15) -> 3.1833904 | O14: 3 | Q14: =OFFSET(S14,0,MATCH($Q$3,$T$4:$V$4,0)) -> 0.632 | R14: ABW | S14: 2029 | T14: 0.632 | U14: 0.632 | V14: 0.632 | Y14: 10 | Z14: 0.25
A15: BDI | B15: Burundi | C15: 1 | E15: ="NatGrdExt_"&A15&"_"&C15 -> NatGrdExt_BDI_1 | F15: =SUMIFS($Q$5:$Q$19999,$R$5:$R$19999,RIGHT($A15,3),$S$5:$S$19999,F$4)*VLOOKUP($C15,$Y$5:$Z$15,2,FALSE)/8.76+SUMIF($Y$5:$Y$15,$C15,$AA$5:$AA$15) -> 0.18501712 | G15: =MAX(F15,SUMIFS($Q$5:$Q$19999,$R$5:$R$19999,RIGHT($A15,3),$S$5:$S$19999,G$4)*VLOOKUP($C15,$Y$5:$Z$15,2,FALSE)/8.76)+SUMIF($Y$5:$Y$15,$C15,$AA$5:$AA$15) -> 0.25607877 | H15: =MAX(G15,SUMIFS($Q$5:$Q$19999,$R$5:$R$19999,RIGHT($A15,3),$S$5:$S$19999,H$4)*VLOOKUP($C15,$Y$5:$Z$15,2,FALSE)/8.76)+SUMIF($Y$5:$Y$15,$C15,$AA$5:$AA$15) -> 0.46506849 | I15: =MAX(H15,SUMIFS($Q$5:$Q$19999,$R$5:$R$19999,RIGHT($A15,3),$S$5:$S$19999,I$4)*VLOOKUP($C15,$Y$5:$Z$15,2,FALSE)/8.76)+SUMIF($Y$5:$Y$15,$C15,$AA$5:$AA$15) -> 0.80453767 | J15: =MAX(I15,SUMIFS($Q$5:$Q$19999,$R$5:$R$19999,RIGHT($A15,3),$S$5:$S$19999,J$4)*VLOOKUP($C15,$Y$5:$Z$15,2,FALSE)/8.76)+SUMIF($Y$5:$Y$15,$C15,$AA$5:$AA$15) -> 1.3167808 | K15: =MAX(J15,SUMIFS($Q$5:$Q$19999,$R$5:$R$19999,RIGHT($A15,3),$S$5:$S$19999,K$4)*VLOOKUP($C15,$Y$5:$Z$15,2,FALSE)/8.76)+SUMIF($Y$5:$Y$15,$C15,$AA$5:$AA$15) -> 2.0357877 | L15: =MAX(K15,SUMIFS($Q$5:$Q$19999,$R$5:$R$19999,RIGHT($A15,3),$S$5:$S$19999,L$4)*VLOOKUP($C15,$Y$5:$Z$15,2,FALSE)/8.76)+SUMIF($Y$5:$Y$15,$C15,$AA$5:$AA$15) -> 2.9707192 | M15: =MAX(L15,SUMIFS($Q$5:$Q$19999,$R$5:$R$19999,RIGHT($A15,3),$S$5:$S$19999,M$4)*VLOOKUP($C15,$Y$5:$Z$15,2,FALSE)/8.76)+SUMIF($Y$5:$Y$15,$C15,$AA$5:$AA$15) -> 4.0688356 | N15: =MAX(M15,SUMIFS($Q$5:$Q$19999,$R$5:$R$19999,RIGHT($A15,3),$S$5:$S$19999,N$4)*VLOOKUP($C15,$Y$5:$Z$15,2,FALSE)/8.76)+SUMIF($Y$5:$Y$15,$C15,$AA$5:$AA$15) -> 4.6494863 | O15: 3 | Q15: =OFFSET(S15,0,MATCH($Q$3,$T$4:$V$4,0)) -> 0.634 | R15: ABW | S15: 2030 | T15: 0.634 | U15: 0.635 | V15: 0.634
A16: BEL | B16: Belgium | C16: 1 | E16: ="NatGrdExt_"&A16&"_"&C16 -> NatGrdExt_BEL_1 | F16: =SUMIFS($Q$5:$Q$19999,$R$5:$R$19999,RIGHT($A16,3),$S$5:$S$19999,F$4)*VLOOKUP($C16,$Y$5:$Z$15,2,FALSE)/8.76+SUMIF($Y$5:$Y$15,$C16,$AA$5:$AA$15) -> 8.3240582 | G16: =MAX(F16,SUMIFS($Q$5:$Q$19999,$R$5:$R$19999,RIGHT($A16,3),$S$5:$S$19999,G$4)*VLOOKUP($C16,$Y$5:$Z$15,2,FALSE)/8.76)+SUMIF($Y$5:$Y$15,$C16,$AA$5:$AA$15) -> 8.4514555 | H16: =MAX(G16,SUMIFS($Q$5:$Q$19999,$R$5:$R$19999,RIGHT($A16,3),$S$5:$S$19999,H$4)*VLOOKUP($C16,$Y$5:$Z$15,2,FALSE)/8.76)+SUMIF($Y$5:$Y$15,$C16,$AA$5:$AA$15) -> 8.6374144 | I16: =MAX(H16,SUMIFS($Q$5:$Q$19999,$R$5:$R$19999,RIGHT($A16,3),$S$5:$S$19999,I$4)*VLOOKUP($C16,$Y$5:$Z$15,2,FALSE)/8.76)+SUMIF($Y$5:$Y$15,$C16,$AA$5:$AA$15) -> 8.7789384 | J16: =MAX(I16,SUMIFS($Q$5:$Q$19999,$R$5:$R$19999,RIGHT($A16,3),$S$5:$S$19999,J$4)*VLOOKUP($C16,$Y$5:$Z$15,2,FALSE)/8.76)+SUMIF($Y$5:$Y$15,$C16,$AA$5:$AA$15) -> 8.9555651 | K16: =MAX(J16,SUMIFS($Q$5:$Q$19999,$R$5:$R$19999,RIGHT($A16,3),$S$5:$S$19999,K$4)*VLOOKUP($C16,$Y$5:$Z$15,2,FALSE)/8.76)+SUMIF($Y$5:$Y$15,$C16,$AA$5:$AA$15) -> 9.2077911 | L16: =MAX(K16,SUMIFS($Q$5:$Q$19999,$R$5:$R$19999,RIGHT($A16,3),$S$5:$S$19999,L$4)*VLOOKUP($C16,$Y$5:$Z$15,2,FALSE)/8.76)+SUMIF($Y$5:$Y$15,$C16,$AA$5:$AA$15) -> 9.5514555 | M16: =MAX(L16,SUMIFS($Q$5:$Q$19999,$R$5:$R$19999,RIGHT($A16,3),$S$5:$S$19999,M$4)*VLOOKUP($C16,$Y$5:$Z$15,2,FALSE)/8.76)+SUMIF($Y$5:$Y$15,$C16,$AA$5:$AA$15) -> 10.00625 | N16: =MAX(M16,SUMIFS($Q$5:$Q$19999,$R$5:$R$19999,RIGHT($A16,3),$S$5:$S$19999,N$4)*VLOOKUP($C16,$Y$5:$Z$15,2,FALSE)/8.76)+SUMIF($Y$5:$Y$15,$C16,$AA$5:$AA$15) -> 10.273288 | O16: 3 | Q16: =OFFSET(S16,0,MATCH($Q$3,$T$4:$V$4,0)) -> 0.636 | R16: ABW | S16: 2031 | T16: 0.636 | U16: 0.637 | V16: 0.636
A17: BEN | B17: Benin | C17: 1 | E17: ="NatGrdExt_"&A17&"_"&C17 -> NatGrdExt_BEN_1 | F17: =SUMIFS($Q$5:$Q$19999,$R$5:$R$19999,RIGHT($A17,3),$S$5:$S$19999,F$4)*VLOOKUP($C17,$Y$5:$Z$15,2,FALSE)/8.76+SUMIF($Y$5:$Y$15,$C17,$AA$5:$AA$15) -> 0.19794521 | G17: =MAX(F17,SUMIFS($Q$5:$Q$19999,$R$5:$R$19999,RIGHT($A17,3),$S$5:$S$19999,G$4)*VLOOKUP($C17,$Y$5:$Z$15,2,FALSE)/8.76)+SUMIF($Y$5:$Y$15,$C17,$AA$5:$AA$15) -> 0.27517123 | H17: =MAX(G17,SUMIFS($Q$5:$Q$19999,$R$5:$R$19999,RIGHT($A17,3),$S$5:$S$19999,H$4)*VLOOKUP($C17,$Y$5:$Z$15,2,FALSE)/8.76)+SUMIF($Y$5:$Y$15,$C17,$AA$5:$AA$15) -> 0.51044521 | I17: =MAX(H17,SUMIFS($Q$5:$Q$19999,$R$5:$R$19999,RIGHT($A17,3),$S$5:$S$19999,I$4)*VLOOKUP($C17,$Y$5:$Z$15,2,FALSE)/8.76)+SUMIF($Y$5:$Y$15,$C17,$AA$5:$AA$15) -> 0.8984589 | J17: =MAX(I17,SUMIFS($Q$5:$Q$19999,$R$5:$R$19999,RIGHT($A17,3),$S$5:$S$19999,J$4)*VLOOKUP($C17,$Y$5:$Z$15,2,FALSE)/8.76)+SUMIF($Y$5:$Y$15,$C17,$AA$5:$AA$15) -> 1.5020548 | K17: =MAX(J17,SUMIFS($Q$5:$Q$19999,$R$5:$R$19999,RIGHT($A17,3),$S$5:$S$19999,K$4)*VLOOKUP($C17,$Y$5:$Z$15,2,FALSE)/8.76)+SUMIF($Y$5:$Y$15,$C17,$AA$5:$AA$15) -> 2.3755137 | L17: =MAX(K17,SUMIFS($Q$5:$Q$19999,$R$5:$R$19999,RIGHT($A17,3),$S$5:$S$19999,L$4)*VLOOKUP($C17,$Y$5:$Z$15,2,FALSE)/8.76)+SUMIF($Y$5:$Y$15,$C17,$AA$5:$AA$15) -> 3.5350171 | M17: =MAX(L17,SUMIFS($Q$5:$Q$19999,$R$5:$R$19999,RIGHT($A17,3),$S$5:$S$19999,M$4)*VLOOKUP($C17,$Y$5:$Z$15,2,FALSE)/8.76)+SUMIF($Y$5:$Y$15,$C17,$AA$5:$AA$15) -> 4.9327911 | N17: =MAX(M17,SUMIFS($Q$5:$Q$19999,$R$5:$R$19999,RIGHT($A17,3),$S$5:$S$19999,N$4)*VLOOKUP($C17,$Y$5:$Z$15,2,FALSE)/8.76)+SUMIF($Y$5:$Y$15,$C17,$AA$5:$AA$15) -> 5.6871575 | O17: 3 | Q17: =OFFSET(S17,0,MATCH($Q$3,$T$4:$V$4,0)) -> 0.638 | R17: ABW | S17: 2032 | T17: 0.637 | U17: 0.639 | V17: 0.638 | Y17: ~TFM_INS: attribute=INVCOST; curr=USD20
A18: BFA | B18: Burkina Faso | C18: 1 | E18: ="NatGrdExt_"&A18&"_"&C18 -> NatGrdExt_BFA_1 | F18: =SUMIFS($Q$5:$Q$19999,$R$5:$R$19999,RIGHT($A18,3),$S$5:$S$19999,F$4)*VLOOKUP($C18,$Y$5:$Z$15,2,FALSE)/8.76+SUMIF($Y$5:$Y$15,$C18,$AA$5:$AA$15) -> 0.32645548 | G18: =MAX(F18,SUMIFS($Q$5:$Q$19999,$R$5:$R$19999,RIGHT($A18,3),$S$5:$S$19999,G$4)*VLOOKUP($C18,$Y$5:$Z$15,2,FALSE)/8.76)+SUMIF($Y$5:$Y$15,$C18,$AA$5:$AA$15) -> 0.47020548 | H18: =MAX(G18,SUMIFS($Q$5:$Q$19999,$R$5:$R$19999,RIGHT($A18,3),$S$5:$S$19999,H$4)*VLOOKUP($C18,$Y$5:$Z$15,2,FALSE)/8.76)+SUMIF($Y$5:$Y$15,$C18,$AA$5:$AA$15) -> 0.95256849 | I18: =MAX(H18,SUMIFS($Q$5:$Q$19999,$R$5:$R$19999,RIGHT($A18,3),$S$5:$S$19999,I$4)*VLOOKUP($C18,$Y$5:$Z$15,2,FALSE)/8.76)+SUMIF($Y$5:$Y$15,$C18,$AA$5:$AA$15) -> 1.8346747 | J18: =MAX(I18,SUMIFS($Q$5:$Q$19999,$R$5:$R$19999,RIGHT($A18,3),$S$5:$S$19999,J$4)*VLOOKUP($C18,$Y$5:$Z$15,2,FALSE)/8.76)+SUMIF($Y$5:$Y$15,$C18,$AA$5:$AA$15) -> 3.341524 | K18: =MAX(J18,SUMIFS($Q$5:$Q$19999,$R$5:$R$19999,RIGHT($A18,3),$S$5:$S$19999,K$4)*VLOOKUP($C18,$Y$5:$Z$15,2,FALSE)/8.76)+SUMIF($Y$5:$Y$15,$C18,$AA$5:$AA$15) -> 5.7240582 | L18: =MAX(K18,SUMIFS($Q$5:$Q$19999,$R$5:$R$19999,RIGHT($A18,3),$S$5:$S$19999,L$4)*VLOOKUP($C18,$Y$5:$Z$15,2,FALSE)/8.76)+SUMIF($Y$5:$Y$15,$C18,$AA$5:$AA$15) -> 9.1862158 | M18: =MAX(L18,SUMIFS($Q$5:$Q$19999,$R$5:$R$19999,RIGHT($A18,3),$S$5:$S$19999,M$4)*VLOOKUP($C18,$Y$5:$Z$15,2,FALSE)/8.76)+SUMIF($Y$5:$Y$15,$C18,$AA$5:$AA$15) -> 13.772175 | N18: =MAX(M18,SUMIFS($Q$5:$Q$19999,$R$5:$R$19999,RIGHT($A18,3),$S$5:$S$19999,N$4)*VLOOKUP($C18,$Y$5:$Z$15,2,FALSE)/8.76)+SUMIF($Y$5:$Y$15,$C18,$AA$5:$AA$15) -> 16.425086 | O18: 3 | Q18: =OFFSET(S18,0,MATCH($Q$3,$T$4:$V$4,0)) -> 0.639 | R18: ABW | S18: 2033 | T18: 0.638 | U18: 0.641 | V18: 0.639 | Y18: process | Z18: value
A19: BGD | B19: Bangladesh | C19: 1 | E19: ="NatGrdExt_"&A19&"_"&C19 -> NatGrdExt_BGD_1 | F19: =SUMIFS($Q$5:$Q$19999,$R$5:$R$19999,RIGHT($A19,3),$S$5:$S$19999,F$4)*VLOOKUP($C19,$Y$5:$Z$15,2,FALSE)/8.76+SUMIF($Y$5:$Y$15,$C19,$AA$5:$AA$15) -> 10.601199 | G19: =MAX(F19,SUMIFS($Q$5:$Q$19999,$R$5:$R$19999,RIGHT($A19,3),$S$5:$S$19999,G$4)*VLOOKUP($C19,$Y$5:$Z$15,2,FALSE)/8.76)+SUMIF($Y$5:$Y$15,$C19,$AA$5:$AA$15) -> 15.348116 | H19: =MAX(G19,SUMIFS($Q$5:$Q$19999,$R$5:$R$19999,RIGHT($A19,3),$S$5:$S$19999,H$4)*VLOOKUP($C19,$Y$5:$Z$15,2,FALSE)/8.76)+SUMIF($Y$5:$Y$15,$C19,$AA$5:$AA$15) -> 28.545548 | I19: =MAX(H19,SUMIFS($Q$5:$Q$19999,$R$5:$R$19999,RIGHT($A19,3),$S$5:$S$19999,I$4)*VLOOKUP($C19,$Y$5:$Z$15,2,FALSE)/8.76)+SUMIF($Y$5:$Y$15,$C19,$AA$5:$AA$15) -> 43.978168 | J19: =MAX(I19,SUMIFS($Q$5:$Q$19999,$R$5:$R$19999,RIGHT($A19,3),$S$5:$S$19999,J$4)*VLOOKUP($C19,$Y$5:$Z$15,2,FALSE)/8.76)+SUMIF($Y$5:$Y$15,$C19,$AA$5:$AA$15) -> 57.194606 | K19: =MAX(J19,SUMIFS($Q$5:$Q$19999,$R$5:$R$19999,RIGHT($A19,3),$S$5:$S$19999,K$4)*VLOOKUP($C19,$Y$5:$Z$15,2,FALSE)/8.76)+SUMIF($Y$5:$Y$15,$C19,$AA$5:$AA$15) -> 65.98887 | L19: =MAX(K19,SUMIFS($Q$5:$Q$19999,$R$5:$R$19999,RIGHT($A19,3),$S$5:$S$19999,L$4)*VLOOKUP($C19,$Y$5:$Z$15,2,FALSE)/8.76)+SUMIF($Y$5:$Y$15,$C19,$AA$5:$AA$15) -> 71.28262 | M19: =MAX(L19,SUMIFS($Q$5:$Q$19999,$R$5:$R$19999,RIGHT($A19,3),$S$5:$S$19999,M$4)*VLOOKUP($C19,$Y$5:$Z$15,2,FALSE)/8.76)+SUMIF($Y$5:$Y$15,$C19,$AA$5:$AA$15) -> 74.65411 | N19: =MAX(M19,SUMIFS($Q$5:$Q$19999,$R$5:$R$19999,RIGHT($A19,3),$S$5:$S$19999,N$4)*VLOOKUP($C19,$Y$5:$Z$15,2,FALSE)/8.76)+SUMIF($Y$5:$Y$15,$C19,$AA$5:$AA$15) -> 76.062158 | O19: 3 | Q19: =OFFSET(S19,0,MATCH($Q$3,$T$4:$V$4,0)) -> 0.64 | R19: ABW | S19: 2034 | T19: 0.64 | U19: 0.643 | V19: 0.64 | Y19: NatGrdExt*1 | Z19: 0
A20: BGR | B20: Bulgaria | C20: 1 | E20: ="NatGrdExt_"&A20&"_"&C20 -> NatGrdExt_BGR_1 | F20: =SUMIFS($Q$5:$Q$19999,$R$5:$R$19999,RIGHT($A20,3),$S$5:$S$19999,F$4)*VLOOKUP($C20,$Y$5:$Z$15,2,FALSE)/8.76+SUMIF($Y$5:$Y$15,$C20,$AA$5:$AA$15) -> 2.85625 | G20: =MAX(F20,SUMIFS($Q$5:$Q$19999,$R$5:$R$19999,RIGHT($A20,3),$S$5:$S$19999,G$4)*VLOOKUP($C20,$Y$5:$Z$15,2,FALSE)/8.76)+SUMIF($Y$5:$Y$15,$C20,$AA$5:$AA$15) -> 2.85625 | H20: =MAX(G20,SUMIFS($Q$5:$Q$19999,$R$5:$R$19999,RIGHT($A20,3),$S$5:$S$19999,H$4)*VLOOKUP($C20,$Y$5:$Z$15,2,FALSE)/8.76)+SUMIF($Y$5:$Y$15,$C20,$AA$5:$AA$15) -> 2.85625 | I20: =MAX(H20,SUMIFS($Q$5:$Q$19999,$R$5:$R$19999,RIGHT($A20,3),$S$5:$S$19999,I$4)*VLOOKUP($C20,$Y$5:$Z$15,2,FALSE)/8.76)+SUMIF($Y$5:$Y$15,$C20,$AA$5:$AA$15) -> 2.85625 | J20: =MAX(I20,SUMIFS($Q$5:$Q$19999,$R$5:$R$19999,RIGHT($A20,3),$S$5:$S$19999,J$4)*VLOOKUP($C20,$Y$5:$Z$15,2,FALSE)/8.76)+SUMIF($Y$5:$Y$15,$C20,$AA$5:$AA$15) -> 2.85625 | K20: =MAX(J20,SUMIFS($Q$5:$Q$19999,$R$5:$R$19999,RIGHT($A20,3),$S$5:$S$19999,K$4)*VLOOKUP($C20,$Y$5:$Z$15,2,FALSE)/8.76)+SUMIF($Y$5:$Y$15,$C20,$AA$5:$AA$15) -> 2.85625 | L20: =MAX(K20,SUMIFS($Q$5:$Q$19999,$R$5:$R$19999,RIGHT($A20,3),$S$5:$S$19999,L$4)*VLOOKUP($C20,$Y$5:$Z$15,2,FALSE)/8.76)+SUMIF($Y$5:$Y$15,$C20,$AA$5:$AA$15) -> 2.85625 | M20: =MAX(L20,SUMIFS($Q$5:$Q$19999,$R$5:$R$19999,RIGHT($A20,3),$S$5:$S$19999,M$4)*VLOOKUP($C20,$Y$5:$Z$15,2,FALSE)/8.76)+SUMIF($Y$5:$Y$15,$C20,$AA$5:$AA$15) -> 2.85625 | N20: =MAX(M20,SUMIFS($Q$5:$Q$19999,$R$5:$R$19999,RIGHT($A20,3),$S$5:$S$19999,N$4)*VLOOKUP($C20,$Y$5:$Z$15,2,FALSE)/8.76)+SUMIF($Y$5:$Y$15,$C20,$AA$5:$AA$15) -> 2.8669521 | O20: 3 | Q20: =OFFSET(S20,0,MATCH($Q$3,$T$4:$V$4,0)) -> 0.642 | R20: ABW | S20: 2035 | T20: 0.641 | U20: 0.645 | V20: 0.642 | Y20: NatGrdExt*2 | Z20: =Z19+25 -> 25
A21: BHR | B21: Bahrain | C21: 1 | E21: ="NatGrdExt_"&A21&"_"&C21 -> NatGrdExt_BHR_1 | F21: =SUMIFS($Q$5:$Q$19999,$R$5:$R$19999,RIGHT($A21,3),$S$5:$S$19999,F$4)*VLOOKUP($C21,$Y$5:$Z$15,2,FALSE)/8.76+SUMIF($Y$5:$Y$15,$C21,$AA$5:$AA$15) -> 2.8726027 | G21: =MAX(F21,SUMIFS($Q$5:$Q$19999,$R$5:$R$19999,RIGHT($A21,3),$S$5:$S$19999,G$4)*VLOOKUP($C21,$Y$5:$Z$15,2,FALSE)/8.76)+SUMIF($Y$5:$Y$15,$C21,$AA$5:$AA$15) -> 2.9087329 | H21: =MAX(G21,SUMIFS($Q$5:$Q$19999,$R$5:$R$19999,RIGHT($A21,3),$S$5:$S$19999,H$4)*VLOOKUP($C21,$Y$5:$Z$15,2,FALSE)/8.76)+SUMIF($Y$5:$Y$15,$C21,$AA$5:$AA$15) -> 3.0910103 | I21: =MAX(H21,SUMIFS($Q$5:$Q$19999,$R$5:$R$19999,RIGHT($A21,3),$S$5:$S$19999,I$4)*VLOOKUP($C21,$Y$5:$Z$15,2,FALSE)/8.76)+SUMIF($Y$5:$Y$15,$C21,$AA$5:$AA$15) -> 3.2208904 | J21: =MAX(I21,SUMIFS($Q$5:$Q$19999,$R$5:$R$19999,RIGHT($A21,3),$S$5:$S$19999,J$4)*VLOOKUP($C21,$Y$5:$Z$15,2,FALSE)/8.76)+SUMIF($Y$5:$Y$15,$C21,$AA$5:$AA$15) -> 3.2648973 | K21: =MAX(J21,SUMIFS($Q$5:$Q$19999,$R$5:$R$19999,RIGHT($A21,3),$S$5:$S$19999,K$4)*VLOOKUP($C21,$Y$5:$Z$15,2,FALSE)/8.76)+SUMIF($Y$5:$Y$15,$C21,$AA$5:$AA$15) -> 3.2849315 | L21: =MAX(K21,SUMIFS($Q$5:$Q$19999,$R$5:$R$19999,RIGHT($A21,3),$S$5:$S$19999,L$4)*VLOOKUP($C21,$Y$5:$Z$15,2,FALSE)/8.76)+SUMIF($Y$5:$Y$15,$C21,$AA$5:$AA$15) -> 3.2961473 | M21: =MAX(L21,SUMIFS($Q$5:$Q$19999,$R$5:$R$19999,RIGHT($A21,3),$S$5:$S$19999,M$4)*VLOOKUP($C21,$Y$5:$Z$15,2,FALSE)/8.76)+SUMIF($Y$5:$Y$15,$C21,$AA$5:$AA$15) -> 3.3706336 | N21: =MAX(M21,SUMIFS($Q$5:$Q$19999,$R$5:$R$19999,RIGHT($A21,3),$S$5:$S$19999,N$4)*VLOOKUP($C21,$Y$5:$Z$15,2,FALSE)/8.76)+SUMIF($Y$5:$Y$15,$C21,$AA$5:$AA$15) -> 3.4255993 | O21: 3 | Q21: =OFFSET(S21,0,MATCH($Q$3,$T$4:$V$4,0)) -> 0.642 | R21: ABW | S21: 2036 | T21: 0.642 | U21: 0.646 | V21: 0.642 | Y21: NatGrdExt*3 | Z21: =Z20+25 -> 50
A22: BHS | B22: The Bahamas | C22: 1 | E22: ="NatGrdExt_"&A22&"_"&C22 -> NatGrdExt_BHS_1 | F22: =SUMIFS($Q$5:$Q$19999,$R$5:$R$19999,RIGHT($A22,3),$S$5:$S$19999,F$4)*VLOOKUP($C22,$Y$5:$Z$15,2,FALSE)/8.76+SUMIF($Y$5:$Y$15,$C22,$AA$5:$AA$15) -> 0.20025685 | G22: =MAX(F22,SUMIFS($Q$5:$Q$19999,$R$5:$R$19999,RIGHT($A22,3),$S$5:$S$19999,G$4)*VLOOKUP($C22,$Y$5:$Z$15,2,FALSE)/8.76)+SUMIF($Y$5:$Y$15,$C22,$AA$5:$AA$15) -> 0.20736301 | H22: =MAX(G22,SUMIFS($Q$5:$Q$19999,$R$5:$R$19999,RIGHT($A22,3),$S$5:$S$19999,H$4)*VLOOKUP($C22,$Y$5:$Z$15,2,FALSE)/8.76)+SUMIF($Y$5:$Y$15,$C22,$AA$5:$AA$15) -> 0.21652397 | I22: =MAX(H22,SUMIFS($Q$5:$Q$19999,$R$5:$R$19999,RIGHT($A22,3),$S$5:$S$19999,I$4)*VLOOKUP($C22,$Y$5:$Z$15,2,FALSE)/8.76)+SUMIF($Y$5:$Y$15,$C22,$AA$5:$AA$15) -> 0.22003425 | J22: =MAX(I22,SUMIFS($Q$5:$Q$19999,$R$5:$R$19999,RIGHT($A22,3),$S$5:$S$19999,J$4)*VLOOKUP($C22,$Y$5:$Z$15,2,FALSE)/8.76)+SUMIF($Y$5:$Y$15,$C22,$AA$5:$AA$15) -> 0.22003425 | K22: =MAX(J22,SUMIFS($Q$5:$Q$19999,$R$5:$R$19999,RIGHT($A22,3),$S$5:$S$19999,K$4)*VLOOKUP($C22,$Y$5:$Z$15,2,FALSE)/8.76)+SUMIF($Y$5:$Y$15,$C22,$AA$5:$AA$15) -> 0.22003425 | L22: =MAX(K22,SUMIFS($Q$5:$Q$19999,$R$5:$R$19999,RIGHT($A22,3),$S$5:$S$19999,L$4)*VLOOKUP($C22,$Y$5:$Z$15,2,FALSE)/8.76)+SUMIF($Y$5:$Y$15,$C22,$AA$5:$AA$15) -> 0.22003425 | M22: =MAX(L22,SUMIFS($Q$5:$Q$19999,$R$5:$R$19999,RIGHT($A22,3),$S$5:$S$19999,M$4)*VLOOKUP($C22,$Y$5:$Z$15,2,FALSE)/8.76)+SUMIF($Y$5:$Y$15,$C22,$AA$5:$AA$15) -> 0.22003425 | N22: =MAX(M22,SUMIFS($Q$5:$Q$19999,$R$5:$R$19999,RIGHT($A22,3),$S$5:$S$19999,N$4)*VLOOKUP($C22,$Y$5:$Z$15,2,FALSE)/8.76)+SUMIF($Y$5:$Y$15,$C22,$AA$5:$AA$15) -> 0.22003425 | O22: 3 | Q22: =OFFSET(S22,0,MATCH($Q$3,$T$4:$V$4,0)) -> 0.643 | R22: ABW | S22: 2037 | T22: 0.643 | U22: 0.646 | V22: 0.643 | Y22: NatGrdExt*4 | Z22: =Z21+25 -> 75
A23: BIH | B23: Bosnia and Herzegovina | C23: 1 | E23: ="NatGrdExt_"&A23&"_"&C23 -> NatGrdExt_BIH_1 | F23: =SUMIFS($Q$5:$Q$19999,$R$5:$R$19999,RIGHT($A23,3),$S$5:$S$19999,F$4)*VLOOKUP($C23,$Y$5:$Z$15,2,FALSE)/8.76+SUMIF($Y$5:$Y$15,$C23,$AA$5:$AA$15) -> 1.6214897 | G23: =MAX(F23,SUMIFS($Q$5:$Q$19999,$R$5:$R$19999,RIGHT($A23,3),$S$5:$S$19999,G$4)*VLOOKUP($C23,$Y$5:$Z$15,2,FALSE)/8.76)+SUMIF($Y$5:$Y$15,$C23,$AA$5:$AA$15) -> 1.897774 | H23: =MAX(G23,SUMIFS($Q$5:$Q$19999,$R$5:$R$19999,RIGHT($A23,3),$S$5:$S$19999,H$4)*VLOOKUP($C23,$Y$5:$Z$15,2,FALSE)/8.76)+SUMIF($Y$5:$Y$15,$C23,$AA$5:$AA$15) -> 2.423887 | I23: =MAX(H23,SUMIFS($Q$5:$Q$19999,$R$5:$R$19999,RIGHT($A23,3),$S$5:$S$19999,I$4)*VLOOKUP($C23,$Y$5:$Z$15,2,FALSE)/8.76)+SUMIF($Y$5:$Y$15,$C23,$AA$5:$AA$15) -> 2.8087329 | J23: =MAX(I23,SUMIFS($Q$5:$Q$19999,$R$5:$R$19999,RIGHT($A23,3),$S$5:$S$19999,J$4)*VLOOKUP($C23,$Y$5:$Z$15,2,FALSE)/8.76)+SUMIF($Y$5:$Y$15,$C23,$AA$5:$AA$15) -> 3.0590753 | K23: =MAX(J23,SUMIFS($Q$5:$Q$19999,$R$5:$R$19999,RIGHT($A23,3),$S$5:$S$19999,K$4)*VLOOKUP($C23,$Y$5:$Z$15,2,FALSE)/8.76)+SUMIF($Y$5:$Y$15,$C23,$AA$5:$AA$15) -> 3.2005137 | L23: =MAX(K23,SUMIFS($Q$5:$Q$19999,$R$5:$R$19999,RIGHT($A23,3),$S$5:$S$19999,L$4)*VLOOKUP($C23,$Y$5:$Z$15,2,FALSE)/8.76)+SUMIF($Y$5:$Y$15,$C23,$AA$5:$AA$15) -> 3.2587329 | M23: =MAX(L23,SUMIFS($Q$5:$Q$19999,$R$5:$R$19999,RIGHT($A23,3),$S$5:$S$19999,M$4)*VLOOKUP($C23,$Y$5:$Z$15,2,FALSE)/8.76)+SUMIF($Y$5:$Y$15,$C23,$AA$5:$AA$15) -> 3.3071062 | N23: =MAX(M23,SUMIFS($Q$5:$Q$19999,$R$5:$R$19999,RIGHT($A23,3),$S$5:$S$19999,N$4)*VLOOKUP($C23,$Y$5:$Z$15,2,FALSE)/8.76)+SUMIF($Y$5:$Y$15,$C23,$AA$5:$AA$15) -> 3.3374144 | O23: 3 | Q23: =OFFSET(S23,0,MATCH($Q$3,$T$4:$V$4,0)) -> 0.643 | R23: ABW | S23: 2038 | T23: 0.644 | U23: 0.647 | V23: 0.643 | Y23: NatGrdExt*5 | Z23: =Z22+25 -> 100
A24: BLR | B24: Belarus | C24: 1 | E24: ="NatGrdExt_"&A24&"_"&C24 -> NatGrdExt_BLR_1 | F24: =SUMIFS($Q$5:$Q$19999,$R$5:$R$19999,RIGHT($A24,3),$S$5:$S$19999,F$4)*VLOOKUP($C24,$Y$5:$Z$15,2,FALSE)/8.76+SUMIF($Y$5:$Y$15,$C24,$AA$5:$AA$15) -> 3.0713185 | G24: =MAX(F24,SUMIFS($Q$5:$Q$19999,$R$5:$R$19999,RIGHT($A24,3),$S$5:$S$19999,G$4)*VLOOKUP($C24,$Y$5:$Z$15,2,FALSE)/8.76)+SUMIF($Y$5:$Y$15,$C24,$AA$5:$AA$15) -> 3.0762842 | H24: =MAX(G24,SUMIFS($Q$5:$Q$19999,$R$5:$R$19999,RIGHT($A24,3),$S$5:$S$19999,H$4)*VLOOKUP($C24,$Y$5:$Z$15,2,FALSE)/8.76)+SUMIF($Y$5:$Y$15,$C24,$AA$5:$AA$15) -> 3.0762842 | I24: =MAX(H24,SUMIFS($Q$5:$Q$19999,$R$5:$R$19999,RIGHT($A24,3),$S$5:$S$19999,I$4)*VLOOKUP($C24,$Y$5:$Z$15,2,FALSE)/8.76)+SUMIF($Y$5:$Y$15,$C24,$AA$5:$AA$15) -> 3.084589 | J24: =MAX(I24,SUMIFS($Q$5:$Q$19999,$R$5:$R$19999,RIGHT($A24,3),$S$5:$S$19999,J$4)*VLOOKUP($C24,$Y$5:$Z$15,2,FALSE)/8.76)+SUMIF($Y$5:$Y$15,$C24,$AA$5:$AA$15) -> 3.084589 | K24: =MAX(J24,SUMIFS($Q$5:$Q$19999,$R$5:$R$19999,RIGHT($A24,3),$S$5:$S$19999,K$4)*VLOOKUP($C24,$Y$5:$Z$15,2,FALSE)/8.76)+SUMIF($Y$5:$Y$15,$C24,$AA$5:$AA$15) -> 3.084589 | L24: =MAX(K24,SUMIFS($Q$5:$Q$19999,$R$5:$R$19999,RIGHT($A24,3),$S$5:$S$19999,L$4)*VLOOKUP($C24,$Y$5:$Z$15,2,FALSE)/8.76)+SUMIF($Y$5:$Y$15,$C24,$AA$5:$AA$15) -> 3.1208904 | M24: =MAX(L24,SUMIFS($Q$5:$Q$19999,$R$5:$R$19999,RIGHT($A24,3),$S$5:$S$19999,M$4)*VLOOKUP($C24,$Y$5:$Z$15,2,FALSE)/8.76)+SUMIF($Y$5:$Y$15,$C24,$AA$5:$AA$15) -> 3.194863 | N24: =MAX(M24,SUMIFS($Q$5:$Q$19999,$R$5:$R$19999,RIGHT($A24,3),$S$5:$S$19999,N$4)*VLOOKUP($C24,$Y$5:$Z$15,2,FALSE)/8.76)+SUMIF($Y$5:$Y$15,$C24,$AA$5:$AA$15) -> 3.240839 | O24: 3 | Q24: =OFFSET(S24,0,MATCH($Q$3,$T$4:$V$4,0)) -> 0.643 | R24: ABW | S24: 2039 | T24: 0.645 | U24: 0.647 | V24: 0.643 | Y24: NatGrdExt*6 | Z24: =Z23+25 -> 125
A25: BLZ | B25: Belize | C25: 1 | E25: ="NatGrdExt_"&A25&"_"&C25 -> NatGrdExt_BLZ_1 | F25: =SUMIFS($Q$5:$Q$19999,$R$5:$R$19999,RIGHT($A25,3),$S$5:$S$19999,F$4)*VLOOKUP($C25,$Y$5:$Z$15,2,FALSE)/8.76+SUMIF($Y$5:$Y$15,$C25,$AA$5:$AA$15) -> 0.21061644 | G25: =MAX(F25,SUMIFS($Q$5:$Q$19999,$R$5:$R$19999,RIGHT($A25,3),$S$5:$S$19999,G$4)*VLOOKUP($C25,$Y$5:$Z$15,2,FALSE)/8.76)+SUMIF($Y$5:$Y$15,$C25,$AA$5:$AA$15) -> 0.23047945 | H25: =MAX(G25,SUMIFS($Q$5:$Q$19999,$R$5:$R$19999,RIGHT($A25,3),$S$5:$S$19999,H$4)*VLOOKUP($C25,$Y$5:$Z$15,2,FALSE)/8.76)+SUMIF($Y$5:$Y$15,$C25,$AA$5:$AA$15) -> 0.27106164 | I25: =MAX(H25,SUMIFS($Q$5:$Q$19999,$R$5:$R$19999,RIGHT($A25,3),$S$5:$S$19999,I$4)*VLOOKUP($C25,$Y$5:$Z$15,2,FALSE)/8.76)+SUMIF($Y$5:$Y$15,$C25,$AA$5:$AA$15) -> 0.31190068 | J25: =MAX(I25,SUMIFS($Q$5:$Q$19999,$R$5:$R$19999,RIGHT($A25,3),$S$5:$S$19999,J$4)*VLOOKUP($C25,$Y$5:$Z$15,2,FALSE)/8.76)+SUMIF($Y$5:$Y$15,$C25,$AA$5:$AA$15) -> 0.35256849 | K25: =MAX(J25,SUMIFS($Q$5:$Q$19999,$R$5:$R$19999,RIGHT($A25,3),$S$5:$S$19999,K$4)*VLOOKUP($C25,$Y$5:$Z$15,2,FALSE)/8.76)+SUMIF($Y$5:$Y$15,$C25,$AA$5:$AA$15) -> 0.3932363 | L25: =MAX(K25,SUMIFS($Q$5:$Q$19999,$R$5:$R$19999,RIGHT($A25,3),$S$5:$S$19999,L$4)*VLOOKUP($C25,$Y$5:$Z$15,2,FALSE)/8.76)+SUMIF($Y$5:$Y$15,$C25,$AA$5:$AA$15) -> 0.43193493 | M25: =MAX(L25,SUMIFS($Q$5:$Q$19999,$R$5:$R$19999,RIGHT($A25,3),$S$5:$S$19999,M$4)*VLOOKUP($C25,$Y$5:$Z$15,2,FALSE)/8.76)+SUMIF($Y$5:$Y$15,$C25,$AA$5:$AA$15) -> 0.46797945 | N25: =MAX(M25,SUMIFS($Q$5:$Q$19999,$R$5:$R$19999,RIGHT($A25,3),$S$5:$S$19999,N$4)*VLOOKUP($C25,$Y$5:$Z$15,2,FALSE)/8.76)+SUMIF($Y$5:$Y$15,$C25,$AA$5:$AA$15) -> 0.48621575 | O25: 3 | Q25: =OFFSET(S25,0,MATCH($Q$3,$T$4:$V$4,0)) -> 0.643 | R25: ABW | S25: 2040 | T25: 0.645 | U25: 0.647 | V25: 0.643 | Y25: NatGrdExt*7 | Z25: =Z24+25 -> 150
A26: BOL | B26: Bolivia | C26: 1 | E26: ="NatGrdExt_"&A26&"_"&C26 -> NatGrdExt_BOL_1 | F26: =SUMIFS($Q$5:$Q$19999,$R$5:$R$19999,RIGHT($A26,3),$S$5:$S$19999,F$4)*VLOOKUP($C26,$Y$5:$Z$15,2,FALSE)/8.76+SUMIF($Y$5:$Y$15,$C26,$AA$5:$AA$15) -> 1.0668664 | G26: =MAX(F26,SUMIFS($Q$5:$Q$19999,$R$5:$R$19999,RIGHT($A26,3),$S$5:$S$19999,G$4)*VLOOKUP($C26,$Y$5:$Z$15,2,FALSE)/8.76)+SUMIF($Y$5:$Y$15,$C26,$AA$5:$AA$15) -> 1.3630137 | H26: =MAX(G26,SUMIFS($Q$5:$Q$19999,$R$5:$R$19999,RIGHT($A26,3),$S$5:$S$19999,H$4)*VLOOKUP($C26,$Y$5:$Z$15,2,FALSE)/8.76)+SUMIF($Y$5:$Y$15,$C26,$AA$5:$AA$15) -> 2.1786815 | I26: =MAX(H26,SUMIFS($Q$5:$Q$19999,$R$5:$R$19999,RIGHT($A26,3),$S$5:$S$19999,I$4)*VLOOKUP($C26,$Y$5:$Z$15,2,FALSE)/8.76)+SUMIF($Y$5:$Y$15,$C26,$AA$5:$AA$15) -> 3.3385274 | J26: =MAX(I26,SUMIFS($Q$5:$Q$19999,$R$5:$R$19999,RIGHT($A26,3),$S$5:$S$19999,J$4)*VLOOKUP($C26,$Y$5:$Z$15,2,FALSE)/8.76)+SUMIF($Y$5:$Y$15,$C26,$AA$5:$AA$15) -> 4.8875856 | K26: =MAX(J26,SUMIFS($Q$5:$Q$19999,$R$5:$R$19999,RIGHT($A26,3),$S$5:$S$19999,K$4)*VLOOKUP($C26,$Y$5:$Z$15,2,FALSE)/8.76)+SUMIF($Y$5:$Y$15,$C26,$AA$5:$AA$15) -> 6.7906678 | L26: =MAX(K26,SUMIFS($Q$5:$Q$19999,$R$5:$R$19999,RIGHT($A26,3),$S$5:$S$19999,L$4)*VLOOKUP($C26,$Y$5:$Z$15,2,FALSE)/8.76)+SUMIF($Y$5:$Y$15,$C26,$AA$5:$AA$15) -> 8.969863 | M26: =MAX(L26,SUMIFS($Q$5:$Q$19999,$R$5:$R$19999,RIGHT($A26,3),$S$5:$S$19999,M$4)*VLOOKUP($C26,$Y$5:$Z$15,2,FALSE)/8.76)+SUMIF($Y$5:$Y$15,$C26,$AA$5:$AA$15) -> 11.301969 | N26: =MAX(M26,SUMIFS($Q$5:$Q$19999,$R$5:$R$19999,RIGHT($A26,3),$S$5:$S$19999,N$4)*VLOOKUP($C26,$Y$5:$Z$15,2,FALSE)/8.76)+SUMIF($Y$5:$Y$15,$C26,$AA$5:$AA$15) -> 12.481079 | O26: 3 | Q26: =OFFSET(S26,0,MATCH($Q$3,$T$4:$V$4,0)) -> 0.642 | R26: ABW | S26: 2041 | T26: 0.645 | U26: 0.647 | V26: 0.642 | Y26: NatGrdExt*8 | Z26: =Z25+25 -> 175
A27: BRA | B27: Brazil | C27: 1 | E27: ="NatGrdExt_"&A27&"_"&C27 -> NatGrdExt_BRA_1 | F27: =SUMIFS($Q$5:$Q$19999,$R$5:$R$19999,RIGHT($A27,3),$S$5:$S$19999,F$4)*VLOOKUP($C27,$Y$5:$Z$15,2,FALSE)/8.76+SUMIF($Y$5:$Y$15,$C27,$AA$5:$AA$15) -> 58.498373 | G27: =MAX(F27,SUMIFS($Q$5:$Q$19999,$R$5:$R$19999,RIGHT($A27,3),$S$5:$S$19999,G$4)*VLOOKUP($C27,$Y$5:$Z$15,2,FALSE)/8.76)+SUMIF($Y$5:$Y$15,$C27,$AA$5:$AA$15) -> 64.712928 | H27: =MAX(G27,SUMIFS($Q$5:$Q$19999,$R$5:$R$19999,RIGHT($A27,3),$S$5:$S$19999,H$4)*VLOOKUP($C27,$Y$5:$Z$15,2,FALSE)/8.76)+SUMIF($Y$5:$Y$15,$C27,$AA$5:$AA$15) -> 75.71524 | I27: =MAX(H27,SUMIFS($Q$5:$Q$19999,$R$5:$R$19999,RIGHT($A27,3),$S$5:$S$19999,I$4)*VLOOKUP($C27,$Y$5:$Z$15,2,FALSE)/8.76)+SUMIF($Y$5:$Y$15,$C27,$AA$5:$AA$15) -> 83.93536 | J27: =MAX(I27,SUMIFS($Q$5:$Q$19999,$R$5:$R$19999,RIGHT($A27,3),$S$5:$S$19999,J$4)*VLOOKUP($C27,$Y$5:$Z$15,2,FALSE)/8.76)+SUMIF($Y$5:$Y$15,$C27,$AA$5:$AA$15) -> 89.314212 | K27: =MAX(J27,SUMIFS($Q$5:$Q$19999,$R$5:$R$19999,RIGHT($A27,3),$S$5:$S$19999,K$4)*VLOOKUP($C27,$Y$5:$Z$15,2,FALSE)/8.76)+SUMIF($Y$5:$Y$15,$C27,$AA$5:$AA$15) -> 92.492295 | L27: =MAX(K27,SUMIFS($Q$5:$Q$19999,$R$5:$R$19999,RIGHT($A27,3),$S$5:$S$19999,L$4)*VLOOKUP($C27,$Y$5:$Z$15,2,FALSE)/8.76)+SUMIF($Y$5:$Y$15,$C27,$AA$5:$AA$15) -> 94.505993 | M27: =MAX(L27,SUMIFS($Q$5:$Q$19999,$R$5:$R$19999,RIGHT($A27,3),$S$5:$S$19999,M$4)*VLOOKUP($C27,$Y$5:$Z$15,2,FALSE)/8.76)+SUMIF($Y$5:$Y$15,$C27,$AA$5:$AA$15) -> 96.25 | N27: =MAX(M27,SUMIFS($Q$5:$Q$19999,$R$5:$R$19999,RIGHT($A27,3),$S$5:$S$19999,N$4)*VLOOKUP($C27,$Y$5:$Z$15,2,FALSE)/8.76)+SUMIF($Y$5:$Y$15,$C27,$AA$5:$AA$15) -> 97.25 | O27: 3 | Q27: =OFFSET(S27,0,MATCH($Q$3,$T$4:$V$4,0)) -> 0.641 | R27: ABW | S27: 2042 | T27: 0.644 | U27: 0.647 | V27: 0.641 | Y27: NatGrdExt*9 | Z27: =Z26+25 -> 200
A28: BRN | B28: Brunei | C28: 1 | E28: ="NatGrdExt_"&A28&"_"&C28 -> NatGrdExt_BRN_1 | F28: =SUMIFS($Q$5:$Q$19999,$R$5:$R$19999,RIGHT($A28,3),$S$5:$S$19999,F$4)*VLOOKUP($C28,$Y$5:$Z$15,2,FALSE)/8.76+SUMIF($Y$5:$Y$15,$C28,$AA$5:$AA$15) -> 0.37902397 | G28: =MAX(F28,SUMIFS($Q$5:$Q$19999,$R$5:$R$19999,RIGHT($A28,3),$S$5:$S$19999,G$4)*VLOOKUP($C28,$Y$5:$Z$15,2,FALSE)/8.76)+SUMIF($Y$5:$Y$15,$C28,$AA$5:$AA$15) -> 0.40136986 | H28: =MAX(G28,SUMIFS($Q$5:$Q$19999,$R$5:$R$19999,RIGHT($A28,3),$S$5:$S$19999,H$4)*VLOOKUP($C28,$Y$5:$Z$15,2,FALSE)/8.76)+SUMIF($Y$5:$Y$15,$C28,$AA$5:$AA$15) -> 0.43732877 | I28: =MAX(H28,SUMIFS($Q$5:$Q$19999,$R$5:$R$19999,RIGHT($A28,3),$S$5:$S$19999,I$4)*VLOOKUP($C28,$Y$5:$Z$15,2,FALSE)/8.76)+SUMIF($Y$5:$Y$15,$C28,$AA$5:$AA$15) -> 0.46344178 | J28: =MAX(I28,SUMIFS($Q$5:$Q$19999,$R$5:$R$19999,RIGHT($A28,3),$S$5:$S$19999,J$4)*VLOOKUP($C28,$Y$5:$Z$15,2,FALSE)/8.76)+SUMIF($Y$5:$Y$15,$C28,$AA$5:$AA$15) -> 0.48330479 | K28: =MAX(J28,SUMIFS($Q$5:$Q$19999,$R$5:$R$19999,RIGHT($A28,3),$S$5:$S$19999,K$4)*VLOOKUP($C28,$Y$5:$Z$15,2,FALSE)/8.76)+SUMIF($Y$5:$Y$15,$C28,$AA$5:$AA$15) -> 0.49717466 | L28: =MAX(K28,SUMIFS($Q$5:$Q$19999,$R$5:$R$19999,RIGHT($A28,3),$S$5:$S$19999,L$4)*VLOOKUP($C28,$Y$5:$Z$15,2,FALSE)/8.76)+SUMIF($Y$5:$Y$15,$C28,$AA$5:$AA$15) -> 0.51061644 | M28: =MAX(L28,SUMIFS($Q$5:$Q$19999,$R$5:$R$19999,RIGHT($A28,3),$S$5:$S$19999,M$4)*VLOOKUP($C28,$Y$5:$Z$15,2,FALSE)/8.76)+SUMIF($Y$5:$Y$15,$C28,$AA$5:$AA$15) -> 0.52833904 | N28: =MAX(M28,SUMIFS($Q$5:$Q$19999,$R$5:$R$19999,RIGHT($A28,3),$S$5:$S$19999,N$4)*VLOOKUP($C28,$Y$5:$Z$15,2,FALSE)/8.76)+SUMIF($Y$5:$Y$15,$C28,$AA$5:$AA$15) -> 0.53912671 | O28: 3 | Q28: =OFFSET(S28,0,MATCH($Q$3,$T$4:$V$4,0)) -> 0.64 | R28: ABW | S28: 2043 | T28: 0.644 | U28: 0.647 | V28: 0.64 | Y28: NatGrdExt*10 | Z28: =Z27+25 -> 225
A29: BTN | B29: Bhutan | C29: 1 | E29: ="NatGrdExt_"&A29&"_"&C29 -> NatGrdExt_BTN_1 | F29: =SUMIFS($Q$5:$Q$19999,$R$5:$R$19999,RIGHT($A29,3),$S$5:$S$19999,F$4)*VLOOKUP($C29,$Y$5:$Z$15,2,FALSE)/8.76+SUMIF($Y$5:$Y$15,$C29,$AA$5:$AA$15) -> 0.041010274 | G29: =MAX(F29,SUMIFS($Q$5:$Q$19999,$R$5:$R$19999,RIGHT($A29,3),$S$5:$S$19999,G$4)*VLOOKUP($C29,$Y$5:$Z$15,2,FALSE)/8.76)+SUMIF($Y$5:$Y$15,$C29,$AA$5:$AA$15) -> 0.050342466 | H29: =MAX(G29,SUMIFS($Q$5:$Q$19999,$R$5:$R$19999,RIGHT($A29,3),$S$5:$S$19999,H$4)*VLOOKUP($C29,$Y$5:$Z$15,2,FALSE)/8.76)+SUMIF($Y$5:$Y$15,$C29,$AA$5:$AA$15) -> 0.073972603 | I29: =MAX(H29,SUMIFS($Q$5:$Q$19999,$R$5:$R$19999,RIGHT($A29,3),$S$5:$S$19999,I$4)*VLOOKUP($C29,$Y$5:$Z$15,2,FALSE)/8.76)+SUMIF($Y$5:$Y$15,$C29,$AA$5:$AA$15) -> 0.10479452 | J29: =MAX(I29,SUMIFS($Q$5:$Q$19999,$R$5:$R$19999,RIGHT($A29,3),$S$5:$S$19999,J$4)*VLOOKUP($C29,$Y$5:$Z$15,2,FALSE)/8.76)+SUMIF($Y$5:$Y$15,$C29,$AA$5:$AA$15) -> 0.14280822 | K29: =MAX(J29,SUMIFS($Q$5:$Q$19999,$R$5:$R$19999,RIGHT($A29,3),$S$5:$S$19999,K$4)*VLOOKUP($C29,$Y$5:$Z$15,2,FALSE)/8.76)+SUMIF($Y$5:$Y$15,$C29,$AA$5:$AA$15) -> 0.18527397 | L29: =MAX(K29,SUMIFS($Q$5:$Q$19999,$R$5:$R$19999,RIGHT($A29,3),$S$5:$S$19999,L$4)*VLOOKUP($C29,$Y$5:$Z$15,2,FALSE)/8.76)+SUMIF($Y$5:$Y$15,$C29,$AA$5:$AA$15) -> 0.2302226 | M29: =MAX(L29,SUMIFS($Q$5:$Q$19999,$R$5:$R$19999,RIGHT($A29,3),$S$5:$S$19999,M$4)*VLOOKUP($C29,$Y$5:$Z$15,2,FALSE)/8.76)+SUMIF($Y$5:$Y$15,$C29,$AA$5:$AA$15) -> 0.27739726 | N29: =MAX(M29,SUMIFS($Q$5:$Q$19999,$R$5:$R$19999,RIGHT($A29,3),$S$5:$S$19999,N$4)*VLOOKUP($C29,$Y$5:$Z$15,2,FALSE)/8.76)+SUMIF($Y$5:$Y$15,$C29,$AA$5:$AA$15) -> 0.3015411 | O29: 3 | Q29: =OFFSET(S29,0,MATCH($Q$3,$T$4:$V$4,0)) -> 0.638 | R29: ABW | S29: 2044 | T29: 0.643 | U29: 0.647 | V29: 0.638
A30: BWA | B30: Botswana | C30: 1 | E30: ="NatGrdExt_"&A30&"_"&C30 -> NatGrdExt_BWA_1 | F30: =SUMIFS($Q$5:$Q$19999,$R$5:$R$19999,RIGHT($A30,3),$S$5:$S$19999,F$4)*VLOOKUP($C30,$Y$5:$Z$15,2,FALSE)/8.76+SUMIF($Y$5:$Y$15,$C30,$AA$5:$AA$15) -> 0.48655822 | G30: =MAX(F30,SUMIFS($Q$5:$Q$19999,$R$5:$R$19999,RIGHT($A30,3),$S$5:$S$19999,G$4)*VLOOKUP($C30,$Y$5:$Z$15,2,FALSE)/8.76)+SUMIF($Y$5:$Y$15,$C30,$AA$5:$AA$15) -> 0.57217466 | H30: =MAX(G30,SUMIFS($Q$5:$Q$19999,$R$5:$R$19999,RIGHT($A30,3),$S$5:$S$19999,H$4)*VLOOKUP($C30,$Y$5:$Z$15,2,FALSE)/8.76)+SUMIF($Y$5:$Y$15,$C30,$AA$5:$AA$15) -> 0.73938356 | I30: =MAX(H30,SUMIFS($Q$5:$Q$19999,$R$5:$R$19999,RIGHT($A30,3),$S$5:$S$19999,I$4)*VLOOKUP($C30,$Y$5:$Z$15,2,FALSE)/8.76)+SUMIF($Y$5:$Y$15,$C30,$AA$5:$AA$15) -> 0.89118151 | J30: =MAX(I30,SUMIFS($Q$5:$Q$19999,$R$5:$R$19999,RIGHT($A30,3),$S$5:$S$19999,J$4)*VLOOKUP($C30,$Y$5:$Z$15,2,FALSE)/8.76)+SUMIF($Y$5:$Y$15,$C30,$AA$5:$AA$15) -> 1.0134418 | K30: =MAX(J30,SUMIFS($Q$5:$Q$19999,$R$5:$R$19999,RIGHT($A30,3),$S$5:$S$19999,K$4)*VLOOKUP($C30,$Y$5:$Z$15,2,FALSE)/8.76)+SUMIF($Y$5:$Y$15,$C30,$AA$5:$AA$15) -> 1.0991438 | L30: =MAX(K30,SUMIFS($Q$5:$Q$19999,$R$5:$R$19999,RIGHT($A30,3),$S$5:$S$19999,L$4)*VLOOKUP($C30,$Y$5:$Z$15,2,FALSE)/8.76)+SUMIF($Y$5:$Y$15,$C30,$AA$5:$AA$15) -> 1.1585616 | M30: =MAX(L30,SUMIFS($Q$5:$Q$19999,$R$5:$R$19999,RIGHT($A30,3),$S$5:$S$19999,M$4)*VLOOKUP($C30,$Y$5:$Z$15,2,FALSE)/8.76)+SUMIF($Y$5:$Y$15,$C30,$AA$5:$AA$15) -> 1.2000856 | N30: =MAX(M30,SUMIFS($Q$5:$Q$19999,$R$5:$R$19999,RIGHT($A30,3),$S$5:$S$19999,N$4)*VLOOKUP($C30,$Y$5:$Z$15,2,FALSE)/8.76)+SUMIF($Y$5:$Y$15,$C30,$AA$5:$AA$15) -> 1.2139555 | O30: 3 | Q30: =OFFSET(S30,0,MATCH($Q$3,$T$4:$V$4,0)) -> 0.637 | R30: ABW | S30: 2045 | T30: 0.642 | U30: 0.647 | V30: 0.637
A31: CAF | B31: Central African Republic | C31: 1 | E31: ="NatGrdExt_"&A31&"_"&C31 -> NatGrdExt_CAF_1 | F31: =SUMIFS($Q$5:$Q$19999,$R$5:$R$19999,RIGHT($A31,3),$S$5:$S$19999,F$4)*VLOOKUP($C31,$Y$5:$Z$15,2,FALSE)/8.76+SUMIF($Y$5:$Y$15,$C31,$AA$5:$AA$15) -> 0.072431507 | G31: =MAX(F31,SUMIFS($Q$5:$Q$19999,$R$5:$R$19999,RIGHT($A31,3),$S$5:$S$19999,G$4)*VLOOKUP($C31,$Y$5:$Z$15,2,FALSE)/8.76)+SUMIF($Y$5:$Y$15,$C31,$AA$5:$AA$15) -> 0.099743151 | H31: =MAX(G31,SUMIFS($Q$5:$Q$19999,$R$5:$R$19999,RIGHT($A31,3),$S$5:$S$19999,H$4)*VLOOKUP($C31,$Y$5:$Z$15,2,FALSE)/8.76)+SUMIF($Y$5:$Y$15,$C31,$AA$5:$AA$15) -> 0.18116438 | I31: =MAX(H31,SUMIFS($Q$5:$Q$19999,$R$5:$R$19999,RIGHT($A31,3),$S$5:$S$19999,I$4)*VLOOKUP($C31,$Y$5:$Z$15,2,FALSE)/8.76)+SUMIF($Y$5:$Y$15,$C31,$AA$5:$AA$15) -> 0.31190068 | J31: =MAX(I31,SUMIFS($Q$5:$Q$19999,$R$5:$R$19999,RIGHT($A31,3),$S$5:$S$19999,J$4)*VLOOKUP($C31,$Y$5:$Z$15,2,FALSE)/8.76)+SUMIF($Y$5:$Y$15,$C31,$AA$5:$AA$15) -> 0.51155822 | K31: =MAX(J31,SUMIFS($Q$5:$Q$19999,$R$5:$R$19999,RIGHT($A31,3),$S$5:$S$19999,K$4)*VLOOKUP($C31,$Y$5:$Z$15,2,FALSE)/8.76)+SUMIF($Y$5:$Y$15,$C31,$AA$5:$AA$15) -> 0.7922089 | L31: =MAX(K31,SUMIFS($Q$5:$Q$19999,$R$5:$R$19999,RIGHT($A31,3),$S$5:$S$19999,L$4)*VLOOKUP($C31,$Y$5:$Z$15,2,FALSE)/8.76)+SUMIF($Y$5:$Y$15,$C31,$AA$5:$AA$15) -> 1.153339 | M31: =MAX(L31,SUMIFS($Q$5:$Q$19999,$R$5:$R$19999,RIGHT($A31,3),$S$5:$S$19999,M$4)*VLOOKUP($C31,$Y$5:$Z$15,2,FALSE)/8.76)+SUMIF($Y$5:$Y$15,$C31,$AA$5:$AA$15) -> 1.5762842 | N31: =MAX(M31,SUMIFS($Q$5:$Q$19999,$R$5:$R$19999,RIGHT($A31,3),$S$5:$S$19999,N$4)*VLOOKUP($C31,$Y$5:$Z$15,2,FALSE)/8.76)+SUMIF($Y$5:$Y$15,$C31,$AA$5:$AA$15) -> 1.7989726 | O31: 3 | Q31: =OFFSET(S31,0,MATCH($Q$3,$T$4:$V$4,0)) -> 0.636 | R31: ABW | S31: 2046 | T31: 0.641 | U31: 0.646 | V31: 0.636
A32: CAN | B32: Canada | C32: 1 | E32: ="NatGrdExt_"&A32&"_"&C32 -> NatGrdExt_CAN_1 | F32: =SUMIFS($Q$5:$Q$19999,$R$5:$R$19999,RIGHT($A32,3),$S$5:$S$19999,F$4)*VLOOKUP($C32,$Y$5:$Z$15,2,FALSE)/8.76+SUMIF($Y$5:$Y$15,$C32,$AA$5:$AA$15) -> 55.382021 | G32: =MAX(F32,SUMIFS($Q$5:$Q$19999,$R$5:$R$19999,RIGHT($A32,3),$S$5:$S$19999,G$4)*VLOOKUP($C32,$Y$5:$Z$15,2,FALSE)/8.76)+SUMIF($Y$5:$Y$15,$C32,$AA$5:$AA$15) -> 56.318065 | H32: =MAX(G32,SUMIFS($Q$5:$Q$19999,$R$5:$R$19999,RIGHT($A32,3),$S$5:$S$19999,H$4)*VLOOKUP($C32,$Y$5:$Z$15,2,FALSE)/8.76)+SUMIF($Y$5:$Y$15,$C32,$AA$5:$AA$15) -> 56.935959 | I32: =MAX(H32,SUMIFS($Q$5:$Q$19999,$R$5:$R$19999,RIGHT($A32,3),$S$5:$S$19999,I$4)*VLOOKUP($C32,$Y$5:$Z$15,2,FALSE)/8.76)+SUMIF($Y$5:$Y$15,$C32,$AA$5:$AA$15) -> 57.066182 | J32: =MAX(I32,SUMIFS($Q$5:$Q$19999,$R$5:$R$19999,RIGHT($A32,3),$S$5:$S$19999,J$4)*VLOOKUP($C32,$Y$5:$Z$15,2,FALSE)/8.76)+SUMIF($Y$5:$Y$15,$C32,$AA$5:$AA$15) -> 57.452397 | K32: =MAX(J32,SUMIFS($Q$5:$Q$19999,$R$5:$R$19999,RIGHT($A32,3),$S$5:$S$19999,K$4)*VLOOKUP($C32,$Y$5:$Z$15,2,FALSE)/8.76)+SUMIF($Y$5:$Y$15,$C32,$AA$5:$AA$15) -> 58.275171 | L32: =MAX(K32,SUMIFS($Q$5:$Q$19999,$R$5:$R$19999,RIGHT($A32,3),$S$5:$S$19999,L$4)*VLOOKUP($C32,$Y$5:$Z$15,2,FALSE)/8.76)+SUMIF($Y$5:$Y$15,$C32,$AA$5:$AA$15) -> 59.363442 | M32: =MAX(L32,SUMIFS($Q$5:$Q$19999,$R$5:$R$19999,RIGHT($A32,3),$S$5:$S$19999,M$4)*VLOOKUP($C32,$Y$5:$Z$15,2,FALSE)/8.76)+SUMIF($Y$5:$Y$15,$C32,$AA$5:$AA$15) -> 61.034675 | N32: =MAX(M32,SUMIFS($Q$5:$Q$19999,$R$5:$R$19999,RIGHT($A32,3),$S$5:$S$19999,N$4)*VLOOKUP($C32,$Y$5:$Z$15,2,FALSE)/8.76)+SUMIF($Y$5:$Y$15,$C32,$AA$5:$AA$15) -> 62.202397 | O32: 3 | Q32: =OFFSET(S32,0,MATCH($Q$3,$T$4:$V$4,0)) -> 0.635 | R32: ABW | S32: 2047 | T32: 0.641 | U32: 0.646 | V32: 0.635
A33: CHE | B33: Switzerland | C33: 1 | E33: ="NatGrdExt_"&A33&"_"&C33 -> NatGrdExt_CHE_1 | F33: =SUMIFS($Q$5:$Q$19999,$R$5:$R$19999,RIGHT($A33,3),$S$5:$S$19999,F$4)*VLOOKUP($C33,$Y$5:$Z$15,2,FALSE)/8.76+SUMIF($Y$5:$Y$15,$C33,$AA$5:$AA$15) -> 6.2571062 | G33: =MAX(F33,SUMIFS($Q$5:$Q$19999,$R$5:$R$19999,RIGHT($A33,3),$S$5:$S$19999,G$4)*VLOOKUP($C33,$Y$5:$Z$15,2,FALSE)/8.76)+SUMIF($Y$5:$Y$15,$C33,$AA$5:$AA$15) -> 6.3726884 | H33: =MAX(G33,SUMIFS($Q$5:$Q$19999,$R$5:$R$19999,RIGHT($A33,3),$S$5:$S$19999,H$4)*VLOOKUP($C33,$Y$5:$Z$15,2,FALSE)/8.76)+SUMIF($Y$5:$Y$15,$C33,$AA$5:$AA$15) -> 6.4632705 | I33: =MAX(H33,SUMIFS($Q$5:$Q$19999,$R$5:$R$19999,RIGHT($A33,3),$S$5:$S$19999,I$4)*VLOOKUP($C33,$Y$5:$Z$15,2,FALSE)/8.76)+SUMIF($Y$5:$Y$15,$C33,$AA$5:$AA$15) -> 6.4907534 | J33: =MAX(I33,SUMIFS($Q$5:$Q$19999,$R$5:$R$19999,RIGHT($A33,3),$S$5:$S$19999,J$4)*VLOOKUP($C33,$Y$5:$Z$15,2,FALSE)/8.76)+SUMIF($Y$5:$Y$15,$C33,$AA$5:$AA$15) -> 6.4928082 | K33: =MAX(J33,SUMIFS($Q$5:$Q$19999,$R$5:$R$19999,RIGHT($A33,3),$S$5:$S$19999,K$4)*VLOOKUP($C33,$Y$5:$Z$15,2,FALSE)/8.76)+SUMIF($Y$5:$Y$15,$C33,$AA$5:$AA$15) -> 6.5224315 | L33: =MAX(K33,SUMIFS($Q$5:$Q$19999,$R$5:$R$19999,RIGHT($A33,3),$S$5:$S$19999,L$4)*VLOOKUP($C33,$Y$5:$Z$15,2,FALSE)/8.76)+SUMIF($Y$5:$Y$15,$C33,$AA$5:$AA$15) -> 6.6097603 | M33: =MAX(L33,SUMIFS($Q$5:$Q$19999,$R$5:$R$19999,RIGHT($A33,3),$S$5:$S$19999,M$4)*VLOOKUP($C33,$Y$5:$Z$15,2,FALSE)/8.76)+SUMIF($Y$5:$Y$15,$C33,$AA$5:$AA$15) -> 6.8068493 | N33: =MAX(M33,SUMIFS($Q$5:$Q$19999,$R$5:$R$19999,RIGHT($A33,3),$S$5:$S$19999,N$4)*VLOOKUP($C33,$Y$5:$Z$15,2,FALSE)/8.76)+SUMIF($Y$5:$Y$15,$C33,$AA$5:$AA$15) -> 6.9576199 | O33: 3 | Q33: =OFFSET(S33,0,MATCH($Q$3,$T$4:$V$4,0)) -> 0.634 | R33: ABW | S33: 2048 | T33: 0.64 | U33: 0.646 | V33: 0.634
A34: CHL | B34: Chile | C34: 1 | E34: ="NatGrdExt_"&A34&"_"&C34 -> NatGrdExt_CHL_1 | F34: =SUMIFS($Q$5:$Q$19999,$R$5:$R$19999,RIGHT($A34,3),$S$5:$S$19999,F$4)*VLOOKUP($C34,$Y$5:$Z$15,2,FALSE)/8.76+SUMIF($Y$5:$Y$15,$C34,$AA$5:$AA$15) -> 7.7935788 | G34: =MAX(F34,SUMIFS($Q$5:$Q$19999,$R$5:$R$19999,RIGHT($A34,3),$S$5:$S$19999,G$4)*VLOOKUP($C34,$Y$5:$Z$15,2,FALSE)/8.76)+SUMIF($Y$5:$Y$15,$C34,$AA$5:$AA$15) -> 8.4483733 | H34: =MAX(G34,SUMIFS($Q$5:$Q$19999,$R$5:$R$19999,RIGHT($A34,3),$S$5:$S$19999,H$4)*VLOOKUP($C34,$Y$5:$Z$15,2,FALSE)/8.76)+SUMIF($Y$5:$Y$15,$C34,$AA$5:$AA$15) -> 9.4372432 | I34: =MAX(H34,SUMIFS($Q$5:$Q$19999,$R$5:$R$19999,RIGHT($A34,3),$S$5:$S$19999,I$4)*VLOOKUP($C34,$Y$5:$Z$15,2,FALSE)/8.76)+SUMIF($Y$5:$Y$15,$C34,$AA$5:$AA$15) -> 9.9871575 | J34: =MAX(I34,SUMIFS($Q$5:$Q$19999,$R$5:$R$19999,RIGHT($A34,3),$S$5:$S$19999,J$4)*VLOOKUP($C34,$Y$5:$Z$15,2,FALSE)/8.76)+SUMIF($Y$5:$Y$15,$C34,$AA$5:$AA$15) -> 10.289555 | K34: =MAX(J34,SUMIFS($Q$5:$Q$19999,$R$5:$R$19999,RIGHT($A34,3),$S$5:$S$19999,K$4)*VLOOKUP($C34,$Y$5:$Z$15,2,FALSE)/8.76)+SUMIF($Y$5:$Y$15,$C34,$AA$5:$AA$15) -> 10.451884 | L34: =MAX(K34,SUMIFS($Q$5:$Q$19999,$R$5:$R$19999,RIGHT($A34,3),$S$5:$S$19999,L$4)*VLOOKUP($C34,$Y$5:$Z$15,2,FALSE)/8.76)+SUMIF($Y$5:$Y$15,$C34,$AA$5:$AA$15) -> 10.544777 | M34: =MAX(L34,SUMIFS($Q$5:$Q$19999,$R$5:$R$19999,RIGHT($A34,3),$S$5:$S$19999,M$4)*VLOOKUP($C34,$Y$5:$Z$15,2,FALSE)/8.76)+SUMIF($Y$5:$Y$15,$C34,$AA$5:$AA$15) -> 10.650942 | N34: =MAX(M34,SUMIFS($Q$5:$Q$19999,$R$5:$R$19999,RIGHT($A34,3),$S$5:$S$19999,N$4)*VLOOKUP($C34,$Y$5:$Z$15,2,FALSE)/8.76)+SUMIF($Y$5:$Y$15,$C34,$AA$5:$AA$15) -> 10.728938 | O34: 3 | Q34: =OFFSET(S34,0,MATCH($Q$3,$T$4:$V$4,0)) -> 0.633 | R34: ABW | S34: 2049 | T34: 0.64 | U34: 0.646 | V34: 0.633
A35: CHN | B35: China | C35: 1 | E35: ="NatGrdExt_"&A35&"_"&C35 -> NatGrdExt_CHN_1 | F35: =SUMIFS($Q$5:$Q$19999,$R$5:$R$19999,RIGHT($A35,3),$S$5:$S$19999,F$4)*VLOOKUP($C35,$Y$5:$Z$15,2,FALSE)/8.76+SUMIF($Y$5:$Y$15,$C35,$AA$5:$AA$15) -> 1054.024 | G35: =MAX(F35,SUMIFS($Q$5:$Q$19999,$R$5:$R$19999,RIGHT($A35,3),$S$5:$S$19999,G$4)*VLOOKUP($C35,$Y$5:$Z$15,2,FALSE)/8.76)+SUMIF($Y$5:$Y$15,$C35,$AA$5:$AA$15) -> 1310 | H35: =MAX(G35,SUMIFS($Q$5:$Q$19999,$R$5:$R$19999,RIGHT($A35,3),$S$5:$S$19999,H$4)*VLOOKUP($C35,$Y$5:$Z$15,2,FALSE)/8.76)+SUMIF($Y$5:$Y$15,$C35,$AA$5:$AA$15) -> 1642.2517 | I35: =MAX(H35,SUMIFS($Q$5:$Q$19999,$R$5:$R$19999,RIGHT($A35,3),$S$5:$S$19999,I$4)*VLOOKUP($C35,$Y$5:$Z$15,2,FALSE)/8.76)+SUMIF($Y$5:$Y$15,$C35,$AA$5:$AA$15) -> 1735.1798 | J35: =MAX(I35,SUMIFS($Q$5:$Q$19999,$R$5:$R$19999,RIGHT($A35,3),$S$5:$S$19999,J$4)*VLOOKUP($C35,$Y$5:$Z$15,2,FALSE)/8.76)+SUMIF($Y$5:$Y$15,$C35,$AA$5:$AA$15) -> 1735.1798 | K35: =MAX(J35,SUMIFS($Q$5:$Q$19999,$R$5:$R$19999,RIGHT($A35,3),$S$5:$S$19999,K$4)*VLOOKUP($C35,$Y$5:$Z$15,2,FALSE)/8.76)+SUMIF($Y$5:$Y$15,$C35,$AA$5:$AA$15) -> 1735.1798 | L35: =MAX(K35,SUMIFS($Q$5:$Q$19999,$R$5:$R$19999,RIGHT($A35,3),$S$5:$S$19999,L$4)*VLOOKUP($C35,$Y$5:$Z$15,2,FALSE)/8.76)+SUMIF($Y$5:$Y$15,$C35,$AA$5:$AA$15) -> 1735.1798 | M35: =MAX(L35,SUMIFS($Q$5:$Q$19999,$R$5:$R$19999,RIGHT($A35,3),$S$5:$S$19999,M$4)*VLOOKUP($C35,$Y$5:$Z$15,2,FALSE)/8.76)+SUMIF($Y$5:$Y$15,$C35,$AA$5:$AA$15) -> 1735.1798 | N35: =MAX(M35,SUMIFS($Q$5:$Q$19999,$R$5:$R$19999,RIGHT($A35,3),$S$5:$S$19999,N$4)*VLOOKUP($C35,$Y$5:$Z$15,2,FALSE)/8.76)+SUMIF($Y$5:$Y$15,$C35,$AA$5:$AA$15) -> 1735.1798 | O35: 3 | Q35: =OFFSET(S35,0,MATCH($Q$3,$T$4:$V$4,0)) -> 0.632 | R35: ABW | S35: 2050 | T35: 0.639 | U35: 0.646 | V35: 0.632
A36: CIV | B36: Ivory Coast | C36: 1 | E36: ="NatGrdExt_"&A36&"_"&C36 -> NatGrdExt_CIV_1 | F36: =SUMIFS($Q$5:$Q$19999,$R$5:$R$19999,RIGHT($A36,3),$S$5:$S$19999,F$4)*VLOOKUP($C36,$Y$5:$Z$15,2,FALSE)/8.76+SUMIF($Y$5:$Y$15,$C36,$AA$5:$AA$15) -> 0.91678082 | G36: =MAX(F36,SUMIFS($Q$5:$Q$19999,$R$5:$R$19999,RIGHT($A36,3),$S$5:$S$19999,G$4)*VLOOKUP($C36,$Y$5:$Z$15,2,FALSE)/8.76)+SUMIF($Y$5:$Y$15,$C36,$AA$5:$AA$15) -> 1.2166952 | H36: =MAX(G36,SUMIFS($Q$5:$Q$19999,$R$5:$R$19999,RIGHT($A36,3),$S$5:$S$19999,H$4)*VLOOKUP($C36,$Y$5:$Z$15,2,FALSE)/8.76)+SUMIF($Y$5:$Y$15,$C36,$AA$5:$AA$15) -> 2.0429795 | I36: =MAX(H36,SUMIFS($Q$5:$Q$19999,$R$5:$R$19999,RIGHT($A36,3),$S$5:$S$19999,I$4)*VLOOKUP($C36,$Y$5:$Z$15,2,FALSE)/8.76)+SUMIF($Y$5:$Y$15,$C36,$AA$5:$AA$15) -> 3.246661 | J36: =MAX(I36,SUMIFS($Q$5:$Q$19999,$R$5:$R$19999,RIGHT($A36,3),$S$5:$S$19999,J$4)*VLOOKUP($C36,$Y$5:$Z$15,2,FALSE)/8.76)+SUMIF($Y$5:$Y$15,$C36,$AA$5:$AA$15) -> 4.8924658 | K36: =MAX(J36,SUMIFS($Q$5:$Q$19999,$R$5:$R$19999,RIGHT($A36,3),$S$5:$S$19999,K$4)*VLOOKUP($C36,$Y$5:$Z$15,2,FALSE)/8.76)+SUMIF($Y$5:$Y$15,$C36,$AA$5:$AA$15) -> 6.9691781 | L36: =MAX(K36,SUMIFS($Q$5:$Q$19999,$R$5:$R$19999,RIGHT($A36,3),$S$5:$S$19999,L$4)*VLOOKUP($C36,$Y$5:$Z$15,2,FALSE)/8.76)+SUMIF($Y$5:$Y$15,$C36,$AA$5:$AA$15) -> 9.3749144 | M36: =MAX(L36,SUMIFS($Q$5:$Q$19999,$R$5:$R$19999,RIGHT($A36,3),$S$5:$S$19999,M$4)*VLOOKUP($C36,$Y$5:$Z$15,2,FALSE)/8.76)+SUMIF($Y$5:$Y$15,$C36,$AA$5:$AA$15) -> 11.949743 | N36: =MAX(M36,SUMIFS($Q$5:$Q$19999,$R$5:$R$19999,RIGHT($A36,3),$S$5:$S$19999,N$4)*VLOOKUP($C36,$Y$5:$Z$15,2,FALSE)/8.76)+SUMIF($Y$5:$Y$15,$C36,$AA$5:$AA$15) -> 13.239384 | O36: 3 | Q36: =OFFSET(S36,0,MATCH($Q$3,$T$4:$V$4,0)) -> 0.631 | R36: ABW | S36: 2051 | T36: 0.638 | U36: 0.647 | V36: 0.631
A37: CMR | B37: Cameroon | C37: 1 | E37: ="NatGrdExt_"&A37&"_"&C37 -> NatGrdExt_CMR_1 | F37: =SUMIFS($Q$5:$Q$19999,$R$5:$R$19999,RIGHT($A37,3),$S$5:$S$19999,F$4)*VLOOKUP($C37,$Y$5:$Z$15,2,FALSE)/8.76+SUMIF($Y$5:$Y$15,$C37,$AA$5:$AA$15) -> 1.0303082 | G37: =MAX(F37,SUMIFS($Q$5:$Q$19999,$R$5:$R$19999,RIGHT($A37,3),$S$5:$S$19999,G$4)*VLOOKUP($C37,$Y$5:$Z$15,2,FALSE)/8.76)+SUMIF($Y$5:$Y$15,$C37,$AA$5:$AA$15) -> 1.3630137 | H37: =MAX(G37,SUMIFS($Q$5:$Q$19999,$R$5:$R$19999,RIGHT($A37,3),$S$5:$S$19999,H$4)*VLOOKUP($C37,$Y$5:$Z$15,2,FALSE)/8.76)+SUMIF($Y$5:$Y$15,$C37,$AA$5:$AA$15) -> 2.2708904 | I37: =MAX(H37,SUMIFS($Q$5:$Q$19999,$R$5:$R$19999,RIGHT($A37,3),$S$5:$S$19999,I$4)*VLOOKUP($C37,$Y$5:$Z$15,2,FALSE)/8.76)+SUMIF($Y$5:$Y$15,$C37,$AA$5:$AA$15) -> 3.5636986 | J37: =MAX(I37,SUMIFS($Q$5:$Q$19999,$R$5:$R$19999,RIGHT($A37,3),$S$5:$S$19999,J$4)*VLOOKUP($C37,$Y$5:$Z$15,2,FALSE)/8.76)+SUMIF($Y$5:$Y$15,$C37,$AA$5:$AA$15) -> 5.2840753 | K37: =MAX(J37,SUMIFS($Q$5:$Q$19999,$R$5:$R$19999,RIGHT($A37,3),$S$5:$S$19999,K$4)*VLOOKUP($C37,$Y$5:$Z$15,2,FALSE)/8.76)+SUMIF($Y$5:$Y$15,$C37,$AA$5:$AA$15) -> 7.3960616 | L37: =MAX(K37,SUMIFS($Q$5:$Q$19999,$R$5:$R$19999,RIGHT($A37,3),$S$5:$S$19999,L$4)*VLOOKUP($C37,$Y$5:$Z$15,2,FALSE)/8.76)+SUMIF($Y$5:$Y$15,$C37,$AA$5:$AA$15) -> 9.7738014 | M37: =MAX(L37,SUMIFS($Q$5:$Q$19999,$R$5:$R$19999,RIGHT($A37,3),$S$5:$S$19999,M$4)*VLOOKUP($C37,$Y$5:$Z$15,2,FALSE)/8.76)+SUMIF($Y$5:$Y$15,$C37,$AA$5:$AA$15) -> 12.222945 | N37: =MAX(M37,SUMIFS($Q$5:$Q$19999,$R$5:$R$19999,RIGHT($A37,3),$S$5:$S$19999,N$4)*VLOOKUP($C37,$Y$5:$Z$15,2,FALSE)/8.76)+SUMIF($Y$5:$Y$15,$C37,$AA$5:$AA$15) -> 13.410616 | O37: 3 | Q37: =OFFSET(S37,0,MATCH($Q$3,$T$4:$V$4,0)) -> 0.63 | R37: ABW | S37: 2052 | T37: 0.636 | U37: 0.647 | V37: 0.63
A38: COD | B38: Democratic Republic of Congo | C38: 1 | E38: ="NatGrdExt_"&A38&"_"&C38 -> NatGrdExt_COD_1 | F38: =SUMIFS($Q$5:$Q$19999,$R$5:$R$19999,RIGHT($A38,3),$S$5:$S$19999,F$4)*VLOOKUP($C38,$Y$5:$Z$15,2,FALSE)/8.76+SUMIF($Y$5:$Y$15,$C38,$AA$5:$AA$15) -> 1.7320205 | G38: =MAX(F38,SUMIFS($Q$5:$Q$19999,$R$5:$R$19999,RIGHT($A38,3),$S$5:$S$19999,G$4)*VLOOKUP($C38,$Y$5:$Z$15,2,FALSE)/8.76)+SUMIF($Y$5:$Y$15,$C38,$AA$5:$AA$15) -> 2.4438356 | H38: =MAX(G38,SUMIFS($Q$5:$Q$19999,$R$5:$R$19999,RIGHT($A38,3),$S$5:$S$19999,H$4)*VLOOKUP($C38,$Y$5:$Z$15,2,FALSE)/8.76)+SUMIF($Y$5:$Y$15,$C38,$AA$5:$AA$15) -> 4.6630137 | I38: =MAX(H38,SUMIFS($Q$5:$Q$19999,$R$5:$R$19999,RIGHT($A38,3),$S$5:$S$19999,I$4)*VLOOKUP($C38,$Y$5:$Z$15,2,FALSE)/8.76)+SUMIF($Y$5:$Y$15,$C38,$AA$5:$AA$15) -> 8.3564212 | J38: =MAX(I38,SUMIFS($Q$5:$Q$19999,$R$5:$R$19999,RIGHT($A38,3),$S$5:$S$19999,J$4)*VLOOKUP($C38,$Y$5:$Z$15,2,FALSE)/8.76)+SUMIF($Y$5:$Y$15,$C38,$AA$5:$AA$15) -> 14.096147 | K38: =MAX(J38,SUMIFS($Q$5:$Q$19999,$R$5:$R$19999,RIGHT($A38,3),$S$5:$S$19999,K$4)*VLOOKUP($C38,$Y$5:$Z$15,2,FALSE)/8.76)+SUMIF($Y$5:$Y$15,$C38,$AA$5:$AA$15) -> 22.335445 | L38: =MAX(K38,SUMIFS($Q$5:$Q$19999,$R$5:$R$19999,RIGHT($A38,3),$S$5:$S$19999,L$4)*VLOOKUP($C38,$Y$5:$Z$15,2,FALSE)/8.76)+SUMIF($Y$5:$Y$15,$C38,$AA$5:$AA$15) -> 33.144606 | M38: =MAX(L38,SUMIFS($Q$5:$Q$19999,$R$5:$R$19999,RIGHT($A38,3),$S$5:$S$19999,M$4)*VLOOKUP($C38,$Y$5:$Z$15,2,FALSE)/8.76)+SUMIF($Y$5:$Y$15,$C38,$AA$5:$AA$15) -> 45.978682 | N38: =MAX(M38,SUMIFS($Q$5:$Q$19999,$R$5:$R$19999,RIGHT($A38,3),$S$5:$S$19999,N$4)*VLOOKUP($C38,$Y$5:$Z$15,2,FALSE)/8.76)+SUMIF($Y$5:$Y$15,$C38,$AA$5:$AA$15) -> 52.798801 | O38: 3 | Q38: =OFFSET(S38,0,MATCH($Q$3,$T$4:$V$4,0)) -> 0.629 | R38: ABW | S38: 2053 | T38: 0.635 | U38: 0.648 | V38: 0.629
A39: COG | B39: Republic of Congo | C39: 1 | E39: ="NatGrdExt_"&A39&"_"&C39 -> NatGrdExt_COG_1 | F39: =SUMIFS($Q$5:$Q$19999,$R$5:$R$19999,RIGHT($A39,3),$S$5:$S$19999,F$4)*VLOOKUP($C39,$Y$5:$Z$15,2,FALSE)/8.76+SUMIF($Y$5:$Y$15,$C39,$AA$5:$AA$15) -> 0.1552226 | G39: =MAX(F39,SUMIFS($Q$5:$Q$19999,$R$5:$R$19999,RIGHT($A39,3),$S$5:$S$19999,G$4)*VLOOKUP($C39,$Y$5:$Z$15,2,FALSE)/8.76)+SUMIF($Y$5:$Y$15,$C39,$AA$5:$AA$15) -> 0.21087329 | H39: =MAX(G39,SUMIFS($Q$5:$Q$19999,$R$5:$R$19999,RIGHT($A39,3),$S$5:$S$19999,H$4)*VLOOKUP($C39,$Y$5:$Z$15,2,FALSE)/8.76)+SUMIF($Y$5:$Y$15,$C39,$AA$5:$AA$15) -> 0.37380137 | I39: =MAX(H39,SUMIFS($Q$5:$Q$19999,$R$5:$R$19999,RIGHT($A39,3),$S$5:$S$19999,I$4)*VLOOKUP($C39,$Y$5:$Z$15,2,FALSE)/8.76)+SUMIF($Y$5:$Y$15,$C39,$AA$5:$AA$15) -> 0.62363014 | J39: =MAX(I39,SUMIFS($Q$5:$Q$19999,$R$5:$R$19999,RIGHT($A39,3),$S$5:$S$19999,J$4)*VLOOKUP($C39,$Y$5:$Z$15,2,FALSE)/8.76)+SUMIF($Y$5:$Y$15,$C39,$AA$5:$AA$15) -> 0.98630137 | K39: =MAX(J39,SUMIFS($Q$5:$Q$19999,$R$5:$R$19999,RIGHT($A39,3),$S$5:$S$19999,K$4)*VLOOKUP($C39,$Y$5:$Z$15,2,FALSE)/8.76)+SUMIF($Y$5:$Y$15,$C39,$AA$5:$AA$15) -> 1.4732877 | L39: =MAX(K39,SUMIFS($Q$5:$Q$19999,$R$5:$R$19999,RIGHT($A39,3),$S$5:$S$19999,L$4)*VLOOKUP($C39,$Y$5:$Z$15,2,FALSE)/8.76)+SUMIF($Y$5:$Y$15,$C39,$AA$5:$AA$15) -> 2.0691781 | M39: =MAX(L39,SUMIFS($Q$5:$Q$19999,$R$5:$R$19999,RIGHT($A39,3),$S$5:$S$19999,M$4)*VLOOKUP($C39,$Y$5:$Z$15,2,FALSE)/8.76)+SUMIF($Y$5:$Y$15,$C39,$AA$5:$AA$15) -> 2.7295377 | N39: =MAX(M39,SUMIFS($Q$5:$Q$19999,$R$5:$R$19999,RIGHT($A39,3),$S$5:$S$19999,N$4)*VLOOKUP($C39,$Y$5:$Z$15,2,FALSE)/8.76)+SUMIF($Y$5:$Y$15,$C39,$AA$5:$AA$15) -> 3.0643836 | O39: 3 | Q39: =OFFSET(S39,0,MATCH($Q$3,$T$4:$V$4,0)) -> 0.628 | R39: ABW | S39: 2054 | T39: 0.634 | U39: 0.648 | V39: 0.628
A40: COL | B40: Colombia | C40: 1 | E40: ="NatGrdExt_"&A40&"_"&C40 -> NatGrdExt_COL_1 | F40: =SUMIFS($Q$5:$Q$19999,$R$5:$R$19999,RIGHT($A40,3),$S$5:$S$19999,F$4)*VLOOKUP($C40,$Y$5:$Z$15,2,FALSE)/8.76+SUMIF($Y$5:$Y$15,$C40,$AA$5:$AA$15) -> 7.2992295 | G40: =MAX(F40,SUMIFS($Q$5:$Q$19999,$R$5:$R$19999,RIGHT($A40,3),$S$5:$S$19999,G$4)*VLOOKUP($C40,$Y$5:$Z$15,2,FALSE)/8.76)+SUMIF($Y$5:$Y$15,$C40,$AA$5:$AA$15) -> 8.360274 | H40: =MAX(G40,SUMIFS($Q$5:$Q$19999,$R$5:$R$19999,RIGHT($A40,3),$S$5:$S$19999,H$4)*VLOOKUP($C40,$Y$5:$Z$15,2,FALSE)/8.76)+SUMIF($Y$5:$Y$15,$C40,$AA$5:$AA$15) -> 10.702654 | I40: =MAX(H40,SUMIFS($Q$5:$Q$19999,$R$5:$R$19999,RIGHT($A40,3),$S$5:$S$19999,I$4)*VLOOKUP($C40,$Y$5:$Z$15,2,FALSE)/8.76)+SUMIF($Y$5:$Y$15,$C40,$AA$5:$AA$15) -> 13.145205 | J40: =MAX(I40,SUMIFS($Q$5:$Q$19999,$R$5:$R$19999,RIGHT($A40,3),$S$5:$S$19999,J$4)*VLOOKUP($C40,$Y$5:$Z$15,2,FALSE)/8.76)+SUMIF($Y$5:$Y$15,$C40,$AA$5:$AA$15) -> 15.538613 | K40: =MAX(J40,SUMIFS($Q$5:$Q$19999,$R$5:$R$19999,RIGHT($A40,3),$S$5:$S$19999,K$4)*VLOOKUP($C40,$Y$5:$Z$15,2,FALSE)/8.76)+SUMIF($Y$5:$Y$15,$C40,$AA$5:$AA$15) -> 17.78125 | L40: =MAX(K40,SUMIFS($Q$5:$Q$19999,$R$5:$R$19999,RIGHT($A40,3),$S$5:$S$19999,L$4)*VLOOKUP($C40,$Y$5:$Z$15,2,FALSE)/8.76)+SUMIF($Y$5:$Y$15,$C40,$AA$5:$AA$15) -> 19.785531 | M40: =MAX(L40,SUMIFS($Q$5:$Q$19999,$R$5:$R$19999,RIGHT($A40,3),$S$5:$S$19999,M$4)*VLOOKUP($C40,$Y$5:$Z$15,2,FALSE)/8.76)+SUMIF($Y$5:$Y$15,$C40,$AA$5:$AA$15) -> 21.607192 | N40: =MAX(M40,SUMIFS($Q$5:$Q$19999,$R$5:$R$19999,RIGHT($A40,3),$S$5:$S$19999,N$4)*VLOOKUP($C40,$Y$5:$Z$15,2,FALSE)/8.76)+SUMIF($Y$5:$Y$15,$C40,$AA$5:$AA$15) -> 22.491353 | O40: 3 | Q40: =OFFSET(S40,0,MATCH($Q$3,$T$4:$V$4,0)) -> 0.627 | R40: ABW | S40: 2055 | T40: 0.632 | U40: 0.649 | V40: 0.627
... A172: ZWE | B172: Zimbabwe | C172: 1 | E172: ="NatGrdExt_"&A172&"_"&C172 -> NatGrdExt_ZWE_1 | F172: =SUMIFS($Q$5:$Q$19999,$R$5:$R$19999,RIGHT($A172,3),$S$5:$S$19999,F$4)*VLOOKUP($C172,$Y$5:$Z$15,2,FALSE)/8.76+SUMIF($Y$5:$Y$15,$C172,$AA$5:$AA$15) -> 1.2428082 | G172: =MAX(F172,SUMIFS($Q$5:$Q$19999,$R$5:$R$19999,RIGHT($A172,3),$S$5:$S$19999,G$4)*VLOOKUP($C172,$Y$5:$Z$15,2,FALSE)/8.76)+SUMIF($Y$5:$Y$15,$C172,$AA$5:$AA$15) -> 1.5672089 | H172: =MAX(G172,SUMIFS($Q$5:$Q$19999,$R$5:$R$19999,RIGHT($A172,3),$S$5:$S$19999,H$4)*VLOOKUP($C172,$Y$5:$Z$15,2,FALSE)/8.76)+SUMIF($Y$5:$Y$15,$C172,$AA$5:$AA$15) -> 2.3893836 | I172: =MAX(H172,SUMIFS($Q$5:$Q$19999,$R$5:$R$19999,RIGHT($A172,3),$S$5:$S$19999,I$4)*VLOOKUP($C172,$Y$5:$Z$15,2,FALSE)/8.76)+SUMIF($Y$5:$Y$15,$C172,$AA$5:$AA$15) -> 3.4111301 | J172: =MAX(I172,SUMIFS($Q$5:$Q$19999,$R$5:$R$19999,RIGHT($A172,3),$S$5:$S$19999,J$4)*VLOOKUP($C172,$Y$5:$Z$15,2,FALSE)/8.76)+SUMIF($Y$5:$Y$15,$C172,$AA$5:$AA$15) -> 4.6030822 | K172: =MAX(J172,SUMIFS($Q$5:$Q$19999,$R$5:$R$19999,RIGHT($A172,3),$S$5:$S$19999,K$4)*VLOOKUP($C172,$Y$5:$Z$15,2,FALSE)/8.76)+SUMIF($Y$5:$Y$15,$C172,$AA$5:$AA$15) -> 5.9028253 | L172: =MAX(K172,SUMIFS($Q$5:$Q$19999,$R$5:$R$19999,RIGHT($A172,3),$S$5:$S$19999,L$4)*VLOOKUP($C172,$Y$5:$Z$15,2,FALSE)/8.76)+SUMIF($Y$5:$Y$15,$C172,$AA$5:$AA$15) -> 7.2150685 | M172: =MAX(L172,SUMIFS($Q$5:$Q$19999,$R$5:$R$19999,RIGHT($A172,3),$S$5:$S$19999,M$4)*VLOOKUP($C172,$Y$5:$Z$15,2,FALSE)/8.76)+SUMIF($Y$5:$Y$15,$C172,$AA$5:$AA$15) -> 8.4297089 | N172: =MAX(M172,SUMIFS($Q$5:$Q$19999,$R$5:$R$19999,RIGHT($A172,3),$S$5:$S$19999,N$4)*VLOOKUP($C172,$Y$5:$Z$15,2,FALSE)/8.76)+SUMIF($Y$5:$Y$15,$C172,$AA$5:$AA$15) -> 8.9723459 | O172: 3 | Q172: =OFFSET(S172,0,MATCH($Q$3,$T$4:$V$4,0)) -> 26.286 | R172: AGO | S172: 2025 | T172: 26.286 | U172: 26.286 | V172: 26.286
A173: =A5 -> AFG | B173: =B5 -> Afghanistan | C173: =C5+1 -> 2 | E173: ="NatGrdExt_"&A173&"_"&C173 -> NatGrdExt_AFG_2 | F173: =SUMIFS($Q$5:$Q$19999,$R$5:$R$19999,RIGHT($A173,3),$S$5:$S$19999,F$4)*VLOOKUP($C173,$Y$5:$Z$15,2,FALSE)/8.76+SUMIF($Y$5:$Y$15,$C173,$AA$5:$AA$15) -> 0.5856621 | G173: =MAX(F173,SUMIFS($Q$5:$Q$19999,$R$5:$R$19999,RIGHT($A173,3),$S$5:$S$19999,G$4)*VLOOKUP($C173,$Y$5:$Z$15,2,FALSE)/8.76)+SUMIF($Y$5:$Y$15,$C173,$AA$5:$AA$15) -> 0.79445205 | H173: =MAX(G173,SUMIFS($Q$5:$Q$19999,$R$5:$R$19999,RIGHT($A173,3),$S$5:$S$19999,H$4)*VLOOKUP($C173,$Y$5:$Z$15,2,FALSE)/8.76)+SUMIF($Y$5:$Y$15,$C173,$AA$5:$AA$15) -> 1.4388356 | I173: =MAX(H173,SUMIFS($Q$5:$Q$19999,$R$5:$R$19999,RIGHT($A173,3),$S$5:$S$19999,I$4)*VLOOKUP($C173,$Y$5:$Z$15,2,FALSE)/8.76)+SUMIF($Y$5:$Y$15,$C173,$AA$5:$AA$15) -> 2.4398174 | J173: =MAX(I173,SUMIFS($Q$5:$Q$19999,$R$5:$R$19999,RIGHT($A173,3),$S$5:$S$19999,J$4)*VLOOKUP($C173,$Y$5:$Z$15,2,FALSE)/8.76)+SUMIF($Y$5:$Y$15,$C173,$AA$5:$AA$15) -> 3.8847945 | K173: =MAX(J173,SUMIFS($Q$5:$Q$19999,$R$5:$R$19999,RIGHT($A173,3),$S$5:$S$19999,K$4)*VLOOKUP($C173,$Y$5:$Z$15,2,FALSE)/8.76)+SUMIF($Y$5:$Y$15,$C173,$AA$5:$AA$15) -> 5.7528539 | L173: =MAX(K173,SUMIFS($Q$5:$Q$19999,$R$5:$R$19999,RIGHT($A173,3),$S$5:$S$19999,L$4)*VLOOKUP($C173,$Y$5:$Z$15,2,FALSE)/8.76)+SUMIF($Y$5:$Y$15,$C173,$AA$5:$AA$15) -> 7.9621918 | M173: =MAX(L173,SUMIFS($Q$5:$Q$19999,$R$5:$R$19999,RIGHT($A173,3),$S$5:$S$19999,M$4)*VLOOKUP($C173,$Y$5:$Z$15,2,FALSE)/8.76)+SUMIF($Y$5:$Y$15,$C173,$AA$5:$AA$15) -> 10.378516 | N173: =MAX(M173,SUMIFS($Q$5:$Q$19999,$R$5:$R$19999,RIGHT($A173,3),$S$5:$S$19999,N$4)*VLOOKUP($C173,$Y$5:$Z$15,2,FALSE)/8.76)+SUMIF($Y$5:$Y$15,$C173,$AA$5:$AA$15) -> 11.595388 | O173: 3 | Q173: =OFFSET(S173,0,MATCH($Q$3,$T$4:$V$4,0)) -> 29.346 | R173: AGO | S173: 2026 | T173: 29.346 | U173: 29.346 | V173: 29.346
A174: =A6 -> AGO | B174: =B6 -> Angola | C174: =C6+1 -> 2 | E174: ="NatGrdExt_"&A174&"_"&C174 -> NatGrdExt_AGO_2 | F174: =SUMIFS($Q$5:$Q$19999,$R$5:$R$19999,RIGHT($A174,3),$S$5:$S$19999,F$4)*VLOOKUP($C174,$Y$5:$Z$15,2,FALSE)/8.76+SUMIF($Y$5:$Y$15,$C174,$AA$5:$AA$15) -> 0.60013699 | G174: =MAX(F174,SUMIFS($Q$5:$Q$19999,$R$5:$R$19999,RIGHT($A174,3),$S$5:$S$19999,G$4)*VLOOKUP($C174,$Y$5:$Z$15,2,FALSE)/8.76)+SUMIF($Y$5:$Y$15,$C174,$AA$5:$AA$15) -> 1.0223288 | H174: =MAX(G174,SUMIFS($Q$5:$Q$19999,$R$5:$R$19999,RIGHT($A174,3),$S$5:$S$19999,H$4)*VLOOKUP($C174,$Y$5:$Z$15,2,FALSE)/8.76)+SUMIF($Y$5:$Y$15,$C174,$AA$5:$AA$15) -> 2.7488128 | I174: =MAX(H174,SUMIFS($Q$5:$Q$19999,$R$5:$R$19999,RIGHT($A174,3),$S$5:$S$19999,I$4)*VLOOKUP($C174,$Y$5:$Z$15,2,FALSE)/8.76)+SUMIF($Y$5:$Y$15,$C174,$AA$5:$AA$15) -> 6.5053196 | J174: =MAX(I174,SUMIFS($Q$5:$Q$19999,$R$5:$R$19999,RIGHT($A174,3),$S$5:$S$19999,J$4)*VLOOKUP($C174,$Y$5:$Z$15,2,FALSE)/8.76)+SUMIF($Y$5:$Y$15,$C174,$AA$5:$AA$15) -> 12.963584 | K174: =MAX(J174,SUMIFS($Q$5:$Q$19999,$R$5:$R$19999,RIGHT($A174,3),$S$5:$S$19999,K$4)*VLOOKUP($C174,$Y$5:$Z$15,2,FALSE)/8.76)+SUMIF($Y$5:$Y$15,$C174,$AA$5:$AA$15) -> 21.180502 | L174: =MAX(K174,SUMIFS($Q$5:$Q$19999,$R$5:$R$19999,RIGHT($A174,3),$S$5:$S$19999,L$4)*VLOOKUP($C174,$Y$5:$Z$15,2,FALSE)/8.76)+SUMIF($Y$5:$Y$15,$C174,$AA$5:$AA$15) -> 28.908447 | M174: =MAX(L174,SUMIFS($Q$5:$Q$19999,$R$5:$R$19999,RIGHT($A174,3),$S$5:$S$19999,M$4)*VLOOKUP($C174,$Y$5:$Z$15,2,FALSE)/8.76)+SUMIF($Y$5:$Y$15,$C174,$AA$5:$AA$15) -> 34.718037 | N174: =MAX(M174,SUMIFS($Q$5:$Q$19999,$R$5:$R$19999,RIGHT($A174,3),$S$5:$S$19999,N$4)*VLOOKUP($C174,$Y$5:$Z$15,2,FALSE)/8.76)+SUMIF($Y$5:$Y$15,$C174,$AA$5:$AA$15) -> 36.850913 | O174: 3 | Q174: =OFFSET(S174,0,MATCH($Q$3,$T$4:$V$4,0)) -> 32.655 | R174: AGO | S174: 2027 | T174: 32.005 | U174: 32.503 | V174: 32.655
A175: =A7 -> ALB | B175: =B7 -> Albania | C175: =C7+1 -> 2 | E175: ="NatGrdExt_"&A175&"_"&C175 -> NatGrdExt_ALB_2 | F175: =SUMIFS($Q$5:$Q$19999,$R$5:$R$19999,RIGHT($A175,3),$S$5:$S$19999,F$4)*VLOOKUP($C175,$Y$5:$Z$15,2,FALSE)/8.76+SUMIF($Y$5:$Y$15,$C175,$AA$5:$AA$15) -> 0.23881279 | G175: =MAX(F175,SUMIFS($Q$5:$Q$19999,$R$5:$R$19999,RIGHT($A175,3),$S$5:$S$19999,G$4)*VLOOKUP($C175,$Y$5:$Z$15,2,FALSE)/8.76)+SUMIF($Y$5:$Y$15,$C175,$AA$5:$AA$15) -> 0.28956621 | H175: =MAX(G175,SUMIFS($Q$5:$Q$19999,$R$5:$R$19999,RIGHT($A175,3),$S$5:$S$19999,H$4)*VLOOKUP($C175,$Y$5:$Z$15,2,FALSE)/8.76)+SUMIF($Y$5:$Y$15,$C175,$AA$5:$AA$15) -> 0.39926941 | I175: =MAX(H175,SUMIFS($Q$5:$Q$19999,$R$5:$R$19999,RIGHT($A175,3),$S$5:$S$19999,I$4)*VLOOKUP($C175,$Y$5:$Z$15,2,FALSE)/8.76)+SUMIF($Y$5:$Y$15,$C175,$AA$5:$AA$15) -> 0.51276256 | J175: =MAX(I175,SUMIFS($Q$5:$Q$19999,$R$5:$R$19999,RIGHT($A175,3),$S$5:$S$19999,J$4)*VLOOKUP($C175,$Y$5:$Z$15,2,FALSE)/8.76)+SUMIF($Y$5:$Y$15,$C175,$AA$5:$AA$15) -> 0.62212329 | K175: =MAX(J175,SUMIFS($Q$5:$Q$19999,$R$5:$R$19999,RIGHT($A175,3),$S$5:$S$19999,K$4)*VLOOKUP($C175,$Y$5:$Z$15,2,FALSE)/8.76)+SUMIF($Y$5:$Y$15,$C175,$AA$5:$AA$15) -> 0.70824201 | L175: =MAX(K175,SUMIFS($Q$5:$Q$19999,$R$5:$R$19999,RIGHT($A175,3),$S$5:$S$19999,L$4)*VLOOKUP($C175,$Y$5:$Z$15,2,FALSE)/8.76)+SUMIF($Y$5:$Y$15,$C175,$AA$5:$AA$15) -> 0.77273973 | M175: =MAX(L175,SUMIFS($Q$5:$Q$19999,$R$5:$R$19999,RIGHT($A175,3),$S$5:$S$19999,M$4)*VLOOKUP($C175,$Y$5:$Z$15,2,FALSE)/8.76)+SUMIF($Y$5:$Y$15,$C175,$AA$5:$AA$15) -> 0.81783105 | N175: =MAX(M175,SUMIFS($Q$5:$Q$19999,$R$5:$R$19999,RIGHT($A175,3),$S$5:$S$19999,N$4)*VLOOKUP($C175,$Y$5:$Z$15,2,FALSE)/8.76)+SUMIF($Y$5:$Y$15,$C175,$AA$5:$AA$15) -> 0.83636986 | O175: 3 | Q175: =OFFSET(S175,0,MATCH($Q$3,$T$4:$V$4,0)) -> 36.31 | R175: AGO | S175: 2028 | T175: 34.883 | U175: 35.969 | V175: 36.31
A176: =A8 -> ARE | B176: =B8 -> United Arab Emirates | C176: =C8+1 -> 2 | E176: ="NatGrdExt_"&A176&"_"&C176 -> NatGrdExt_ARE_2 | F176: =SUMIFS($Q$5:$Q$19999,$R$5:$R$19999,RIGHT($A176,3),$S$5:$S$19999,F$4)*VLOOKUP($C176,$Y$5:$Z$15,2,FALSE)/8.76+SUMIF($Y$5:$Y$15,$C176,$AA$5:$AA$15) -> 2.5818265 | G176: =MAX(F176,SUMIFS($Q$5:$Q$19999,$R$5:$R$19999,RIGHT($A176,3),$S$5:$S$19999,G$4)*VLOOKUP($C176,$Y$5:$Z$15,2,FALSE)/8.76)+SUMIF($Y$5:$Y$15,$C176,$AA$5:$AA$15) -> 2.5818265 | H176: =MAX(G176,SUMIFS($Q$5:$Q$19999,$R$5:$R$19999,RIGHT($A176,3),$S$5:$S$19999,H$4)*VLOOKUP($C176,$Y$5:$Z$15,2,FALSE)/8.76)+SUMIF($Y$5:$Y$15,$C176,$AA$5:$AA$15) -> 2.717032 | I176: =MAX(H176,SUMIFS($Q$5:$Q$19999,$R$5:$R$19999,RIGHT($A176,3),$S$5:$S$19999,I$4)*VLOOKUP($C176,$Y$5:$Z$15,2,FALSE)/8.76)+SUMIF($Y$5:$Y$15,$C176,$AA$5:$AA$15) -> 2.717032 | J176: =MAX(I176,SUMIFS($Q$5:$Q$19999,$R$5:$R$19999,RIGHT($A176,3),$S$5:$S$19999,J$4)*VLOOKUP($C176,$Y$5:$Z$15,2,FALSE)/8.76)+SUMIF($Y$5:$Y$15,$C176,$AA$5:$AA$15) -> 2.717032 | K176: =MAX(J176,SUMIFS($Q$5:$Q$19999,$R$5:$R$19999,RIGHT($A176,3),$S$5:$S$19999,K$4)*VLOOKUP($C176,$Y$5:$Z$15,2,FALSE)/8.76)+SUMIF($Y$5:$Y$15,$C176,$AA$5:$AA$15) -> 2.717032 | L176: =MAX(K176,SUMIFS($Q$5:$Q$19999,$R$5:$R$19999,RIGHT($A176,3),$S$5:$S$19999,L$4)*VLOOKUP($C176,$Y$5:$Z$15,2,FALSE)/8.76)+SUMIF($Y$5:$Y$15,$C176,$AA$5:$AA$15) -> 2.717032 | M176: =MAX(L176,SUMIFS($Q$5:$Q$19999,$R$5:$R$19999,RIGHT($A176,3),$S$5:$S$19999,M$4)*VLOOKUP($C176,$Y$5:$Z$15,2,FALSE)/8.76)+SUMIF($Y$5:$Y$15,$C176,$AA$5:$AA$15) -> 2.717032 | N176: =MAX(M176,SUMIFS($Q$5:$Q$19999,$R$5:$R$19999,RIGHT($A176,3),$S$5:$S$19999,N$4)*VLOOKUP($C176,$Y$5:$Z$15,2,FALSE)/8.76)+SUMIF($Y$5:$Y$15,$C176,$AA$5:$AA$15) -> 2.717032 | O176: 3 | Q176: =OFFSET(S176,0,MATCH($Q$3,$T$4:$V$4,0)) -> 40.34 | R176: AGO | S176: 2029 | T176: 37.999 | U176: 39.77 | V176: 40.34
A177: =A9 -> ARG | B177: =B9 -> Argentina | C177: =C9+1 -> 2 | E177: ="NatGrdExt_"&A177&"_"&C177 -> NatGrdExt_ARG_2 | F177: =SUMIFS($Q$5:$Q$19999,$R$5:$R$19999,RIGHT($A177,3),$S$5:$S$19999,F$4)*VLOOKUP($C177,$Y$5:$Z$15,2,FALSE)/8.76+SUMIF($Y$5:$Y$15,$C177,$AA$5:$AA$15) -> 4.5875799 | G177: =MAX(F177,SUMIFS($Q$5:$Q$19999,$R$5:$R$19999,RIGHT($A177,3),$S$5:$S$19999,G$4)*VLOOKUP($C177,$Y$5:$Z$15,2,FALSE)/8.76)+SUMIF($Y$5:$Y$15,$C177,$AA$5:$AA$15) -> 5.4634018 | H177: =MAX(G177,SUMIFS($Q$5:$Q$19999,$R$5:$R$19999,RIGHT($A177,3),$S$5:$S$19999,H$4)*VLOOKUP($C177,$Y$5:$Z$15,2,FALSE)/8.76)+SUMIF($Y$5:$Y$15,$C177,$AA$5:$AA$15) -> 7.5511187 | I177: =MAX(H177,SUMIFS($Q$5:$Q$19999,$R$5:$R$19999,RIGHT($A177,3),$S$5:$S$19999,I$4)*VLOOKUP($C177,$Y$5:$Z$15,2,FALSE)/8.76)+SUMIF($Y$5:$Y$15,$C177,$AA$5:$AA$15) -> 10.007648 | J177: =MAX(I177,SUMIFS($Q$5:$Q$19999,$R$5:$R$19999,RIGHT($A177,3),$S$5:$S$19999,J$4)*VLOOKUP($C177,$Y$5:$Z$15,2,FALSE)/8.76)+SUMIF($Y$5:$Y$15,$C177,$AA$5:$AA$15) -> 12.718721 | K177: =MAX(J177,SUMIFS($Q$5:$Q$19999,$R$5:$R$19999,RIGHT($A177,3),$S$5:$S$19999,K$4)*VLOOKUP($C177,$Y$5:$Z$15,2,FALSE)/8.76)+SUMIF($Y$5:$Y$15,$C177,$AA$5:$AA$15) -> 15.496027 | L177: =MAX(K177,SUMIFS($Q$5:$Q$19999,$R$5:$R$19999,RIGHT($A177,3),$S$5:$S$19999,L$4)*VLOOKUP($C177,$Y$5:$Z$15,2,FALSE)/8.76)+SUMIF($Y$5:$Y$15,$C177,$AA$5:$AA$15) -> 18.194452 | M177: =MAX(L177,SUMIFS($Q$5:$Q$19999,$R$5:$R$19999,RIGHT($A177,3),$S$5:$S$19999,M$4)*VLOOKUP($C177,$Y$5:$Z$15,2,FALSE)/8.76)+SUMIF($Y$5:$Y$15,$C177,$AA$5:$AA$15) -> 20.760502 | N177: =MAX(M177,SUMIFS($Q$5:$Q$19999,$R$5:$R$19999,RIGHT($A177,3),$S$5:$S$19999,N$4)*VLOOKUP($C177,$Y$5:$Z$15,2,FALSE)/8.76)+SUMIF($Y$5:$Y$15,$C177,$AA$5:$AA$15) -> 21.98395 | O177: 3 | Q177: =OFFSET(S177,0,MATCH($Q$3,$T$4:$V$4,0)) -> 44.778 | R177: AGO | S177: 2030 | T177: 41.375 | U177: 43.934 | V177: 44.778
A178: =A10 -> ARM | B178: =B10 -> Armenia | C178: =C10+1 -> 2 | E178: ="NatGrdExt_"&A178&"_"&C178 -> NatGrdExt_ARM_2 | F178: =SUMIFS($Q$5:$Q$19999,$R$5:$R$19999,RIGHT($A178,3),$S$5:$S$19999,F$4)*VLOOKUP($C178,$Y$5:$Z$15,2,FALSE)/8.76+SUMIF($Y$5:$Y$15,$C178,$AA$5:$AA$15) -> 0.14522831 | G178: =MAX(F178,SUMIFS($Q$5:$Q$19999,$R$5:$R$19999,RIGHT($A178,3),$S$5:$S$19999,G$4)*VLOOKUP($C178,$Y$5:$Z$15,2,FALSE)/8.76)+SUMIF($Y$5:$Y$15,$C178,$AA$5:$AA$15) -> 0.15417808 | H178: =MAX(G178,SUMIFS($Q$5:$Q$19999,$R$5:$R$19999,RIGHT($A178,3),$S$5:$S$19999,H$4)*VLOOKUP($C178,$Y$5:$Z$15,2,FALSE)/8.76)+SUMIF($Y$5:$Y$15,$C178,$AA$5:$AA$15) -> 0.17079909 | I178: =MAX(H178,SUMIFS($Q$5:$Q$19999,$R$5:$R$19999,RIGHT($A178,3),$S$5:$S$19999,I$4)*VLOOKUP($C178,$Y$5:$Z$15,2,FALSE)/8.76)+SUMIF($Y$5:$Y$15,$C178,$AA$5:$AA$15) -> 0.18664384 | J178: =MAX(I178,SUMIFS($Q$5:$Q$19999,$R$5:$R$19999,RIGHT($A178,3),$S$5:$S$19999,J$4)*VLOOKUP($C178,$Y$5:$Z$15,2,FALSE)/8.76)+SUMIF($Y$5:$Y$15,$C178,$AA$5:$AA$15) -> 0.19995434 | K178: =MAX(J178,SUMIFS($Q$5:$Q$19999,$R$5:$R$19999,RIGHT($A178,3),$S$5:$S$19999,K$4)*VLOOKUP($C178,$Y$5:$Z$15,2,FALSE)/8.76)+SUMIF($Y$5:$Y$15,$C178,$AA$5:$AA$15) -> 0.21045662 | L178: =MAX(K178,SUMIFS($Q$5:$Q$19999,$R$5:$R$19999,RIGHT($A178,3),$S$5:$S$19999,L$4)*VLOOKUP($C178,$Y$5:$Z$15,2,FALSE)/8.76)+SUMIF($Y$5:$Y$15,$C178,$AA$5:$AA$15) -> 0.22098174 | M178: =MAX(L178,SUMIFS($Q$5:$Q$19999,$R$5:$R$19999,RIGHT($A178,3),$S$5:$S$19999,M$4)*VLOOKUP($C178,$Y$5:$Z$15,2,FALSE)/8.76)+SUMIF($Y$5:$Y$15,$C178,$AA$5:$AA$15) -> 0.23141553 | N178: =MAX(M178,SUMIFS($Q$5:$Q$19999,$R$5:$R$19999,RIGHT($A178,3),$S$5:$S$19999,N$4)*VLOOKUP($C178,$Y$5:$Z$15,2,FALSE)/8.76)+SUMIF($Y$5:$Y$15,$C178,$AA$5:$AA$15) -> 0.236621 | O178: 3 | Q178: =OFFSET(S178,0,MATCH($Q$3,$T$4:$V$4,0)) -> 49.661 | R178: AGO | S178: 2031 | T178: 45.034 | U178: 48.489 | V178: 49.661
A179: =A11 -> ATG | B179: =B11 -> Antigua and Barbuda | C179: =C11+1 -> 2 | E179: ="NatGrdExt_"&A179&"_"&C179 -> NatGrdExt_ATG_2 | F179: =SUMIFS($Q$5:$Q$19999,$R$5:$R$19999,RIGHT($A179,3),$S$5:$S$19999,F$4)*VLOOKUP($C179,$Y$5:$Z$15,2,FALSE)/8.76+SUMIF($Y$5:$Y$15,$C179,$AA$5:$AA$15) -> 0.012968037 | G179: =MAX(F179,SUMIFS($Q$5:$Q$19999,$R$5:$R$19999,RIGHT($A179,3),$S$5:$S$19999,G$4)*VLOOKUP($C179,$Y$5:$Z$15,2,FALSE)/8.76)+SUMIF($Y$5:$Y$15,$C179,$AA$5:$AA$15) -> 0.013812785 | H179: =MAX(G179,SUMIFS($Q$5:$Q$19999,$R$5:$R$19999,RIGHT($A179,3),$S$5:$S$19999,H$4)*VLOOKUP($C179,$Y$5:$Z$15,2,FALSE)/8.76)+SUMIF($Y$5:$Y$15,$C179,$AA$5:$AA$15) -> 0.015182648 | I179: =MAX(H179,SUMIFS($Q$5:$Q$19999,$R$5:$R$19999,RIGHT($A179,3),$S$5:$S$19999,I$4)*VLOOKUP($C179,$Y$5:$Z$15,2,FALSE)/8.76)+SUMIF($Y$5:$Y$15,$C179,$AA$5:$AA$15) -> 0.01609589 | J179: =MAX(I179,SUMIFS($Q$5:$Q$19999,$R$5:$R$19999,RIGHT($A179,3),$S$5:$S$19999,J$4)*VLOOKUP($C179,$Y$5:$Z$15,2,FALSE)/8.76)+SUMIF($Y$5:$Y$15,$C179,$AA$5:$AA$15) -> 0.016849315 | K179: =MAX(J179,SUMIFS($Q$5:$Q$19999,$R$5:$R$19999,RIGHT($A179,3),$S$5:$S$19999,K$4)*VLOOKUP($C179,$Y$5:$Z$15,2,FALSE)/8.76)+SUMIF($Y$5:$Y$15,$C179,$AA$5:$AA$15) -> 0.017785388 | L179: =MAX(K179,SUMIFS($Q$5:$Q$19999,$R$5:$R$19999,RIGHT($A179,3),$S$5:$S$19999,L$4)*VLOOKUP($C179,$Y$5:$Z$15,2,FALSE)/8.76)+SUMIF($Y$5:$Y$15,$C179,$AA$5:$AA$15) -> 0.018675799 | M179: =MAX(L179,SUMIFS($Q$5:$Q$19999,$R$5:$R$19999,RIGHT($A179,3),$S$5:$S$19999,M$4)*VLOOKUP($C179,$Y$5:$Z$15,2,FALSE)/8.76)+SUMIF($Y$5:$Y$15,$C179,$AA$5:$AA$15) -> 0.019589041 | N179: =MAX(M179,SUMIFS($Q$5:$Q$19999,$R$5:$R$19999,RIGHT($A179,3),$S$5:$S$19999,N$4)*VLOOKUP($C179,$Y$5:$Z$15,2,FALSE)/8.76)+SUMIF($Y$5:$Y$15,$C179,$AA$5:$AA$15) -> 0.020022831 | O179: 3 | Q179: =OFFSET(S179,0,MATCH($Q$3,$T$4:$V$4,0)) -> 55.024 | R179: AGO | S179: 2032 | T179: 48.998 | U179: 53.465 | V179: 55.024
A180: =A12 -> AUS | B180: =B12 -> Australia | C180: =C12+1 -> 2 | E180: ="NatGrdExt_"&A180&"_"&C180 -> NatGrdExt_AUS_2 | F180: =SUMIFS($Q$5:$Q$19999,$R$5:$R$19999,RIGHT($A180,3),$S$5:$S$19999,F$4)*VLOOKUP($C180,$Y$5:$Z$15,2,FALSE)/8.76+SUMIF($Y$5:$Y$15,$C180,$AA$5:$AA$15) -> 6.8111644 | G180: =MAX(F180,SUMIFS($Q$5:$Q$19999,$R$5:$R$19999,RIGHT($A180,3),$S$5:$S$19999,G$4)*VLOOKUP($C180,$Y$5:$Z$15,2,FALSE)/8.76)+SUMIF($Y$5:$Y$15,$C180,$AA$5:$AA$15) -> 7.0646804 | H180: =MAX(G180,SUMIFS($Q$5:$Q$19999,$R$5:$R$19999,RIGHT($A180,3),$S$5:$S$19999,H$4)*VLOOKUP($C180,$Y$5:$Z$15,2,FALSE)/8.76)+SUMIF($Y$5:$Y$15,$C180,$AA$5:$AA$15) -> 7.3976484 | I180: =MAX(H180,SUMIFS($Q$5:$Q$19999,$R$5:$R$19999,RIGHT($A180,3),$S$5:$S$19999,I$4)*VLOOKUP($C180,$Y$5:$Z$15,2,FALSE)/8.76)+SUMIF($Y$5:$Y$15,$C180,$AA$5:$AA$15) -> 7.6485845 | J180: =MAX(I180,SUMIFS($Q$5:$Q$19999,$R$5:$R$19999,RIGHT($A180,3),$S$5:$S$19999,J$4)*VLOOKUP($C180,$Y$5:$Z$15,2,FALSE)/8.76)+SUMIF($Y$5:$Y$15,$C180,$AA$5:$AA$15) -> 7.8971005 | K180: =MAX(J180,SUMIFS($Q$5:$Q$19999,$R$5:$R$19999,RIGHT($A180,3),$S$5:$S$19999,K$4)*VLOOKUP($C180,$Y$5:$Z$15,2,FALSE)/8.76)+SUMIF($Y$5:$Y$15,$C180,$AA$5:$AA$15) -> 8.127968 | L180: =MAX(K180,SUMIFS($Q$5:$Q$19999,$R$5:$R$19999,RIGHT($A180,3),$S$5:$S$19999,L$4)*VLOOKUP($C180,$Y$5:$Z$15,2,FALSE)/8.76)+SUMIF($Y$5:$Y$15,$C180,$AA$5:$AA$15) -> 8.3447945 | M180: =MAX(L180,SUMIFS($Q$5:$Q$19999,$R$5:$R$19999,RIGHT($A180,3),$S$5:$S$19999,M$4)*VLOOKUP($C180,$Y$5:$Z$15,2,FALSE)/8.76)+SUMIF($Y$5:$Y$15,$C180,$AA$5:$AA$15) -> 8.628379 | N180: =MAX(M180,SUMIFS($Q$5:$Q$19999,$R$5:$R$19999,RIGHT($A180,3),$S$5:$S$19999,N$4)*VLOOKUP($C180,$Y$5:$Z$15,2,FALSE)/8.76)+SUMIF($Y$5:$Y$15,$C180,$AA$5:$AA$15) -> 8.8091553 | O180: 3 | Q180: =OFFSET(S180,0,MATCH($Q$3,$T$4:$V$4,0)) -> 60.909 | R180: AGO | S180: 2033 | T180: 53.286 | U180: 58.894 | V180: 60.909
A181: =A13 -> AUT | B181: =B13 -> Austria | C181: =C13+1 -> 2 | E181: ="NatGrdExt_"&A181&"_"&C181 -> NatGrdExt_AUT_2 | F181: =SUMIFS($Q$5:$Q$19999,$R$5:$R$19999,RIGHT($A181,3),$S$5:$S$19999,F$4)*VLOOKUP($C181,$Y$5:$Z$15,2,FALSE)/8.76+SUMIF($Y$5:$Y$15,$C181,$AA$5:$AA$15) -> 1.9163242 | G181: =MAX(F181,SUMIFS($Q$5:$Q$19999,$R$5:$R$19999,RIGHT($A181,3),$S$5:$S$19999,G$4)*VLOOKUP($C181,$Y$5:$Z$15,2,FALSE)/8.76)+SUMIF($Y$5:$Y$15,$C181,$AA$5:$AA$15) -> 1.9601142 | H181: =MAX(G181,SUMIFS($Q$5:$Q$19999,$R$5:$R$19999,RIGHT($A181,3),$S$5:$S$19999,H$4)*VLOOKUP($C181,$Y$5:$Z$15,2,FALSE)/8.76)+SUMIF($Y$5:$Y$15,$C181,$AA$5:$AA$15) -> 1.9887215 | I181: =MAX(H181,SUMIFS($Q$5:$Q$19999,$R$5:$R$19999,RIGHT($A181,3),$S$5:$S$19999,I$4)*VLOOKUP($C181,$Y$5:$Z$15,2,FALSE)/8.76)+SUMIF($Y$5:$Y$15,$C181,$AA$5:$AA$15) -> 1.9887215 | J181: =MAX(I181,SUMIFS($Q$5:$Q$19999,$R$5:$R$19999,RIGHT($A181,3),$S$5:$S$19999,J$4)*VLOOKUP($C181,$Y$5:$Z$15,2,FALSE)/8.76)+SUMIF($Y$5:$Y$15,$C181,$AA$5:$AA$15) -> 1.9887215 | K181: =MAX(J181,SUMIFS($Q$5:$Q$19999,$R$5:$R$19999,RIGHT($A181,3),$S$5:$S$19999,K$4)*VLOOKUP($C181,$Y$5:$Z$15,2,FALSE)/8.76)+SUMIF($Y$5:$Y$15,$C181,$AA$5:$AA$15) -> 1.9887215 | L181: =MAX(K181,SUMIFS($Q$5:$Q$19999,$R$5:$R$19999,RIGHT($A181,3),$S$5:$S$19999,L$4)*VLOOKUP($C181,$Y$5:$Z$15,2,FALSE)/8.76)+SUMIF($Y$5:$Y$15,$C181,$AA$5:$AA$15) -> 1.9887215 | M181: =MAX(L181,SUMIFS($Q$5:$Q$19999,$R$5:$R$19999,RIGHT($A181,3),$S$5:$S$19999,M$4)*VLOOKUP($C181,$Y$5:$Z$15,2,FALSE)/8.76)+SUMIF($Y$5:$Y$15,$C181,$AA$5:$AA$15) -> 1.9887215 | N181: =MAX(M181,SUMIFS($Q$5:$Q$19999,$R$5:$R$19999,RIGHT($A181,3),$S$5:$S$19999,N$4)*VLOOKUP($C181,$Y$5:$Z$15,2,FALSE)/8.76)+SUMIF($Y$5:$Y$15,$C181,$AA$5:$AA$15) -> 1.9887215 | O181: 3 | Q181: =OFFSET(S181,0,MATCH($Q$3,$T$4:$V$4,0)) -> 67.356 | R181: AGO | S181: 2034 | T181: 57.92 | U181: 64.807 | V181: 67.356
A182: =A14 -> AZE | B182: =B14 -> Azerbaijan | C182: =C14+1 -> 2 | E182: ="NatGrdExt_"&A182&"_"&C182 -> NatGrdExt_AZE_2 | F182: =SUMIFS($Q$5:$Q$19999,$R$5:$R$19999,RIGHT($A182,3),$S$5:$S$19999,F$4)*VLOOKUP($C182,$Y$5:$Z$15,2,FALSE)/8.76+SUMIF($Y$5:$Y$15,$C182,$AA$5:$AA$15) -> 0.51077626 | G182: =MAX(F182,SUMIFS($Q$5:$Q$19999,$R$5:$R$19999,RIGHT($A182,3),$S$5:$S$19999,G$4)*VLOOKUP($C182,$Y$5:$Z$15,2,FALSE)/8.76)+SUMIF($Y$5:$Y$15,$C182,$AA$5:$AA$15) -> 0.55082192 | H182: =MAX(G182,SUMIFS($Q$5:$Q$19999,$R$5:$R$19999,RIGHT($A182,3),$S$5:$S$19999,H$4)*VLOOKUP($C182,$Y$5:$Z$15,2,FALSE)/8.76)+SUMIF($Y$5:$Y$15,$C182,$AA$5:$AA$15) -> 0.62550228 | I182: =MAX(H182,SUMIFS($Q$5:$Q$19999,$R$5:$R$19999,RIGHT($A182,3),$S$5:$S$19999,I$4)*VLOOKUP($C182,$Y$5:$Z$15,2,FALSE)/8.76)+SUMIF($Y$5:$Y$15,$C182,$AA$5:$AA$15) -> 0.68614155 | J182: =MAX(I182,SUMIFS($Q$5:$Q$19999,$R$5:$R$19999,RIGHT($A182,3),$S$5:$S$19999,J$4)*VLOOKUP($C182,$Y$5:$Z$15,2,FALSE)/8.76)+SUMIF($Y$5:$Y$15,$C182,$AA$5:$AA$15) -> 0.73180365 | K182: =MAX(J182,SUMIFS($Q$5:$Q$19999,$R$5:$R$19999,RIGHT($A182,3),$S$5:$S$19999,K$4)*VLOOKUP($C182,$Y$5:$Z$15,2,FALSE)/8.76)+SUMIF($Y$5:$Y$15,$C182,$AA$5:$AA$15) -> 0.76819635 | L182: =MAX(K182,SUMIFS($Q$5:$Q$19999,$R$5:$R$19999,RIGHT($A182,3),$S$5:$S$19999,L$4)*VLOOKUP($C182,$Y$5:$Z$15,2,FALSE)/8.76)+SUMIF($Y$5:$Y$15,$C182,$AA$5:$AA$15) -> 0.79942922 | M182: =MAX(L182,SUMIFS($Q$5:$Q$19999,$R$5:$R$19999,RIGHT($A182,3),$S$5:$S$19999,M$4)*VLOOKUP($C182,$Y$5:$Z$15,2,FALSE)/8.76)+SUMIF($Y$5:$Y$15,$C182,$AA$5:$AA$15) -> 0.83219178 | N182: =MAX(M182,SUMIFS($Q$5:$Q$19999,$R$5:$R$19999,RIGHT($A182,3),$S$5:$S$19999,N$4)*VLOOKUP($C182,$Y$5:$Z$15,2,FALSE)/8.76)+SUMIF($Y$5:$Y$15,$C182,$AA$5:$AA$15) -> 0.84890411 | O182: 3 | Q182: =OFFSET(S182,0,MATCH($Q$3,$T$4:$V$4,0)) -> 74.409 | R182: AGO | S182: 2035 | T182: 62.923 | U182: 71.24 | V182: 74.409
A183: =A15 -> BDI | B183: =B15 -> Burundi | C183: =C15+1 -> 2 | E183: ="NatGrdExt_"&A183&"_"&C183 -> NatGrdExt_BDI_2 | F183: =SUMIFS($Q$5:$Q$19999,$R$5:$R$19999,RIGHT($A183,3),$S$5:$S$19999,F$4)*VLOOKUP($C183,$Y$5:$Z$15,2,FALSE)/8.76+SUMIF($Y$5:$Y$15,$C183,$AA$5:$AA$15) -> 0.0493379 | G183: =MAX(F183,SUMIFS($Q$5:$Q$19999,$R$5:$R$19999,RIGHT($A183,3),$S$5:$S$19999,G$4)*VLOOKUP($C183,$Y$5:$Z$15,2,FALSE)/8.76)+SUMIF($Y$5:$Y$15,$C183,$AA$5:$AA$15) -> 0.068287671 | H183: =MAX(G183,SUMIFS($Q$5:$Q$19999,$R$5:$R$19999,RIGHT($A183,3),$S$5:$S$19999,H$4)*VLOOKUP($C183,$Y$5:$Z$15,2,FALSE)/8.76)+SUMIF($Y$5:$Y$15,$C183,$AA$5:$AA$15) -> 0.12401826 | I183: =MAX(H183,SUMIFS($Q$5:$Q$19999,$R$5:$R$19999,RIGHT($A183,3),$S$5:$S$19999,I$4)*VLOOKUP($C183,$Y$5:$Z$15,2,FALSE)/8.76)+SUMIF($Y$5:$Y$15,$C183,$AA$5:$AA$15) -> 0.21454338 | J183: =MAX(I183,SUMIFS($Q$5:$Q$19999,$R$5:$R$19999,RIGHT($A183,3),$S$5:$S$19999,J$4)*VLOOKUP($C183,$Y$5:$Z$15,2,FALSE)/8.76)+SUMIF($Y$5:$Y$15,$C183,$AA$5:$AA$15) -> 0.35114155 | K183: =MAX(J183,SUMIFS($Q$5:$Q$19999,$R$5:$R$19999,RIGHT($A183,3),$S$5:$S$19999,K$4)*VLOOKUP($C183,$Y$5:$Z$15,2,FALSE)/8.76)+SUMIF($Y$5:$Y$15,$C183,$AA$5:$AA$15) -> 0.54287671 | L183: =MAX(K183,SUMIFS($Q$5:$Q$19999,$R$5:$R$19999,RIGHT($A183,3),$S$5:$S$19999,L$4)*VLOOKUP($C183,$Y$5:$Z$15,2,FALSE)/8.76)+SUMIF($Y$5:$Y$15,$C183,$AA$5:$AA$15) -> 0.79219178 | M183: =MAX(L183,SUMIFS($Q$5:$Q$19999,$R$5:$R$19999,RIGHT($A183,3),$S$5:$S$19999,M$4)*VLOOKUP($C183,$Y$5:$Z$15,2,FALSE)/8.76)+SUMIF($Y$5:$Y$15,$C183,$AA$5:$AA$15) -> 1.0850228 | N183: =MAX(M183,SUMIFS($Q$5:$Q$19999,$R$5:$R$19999,RIGHT($A183,3),$S$5:$S$19999,N$4)*VLOOKUP($C183,$Y$5:$Z$15,2,FALSE)/8.76)+SUMIF($Y$5:$Y$15,$C183,$AA$5:$AA$15) -> 1.239863 | O183: 3 | Q183: =OFFSET(S183,0,MATCH($Q$3,$T$4:$V$4,0)) -> 82.113 | R183: AGO | S183: 2036 | T183: 68.317 | U183: 78.225 | V183: 82.113
A184: =A16 -> BEL | B184: =B16 -> Belgium | C184: =C16+1 -> 2 | E184: ="NatGrdExt_"&A184&"_"&C184 -> NatGrdExt_BEL_2 | F184: =SUMIFS($Q$5:$Q$19999,$R$5:$R$19999,RIGHT($A184,3),$S$5:$S$19999,F$4)*VLOOKUP($C184,$Y$5:$Z$15,2,FALSE)/8.76+SUMIF($Y$5:$Y$15,$C184,$AA$5:$AA$15) -> 2.2197489 | G184: =MAX(F184,SUMIFS($Q$5:$Q$19999,$R$5:$R$19999,RIGHT($A184,3),$S$5:$S$19999,G$4)*VLOOKUP($C184,$Y$5:$Z$15,2,FALSE)/8.76)+SUMIF($Y$5:$Y$15,$C184,$AA$5:$AA$15) -> 2.2537215 | H184: =MAX(G184,SUMIFS($Q$5:$Q$19999,$R$5:$R$19999,RIGHT($A184,3),$S$5:$S$19999,H$4)*VLOOKUP($C184,$Y$5:$Z$15,2,FALSE)/8.76)+SUMIF($Y$5:$Y$15,$C184,$AA$5:$AA$15) -> 2.3033105 | I184: =MAX(H184,SUMIFS($Q$5:$Q$19999,$R$5:$R$19999,RIGHT($A184,3),$S$5:$S$19999,I$4)*VLOOKUP($C184,$Y$5:$Z$15,2,FALSE)/8.76)+SUMIF($Y$5:$Y$15,$C184,$AA$5:$AA$15) -> 2.3410502 | J184: =MAX(I184,SUMIFS($Q$5:$Q$19999,$R$5:$R$19999,RIGHT($A184,3),$S$5:$S$19999,J$4)*VLOOKUP($C184,$Y$5:$Z$15,2,FALSE)/8.76)+SUMIF($Y$5:$Y$15,$C184,$AA$5:$AA$15) -> 2.3881507 | K184: =MAX(J184,SUMIFS($Q$5:$Q$19999,$R$5:$R$19999,RIGHT($A184,3),$S$5:$S$19999,K$4)*VLOOKUP($C184,$Y$5:$Z$15,2,FALSE)/8.76)+SUMIF($Y$5:$Y$15,$C184,$AA$5:$AA$15) -> 2.455411 | L184: =MAX(K184,SUMIFS($Q$5:$Q$19999,$R$5:$R$19999,RIGHT($A184,3),$S$5:$S$19999,L$4)*VLOOKUP($C184,$Y$5:$Z$15,2,FALSE)/8.76)+SUMIF($Y$5:$Y$15,$C184,$AA$5:$AA$15) -> 2.5470548 | M184: =MAX(L184,SUMIFS($Q$5:$Q$19999,$R$5:$R$19999,RIGHT($A184,3),$S$5:$S$19999,M$4)*VLOOKUP($C184,$Y$5:$Z$15,2,FALSE)/8.76)+SUMIF($Y$5:$Y$15,$C184,$AA$5:$AA$15) -> 2.6683333 | N184: =MAX(M184,SUMIFS($Q$5:$Q$19999,$R$5:$R$19999,RIGHT($A184,3),$S$5:$S$19999,N$4)*VLOOKUP($C184,$Y$5:$Z$15,2,FALSE)/8.76)+SUMIF($Y$5:$Y$15,$C184,$AA$5:$AA$15) -> 2.7395434 | O184: 3 | Q184: =OFFSET(S184,0,MATCH($Q$3,$T$4:$V$4,0)) -> 90.516 | R184: AGO | S184: 2037 | T184: 74.124 | U184: 85.797 | V184: 90.516
... A1684: =A1516 -> ZWE | B1684: =B1516 -> Zimbabwe | C1684: =C1516+1 -> 10 | E1684: ="NatGrdExt_"&A1684&"_"&C1684 -> NatGrdExt_ZWE_10 | F1684: =SUMIFS($Q$5:$Q$19999,$R$5:$R$19999,RIGHT($A1684,3),$S$5:$S$19999,F$4)*VLOOKUP($C1684,$Y$5:$Z$15,2,FALSE)/8.76+SUMIF($Y$5:$Y$15,$C1684,$AA$5:$AA$15) -> 0.41426941 | G1684: =MAX(F1684,SUMIFS($Q$5:$Q$19999,$R$5:$R$19999,RIGHT($A1684,3),$S$5:$S$19999,G$4)*VLOOKUP($C1684,$Y$5:$Z$15,2,FALSE)/8.76)+SUMIF($Y$5:$Y$15,$C1684,$AA$5:$AA$15) -> 0.52240297 | H1684: =MAX(G1684,SUMIFS($Q$5:$Q$19999,$R$5:$R$19999,RIGHT($A1684,3),$S$5:$S$19999,H$4)*VLOOKUP($C1684,$Y$5:$Z$15,2,FALSE)/8.76)+SUMIF($Y$5:$Y$15,$C1684,$AA$5:$AA$15) -> 0.79646119 | I1684: =MAX(H1684,SUMIFS($Q$5:$Q$19999,$R$5:$R$19999,RIGHT($A1684,3),$S$5:$S$19999,I$4)*VLOOKUP($C1684,$Y$5:$Z$15,2,FALSE)/8.76)+SUMIF($Y$5:$Y$15,$C1684,$AA$5:$AA$15) -> 1.1370434 | J1684: =MAX(I1684,SUMIFS($Q$5:$Q$19999,$R$5:$R$19999,RIGHT($A1684,3),$S$5:$S$19999,J$4)*VLOOKUP($C1684,$Y$5:$Z$15,2,FALSE)/8.76)+SUMIF($Y$5:$Y$15,$C1684,$AA$5:$AA$15) -> 1.5343607 | K1684: =MAX(J1684,SUMIFS($Q$5:$Q$19999,$R$5:$R$19999,RIGHT($A1684,3),$S$5:$S$19999,K$4)*VLOOKUP($C1684,$Y$5:$Z$15,2,FALSE)/8.76)+SUMIF($Y$5:$Y$15,$C1684,$AA$5:$AA$15) -> 1.9676084 | L1684: =MAX(K1684,SUMIFS($Q$5:$Q$19999,$R$5:$R$19999,RIGHT($A1684,3),$S$5:$S$19999,L$4)*VLOOKUP($C1684,$Y$5:$Z$15,2,FALSE)/8.76)+SUMIF($Y$5:$Y$15,$C1684,$AA$5:$AA$15) -> 2.4050228 | M1684: =MAX(L1684,SUMIFS($Q$5:$Q$19999,$R$5:$R$19999,RIGHT($A1684,3),$S$5:$S$19999,M$4)*VLOOKUP($C1684,$Y$5:$Z$15,2,FALSE)/8.76)+SUMIF($Y$5:$Y$15,$C1684,$AA$5:$AA$15) -> 2.809903 | N1684: =MAX(M1684,SUMIFS($Q$5:$Q$19999,$R$5:$R$19999,RIGHT($A1684,3),$S$5:$S$19999,N$4)*VLOOKUP($C1684,$Y$5:$Z$15,2,FALSE)/8.76)+SUMIF($Y$5:$Y$15,$C1684,$AA$5:$AA$15) -> 2.990782 | O1684: 3 | Q1684: =OFFSET(S1684,0,MATCH($Q$3,$T$4:$V$4,0)) -> 38.009 | R1684: BIH | S1684: 2079 | T1684: 14.996 | U1684: 15.533 | V1684: 38.009
Q1685: =OFFSET(S1685,0,MATCH($Q$3,$T$4:$V$4,0)) -> 38.062 | R1685: BIH | S1685: 2080 | T1685: 14.621 | U1685: 15.19 | V1685: 38.062
Q1686: =OFFSET(S1686,0,MATCH($Q$3,$T$4:$V$4,0)) -> 38.112 | R1686: BIH | S1686: 2081 | T1686: 14.248 | U1686: 14.849 | V1686: 38.112
Q1687: =OFFSET(S1687,0,MATCH($Q$3,$T$4:$V$4,0)) -> 38.16 | R1687: BIH | S1687: 2082 | T1687: 13.879 | U1687: 14.514 | V1687: 38.16
Q1688: =OFFSET(S1688,0,MATCH($Q$3,$T$4:$V$4,0)) -> 38.208 | R1688: BIH | S1688: 2083 | T1688: 13.514 | U1688: 14.183 | V1688: 38.208
Q1689: =OFFSET(S1689,0,MATCH($Q$3,$T$4:$V$4,0)) -> 38.258 | R1689: BIH | S1689: 2084 | T1689: 13.154 | U1689: 13.859 | V1689: 38.258
Q1690: =OFFSET(S1690,0,MATCH($Q$3,$T$4:$V$4,0)) -> 38.311 | R1690: BIH | S1690: 2085 | T1690: 12.798 | U1690: 13.541 | V1690: 38.311
Q1691: =OFFSET(S1691,0,MATCH($Q$3,$T$4:$V$4,0)) -> 38.368 | R1691: BIH | S1691: 2086 | T1691: 12.447 | U1691: 13.232 | V1691: 38.368
Q1692: =OFFSET(S1692,0,MATCH($Q$3,$T$4:$V$4,0)) -> 38.429 | R1692: BIH | S1692: 2087 | T1692: 12.103 | U1692: 12.93 | V1692: 38.429
Q1693: =OFFSET(S1693,0,MATCH($Q$3,$T$4:$V$4,0)) -> 38.492 | R1693: BIH | S1693: 2088 | T1693: 11.765 | U1693: 12.636 | V1693: 38.492
Q1694: =OFFSET(S1694,0,MATCH($Q$3,$T$4:$V$4,0)) -> 38.559 | R1694: BIH | S1694: 2089 | T1694: 11.434 | U1694: 12.348 | V1694: 38.559
Q1695: =OFFSET(S1695,0,MATCH($Q$3,$T$4:$V$4,0)) -> 38.627 | R1695: BIH | S1695: 2090 | T1695: 11.11 | U1695: 12.066 | V1695: 38.627
Q1696: =OFFSET(S1696,0,MATCH($Q$3,$T$4:$V$4,0)) -> 38.695 | R1696: BIH | S1696: 2091 | T1696: 10.793 | U1696: 11.791 | V1696: 38.695
... Q16609: =OFFSET(S16609,0,MATCH($Q$3,$T$4:$V$4,0)) -> 110.555 | R16609: ZWE | S16609: 2100 | T16609: 46.454 | U16609: 65.055 | V16609: 110.555

Sheet Trade growth
A1: ~UC_SETS: R_S: AllRegions
C3: ~UC_T: LO
C4: uc_n | D4: pset_set | E4: commodity | F4: pset_ci | G4: process | H4: UC_ATTR | I4: UC_ACT | J4: UC_ACT~RHS | K4: UC_RHST~0
C5: ="UCS_global trade growth - "&LEFT(E5,3) -> UCS_global trade growth - OIL | D5: IRE | E5: OILCRD | F5: =E5 -> OILCRD | G5: T?_*,Glb*,Exo* | H5: ACT,GROWTH | I5: 1.01 | J5: 1 | K5: 2
C6: ="UCS_global trade growth - "&LEFT(E6,3) -> UCS_global trade growth - GAS | D6: IRE | E6: GASNGA,GASLNG | F6: =E6 -> GASNGA,GASLNG | G6: T?_*,Glb*,Exo* | H6: ACT,GROWTH | I6: 1.03 | J6: 1 | K6: 2
C7: ="UCS_global trade growth - "&LEFT(E7,3) -> UCS_global trade growth - COA | D7: IRE | E7: COAHCO,COACOK | F7: =E7 -> COAHCO,COACOK | G7: T?_*,Glb*,Exo* | H7: ACT,GROWTH | I7: 1.03 | J7: 1 | K7: 2
