Workbook

Sheet reporting
E1: ~UC_Sets: R_E: AllRegions
E3: ~UC_T: UC_COMNET~repuc_unity~N
D4: uc_n | E4: region | F4: ='Selected scen drivers'!F1 -> 2019 | G4: ='Selected scen drivers'!G1 -> 2020 | H4: ='Selected scen drivers'!H1 -> 2025 | I4: ='Selected scen drivers'!I1 -> 2030 | J4: ='Selected scen drivers'!J1 -> 2035 | K4: ='Selected scen drivers'!K1 -> 2040 | L4: ='Selected scen drivers'!L1 -> 2045 | M4: ='Selected scen drivers'!M1 -> 2050 | ... AE4: ='Selected scen drivers'!AE1 -> \I: | AF4: uc_rhsrt~0
A5: 1 | B5: 1 | D5: =IFERROR("rep_"&VLOOKUP(B5,Classification!$U$5:$V$14,2,FALSE),"\I:") -> rep_GDP | E5: =IFERROR(VLOOKUP(A5,Classification!$A$4:$B$99,2,FALSE),"\I:") -> Africa_Other | F5: =SUMIFS('Selected scen drivers'!F$2:F$999,'Selected scen drivers'!$A$2:$A$999,reporting!$A5,'Selected scen drivers'!$B$2:$B$999,reporting!$B5) -> 3397.857 | G5: =SUMIFS('Selected scen drivers'!G$2:G$999,'Selected scen drivers'!$A$2:$A$999,reporting!$A5,'Selected scen drivers'!$B$2:$B$999,reporting!$B5) -> 3474.2031 | H5: =SUMIFS('Selected scen drivers'!H$2:H$999,'Selected scen drivers'!$A$2:$A$999,reporting!$A5,'Selected scen drivers'!$B$2:$B$999,reporting!$B5) -> 4245.2248 | I5: =SUMIFS('Selected scen drivers'!I$2:I$999,'Selected scen drivers'!$A$2:$A$999,reporting!$A5,'Selected scen drivers'!$B$2:$B$999,reporting!$B5) -> 5425.0474 | J5: =SUMIFS('Selected scen drivers'!J$2:J$999,'Selected scen drivers'!$A$2:$A$999,reporting!$A5,'Selected scen drivers'!$B$2:$B$999,reporting!$B5) -> 7084.6944 | K5: =SUMIFS('Selected scen drivers'!K$2:K$999,'Selected scen drivers'!$A$2:$A$999,reporting!$A5,'Selected scen drivers'!$B$2:$B$999,reporting!$B5) -> 9117.9122 | L5: =SUMIFS('Selected scen drivers'!L$2:L$999,'Selected scen drivers'!$A$2:$A$999,reporting!$A5,'Selected scen drivers'!$B$2:$B$999,reporting!$B5) -> 11656.747 | M5: =SUMIFS('Selected scen drivers'!M$2:M$999,'Selected scen drivers'!$A$2:$A$999,reporting!$A5,'Selected scen drivers'!$B$2:$B$999,reporting!$B5) -> 14824.248 | ... AE5: =SUMIFS('Selected scen drivers'!AE$2:AE$999,'Selected scen drivers'!$A$2:$A$999,reporting!$A5,'Selected scen drivers'!$B$2:$B$999,reporting!$B5) -> 0 | AF5: 2
A6: 1 | B6: 2 | D6: =IFERROR("rep_"&VLOOKUP(B6,Classification!$U$5:$V$14,2,FALSE),"\I:") -> rep_GDPAGR | E6: =IFERROR(VLOOKUP(A6,Classification!$A$4:$B$99,2,FALSE),"\I:") -> Africa_Other | F6: =SUMIFS('Selected scen drivers'!F$2:F$999,'Selected scen drivers'!$A$2:$A$999,reporting!$A6,'Selected scen drivers'!$B$2:$B$999,reporting!$B6) -> 791.76348 | G6: =SUMIFS('Selected scen drivers'!G$2:G$999,'Selected scen drivers'!$A$2:$A$999,reporting!$A6,'Selected scen drivers'!$B$2:$B$999,reporting!$B6) -> 812.01851 | H6: =SUMIFS('Selected scen drivers'!H$2:H$999,'Selected scen drivers'!$A$2:$A$999,reporting!$A6,'Selected scen drivers'!$B$2:$B$999,reporting!$B6) -> 951.88078 | I6: =SUMIFS('Selected scen drivers'!I$2:I$999,'Selected scen drivers'!$A$2:$A$999,reporting!$A6,'Selected scen drivers'!$B$2:$B$999,reporting!$B6) -> 1175.539 | J6: =SUMIFS('Selected scen drivers'!J$2:J$999,'Selected scen drivers'!$A$2:$A$999,reporting!$A6,'Selected scen drivers'!$B$2:$B$999,reporting!$B6) -> 1475.4991 | K6: =SUMIFS('Selected scen drivers'!K$2:K$999,'Selected scen drivers'!$A$2:$A$999,reporting!$A6,'Selected scen drivers'!$B$2:$B$999,reporting!$B6) -> 1819.0655 | L6: =SUMIFS('Selected scen drivers'!L$2:L$999,'Selected scen drivers'!$A$2:$A$999,reporting!$A6,'Selected scen drivers'!$B$2:$B$999,reporting!$B6) -> 2219.798 | M6: =SUMIFS('Selected scen drivers'!M$2:M$999,'Selected scen drivers'!$A$2:$A$999,reporting!$A6,'Selected scen drivers'!$B$2:$B$999,reporting!$B6) -> 2683.1018 | ... AE6: =SUMIFS('Selected scen drivers'!AE$2:AE$999,'Selected scen drivers'!$A$2:$A$999,reporting!$A6,'Selected scen drivers'!$B$2:$B$999,reporting!$B6) -> 0 | AF6: 2
A7: 1 | B7: 3 | D7: =IFERROR("rep_"&VLOOKUP(B7,Classification!$U$5:$V$14,2,FALSE),"\I:") -> rep_GDPIND | E7: =IFERROR(VLOOKUP(A7,Classification!$A$4:$B$99,2,FALSE),"\I:") -> Africa_Other | F7: =SUMIFS('Selected scen drivers'!F$2:F$999,'Selected scen drivers'!$A$2:$A$999,reporting!$A7,'Selected scen drivers'!$B$2:$B$999,reporting!$B7) -> 923.83924 | G7: =SUMIFS('Selected scen drivers'!G$2:G$999,'Selected scen drivers'!$A$2:$A$999,reporting!$A7,'Selected scen drivers'!$B$2:$B$999,reporting!$B7) -> 941.62527 | H7: =SUMIFS('Selected scen drivers'!H$2:H$999,'Selected scen drivers'!$A$2:$A$999,reporting!$A7,'Selected scen drivers'!$B$2:$B$999,reporting!$B7) -> 1171.0965 | I7: =SUMIFS('Selected scen drivers'!I$2:I$999,'Selected scen drivers'!$A$2:$A$999,reporting!$A7,'Selected scen drivers'!$B$2:$B$999,reporting!$B7) -> 1507.2619 | J7: =SUMIFS('Selected scen drivers'!J$2:J$999,'Selected scen drivers'!$A$2:$A$999,reporting!$A7,'Selected scen drivers'!$B$2:$B$999,reporting!$B7) -> 1985.9926 | K7: =SUMIFS('Selected scen drivers'!K$2:K$999,'Selected scen drivers'!$A$2:$A$999,reporting!$A7,'Selected scen drivers'!$B$2:$B$999,reporting!$B7) -> 2581.9862 | L7: =SUMIFS('Selected scen drivers'!L$2:L$999,'Selected scen drivers'!$A$2:$A$999,reporting!$A7,'Selected scen drivers'!$B$2:$B$999,reporting!$B7) -> 3336.6232 | M7: =SUMIFS('Selected scen drivers'!M$2:M$999,'Selected scen drivers'!$A$2:$A$999,reporting!$A7,'Selected scen drivers'!$B$2:$B$999,reporting!$B7) -> 4290.277 | ... AE7: =SUMIFS('Selected scen drivers'!AE$2:AE$999,'Selected scen drivers'!$A$2:$A$999,reporting!$A7,'Selected scen drivers'!$B$2:$B$999,reporting!$B7) -> 0 | AF7: 2
A8: 1 | B8: 7 | D8: =IFERROR("rep_"&VLOOKUP(B8,Classification!$U$5:$V$14,2,FALSE),"\I:") -> rep_GDPSER | E8: =IFERROR(VLOOKUP(A8,Classification!$A$4:$B$99,2,FALSE),"\I:") -> Africa_Other | F8: =SUMIFS('Selected scen drivers'!F$2:F$999,'Selected scen drivers'!$A$2:$A$999,reporting!$A8,'Selected scen drivers'!$B$2:$B$999,reporting!$B8) -> 1681.2763 | G8: =SUMIFS('Selected scen drivers'!G$2:G$999,'Selected scen drivers'!$A$2:$A$999,reporting!$A8,'Selected scen drivers'!$B$2:$B$999,reporting!$B8) -> 1713.1844 | H8: =SUMIFS('Selected scen drivers'!H$2:H$999,'Selected scen drivers'!$A$2:$A$999,reporting!$A8,'Selected scen drivers'!$B$2:$B$999,reporting!$B8) -> 2110.325 | I8: =SUMIFS('Selected scen drivers'!I$2:I$999,'Selected scen drivers'!$A$2:$A$999,reporting!$A8,'Selected scen drivers'!$B$2:$B$999,reporting!$B8) -> 2724.9262 | J8: =SUMIFS('Selected scen drivers'!J$2:J$999,'Selected scen drivers'!$A$2:$A$999,reporting!$A8,'Selected scen drivers'!$B$2:$B$999,reporting!$B8) -> 3598.6769 | K8: =SUMIFS('Selected scen drivers'!K$2:K$999,'Selected scen drivers'!$A$2:$A$999,reporting!$A8,'Selected scen drivers'!$B$2:$B$999,reporting!$B8) -> 4681.8771 | L8: =SUMIFS('Selected scen drivers'!L$2:L$999,'Selected scen drivers'!$A$2:$A$999,reporting!$A8,'Selected scen drivers'!$B$2:$B$999,reporting!$B8) -> 6050.1115 | M8: =SUMIFS('Selected scen drivers'!M$2:M$999,'Selected scen drivers'!$A$2:$A$999,reporting!$A8,'Selected scen drivers'!$B$2:$B$999,reporting!$B8) -> 7778.8484 | ... AE8: =SUMIFS('Selected scen drivers'!AE$2:AE$999,'Selected scen drivers'!$A$2:$A$999,reporting!$A8,'Selected scen drivers'!$B$2:$B$999,reporting!$B8) -> 0 | AF8: 2
A9: 1 | B9: 8 | D9: =IFERROR("rep_"&VLOOKUP(B9,Classification!$U$5:$V$14,2,FALSE),"\I:") -> rep_HOU | E9: =IFERROR(VLOOKUP(A9,Classification!$A$4:$B$99,2,FALSE),"\I:") -> Africa_Other | F9: =SUMIFS('Selected scen drivers'!F$2:F$999,'Selected scen drivers'!$A$2:$A$999,reporting!$A9,'Selected scen drivers'!$B$2:$B$999,reporting!$B9) -> 229.89291 | G9: =SUMIFS('Selected scen drivers'!G$2:G$999,'Selected scen drivers'!$A$2:$A$999,reporting!$A9,'Selected scen drivers'!$B$2:$B$999,reporting!$B9) -> 237.94849 | H9: =SUMIFS('Selected scen drivers'!H$2:H$999,'Selected scen drivers'!$A$2:$A$999,reporting!$A9,'Selected scen drivers'!$B$2:$B$999,reporting!$B9) -> 278.22643 | I9: =SUMIFS('Selected scen drivers'!I$2:I$999,'Selected scen drivers'!$A$2:$A$999,reporting!$A9,'Selected scen drivers'!$B$2:$B$999,reporting!$B9) -> 324.24794 | J9: =SUMIFS('Selected scen drivers'!J$2:J$999,'Selected scen drivers'!$A$2:$A$999,reporting!$A9,'Selected scen drivers'!$B$2:$B$999,reporting!$B9) -> 375.51842 | K9: =SUMIFS('Selected scen drivers'!K$2:K$999,'Selected scen drivers'!$A$2:$A$999,reporting!$A9,'Selected scen drivers'!$B$2:$B$999,reporting!$B9) -> 430.43821 | L9: =SUMIFS('Selected scen drivers'!L$2:L$999,'Selected scen drivers'!$A$2:$A$999,reporting!$A9,'Selected scen drivers'!$B$2:$B$999,reporting!$B9) -> 487.99063 | M9: =SUMIFS('Selected scen drivers'!M$2:M$999,'Selected scen drivers'!$A$2:$A$999,reporting!$A9,'Selected scen drivers'!$B$2:$B$999,reporting!$B9) -> 547.01868 | ... AE9: =SUMIFS('Selected scen drivers'!AE$2:AE$999,'Selected scen drivers'!$A$2:$A$999,reporting!$A9,'Selected scen drivers'!$B$2:$B$999,reporting!$B9) -> 0 | AF9: 2
A10: 1 | B10: 9 | D10: =IFERROR("rep_"&VLOOKUP(B10,Classification!$U$5:$V$14,2,FALSE),"\I:") -> rep_POP | E10: =IFERROR(VLOOKUP(A10,Classification!$A$4:$B$99,2,FALSE),"\I:") -> Africa_Other | F10: =SUMIFS('Selected scen drivers'!F$2:F$999,'Selected scen drivers'!$A$2:$A$999,reporting!$A10,'Selected scen drivers'!$B$2:$B$999,reporting!$B10) -> 1049.4934 | G10: =SUMIFS('Selected scen drivers'!G$2:G$999,'Selected scen drivers'!$A$2:$A$999,reporting!$A10,'Selected scen drivers'!$B$2:$B$999,reporting!$B10) -> 1079.2567 | H10: =SUMIFS('Selected scen drivers'!H$2:H$999,'Selected scen drivers'!$A$2:$A$999,reporting!$A10,'Selected scen drivers'!$B$2:$B$999,reporting!$B10) -> 1228.073 | I10: =SUMIFS('Selected scen drivers'!I$2:I$999,'Selected scen drivers'!$A$2:$A$999,reporting!$A10,'Selected scen drivers'!$B$2:$B$999,reporting!$B10) -> 1387.2035 | J10: =SUMIFS('Selected scen drivers'!J$2:J$999,'Selected scen drivers'!$A$2:$A$999,reporting!$A10,'Selected scen drivers'!$B$2:$B$999,reporting!$B10) -> 1553.5877 | K10: =SUMIFS('Selected scen drivers'!K$2:K$999,'Selected scen drivers'!$A$2:$A$999,reporting!$A10,'Selected scen drivers'!$B$2:$B$999,reporting!$B10) -> 1724.6084 | L10: =SUMIFS('Selected scen drivers'!L$2:L$999,'Selected scen drivers'!$A$2:$A$999,reporting!$A10,'Selected scen drivers'!$B$2:$B$999,reporting!$B10) -> 1897.3331 | M10: =SUMIFS('Selected scen drivers'!M$2:M$999,'Selected scen drivers'!$A$2:$A$999,reporting!$A10,'Selected scen drivers'!$B$2:$B$999,reporting!$B10) -> 2068.6845 | ... AE10: =SUMIFS('Selected scen drivers'!AE$2:AE$999,'Selected scen drivers'!$A$2:$A$999,reporting!$A10,'Selected scen drivers'!$B$2:$B$999,reporting!$B10) -> 0 | AF10: 2
A11: =A5+1 -> 2 | B11: =B5 -> 1 | D11: =IFERROR("rep_"&VLOOKUP(B11,Classification!$U$5:$V$14,2,FALSE),"\I:") -> rep_GDP | E11: =IFERROR(VLOOKUP(A11,Classification!$A$4:$B$99,2,FALSE),"\I:") -> India | F11: =SUMIFS('Selected scen drivers'!F$2:F$999,'Selected scen drivers'!$A$2:$A$999,reporting!$A11,'Selected scen drivers'!$B$2:$B$999,reporting!$B11) -> 8195.484 | G11: =SUMIFS('Selected scen drivers'!G$2:G$999,'Selected scen drivers'!$A$2:$A$999,reporting!$A11,'Selected scen drivers'!$B$2:$B$999,reporting!$B11) -> 8503.83 | H11: =SUMIFS('Selected scen drivers'!H$2:H$999,'Selected scen drivers'!$A$2:$A$999,reporting!$A11,'Selected scen drivers'!$B$2:$B$999,reporting!$B11) -> 11852.9 | I11: =SUMIFS('Selected scen drivers'!I$2:I$999,'Selected scen drivers'!$A$2:$A$999,reporting!$A11,'Selected scen drivers'!$B$2:$B$999,reporting!$B11) -> 15709.5 | J11: =SUMIFS('Selected scen drivers'!J$2:J$999,'Selected scen drivers'!$A$2:$A$999,reporting!$A11,'Selected scen drivers'!$B$2:$B$999,reporting!$B11) -> 19813.1 | K11: =SUMIFS('Selected scen drivers'!K$2:K$999,'Selected scen drivers'!$A$2:$A$999,reporting!$A11,'Selected scen drivers'!$B$2:$B$999,reporting!$B11) -> 24247.7 | L11: =SUMIFS('Selected scen drivers'!L$2:L$999,'Selected scen drivers'!$A$2:$A$999,reporting!$A11,'Selected scen drivers'!$B$2:$B$999,reporting!$B11) -> 29018.4 | M11: =SUMIFS('Selected scen drivers'!M$2:M$999,'Selected scen drivers'!$A$2:$A$999,reporting!$A11,'Selected scen drivers'!$B$2:$B$999,reporting!$B11) -> 34135.9 | ... AE11: =SUMIFS('Selected scen drivers'!AE$2:AE$999,'Selected scen drivers'!$A$2:$A$999,reporting!$A11,'Selected scen drivers'!$B$2:$B$999,reporting!$B11) -> 0 | AF11: 2
A12: =A6+1 -> 2 | B12: =B6 -> 2 | D12: =IFERROR("rep_"&VLOOKUP(B12,Classification!$U$5:$V$14,2,FALSE),"\I:") -> rep_GDPAGR | E12: =IFERROR(VLOOKUP(A12,Classification!$A$4:$B$99,2,FALSE),"\I:") -> India | F12: =SUMIFS('Selected scen drivers'!F$2:F$999,'Selected scen drivers'!$A$2:$A$999,reporting!$A12,'Selected scen drivers'!$B$2:$B$999,reporting!$B12) -> 1281.0098 | G12: =SUMIFS('Selected scen drivers'!G$2:G$999,'Selected scen drivers'!$A$2:$A$999,reporting!$A12,'Selected scen drivers'!$B$2:$B$999,reporting!$B12) -> 1329.2063 | H12: =SUMIFS('Selected scen drivers'!H$2:H$999,'Selected scen drivers'!$A$2:$A$999,reporting!$A12,'Selected scen drivers'!$B$2:$B$999,reporting!$B12) -> 1792.4561 | I12: =SUMIFS('Selected scen drivers'!I$2:I$999,'Selected scen drivers'!$A$2:$A$999,reporting!$A12,'Selected scen drivers'!$B$2:$B$999,reporting!$B12) -> 2295.8404 | J12: =SUMIFS('Selected scen drivers'!J$2:J$999,'Selected scen drivers'!$A$2:$A$999,reporting!$A12,'Selected scen drivers'!$B$2:$B$999,reporting!$B12) -> 2794.8708 | K12: =SUMIFS('Selected scen drivers'!K$2:K$999,'Selected scen drivers'!$A$2:$A$999,reporting!$A12,'Selected scen drivers'!$B$2:$B$999,reporting!$B12) -> 3297.2044 | L12: =SUMIFS('Selected scen drivers'!L$2:L$999,'Selected scen drivers'!$A$2:$A$999,reporting!$A12,'Selected scen drivers'!$B$2:$B$999,reporting!$B12) -> 3798.4626 | M12: =SUMIFS('Selected scen drivers'!M$2:M$999,'Selected scen drivers'!$A$2:$A$999,reporting!$A12,'Selected scen drivers'!$B$2:$B$999,reporting!$B12) -> 4294.8677 | ... AE12: =SUMIFS('Selected scen drivers'!AE$2:AE$999,'Selected scen drivers'!$A$2:$A$999,reporting!$A12,'Selected scen drivers'!$B$2:$B$999,reporting!$B12) -> 0 | AF12: 2
A13: =A7+1 -> 2 | B13: =B7 -> 3 | D13: =IFERROR("rep_"&VLOOKUP(B13,Classification!$U$5:$V$14,2,FALSE),"\I:") -> rep_GDPIND | E13: =IFERROR(VLOOKUP(A13,Classification!$A$4:$B$99,2,FALSE),"\I:") -> India | F13: =SUMIFS('Selected scen drivers'!F$2:F$999,'Selected scen drivers'!$A$2:$A$999,reporting!$A13,'Selected scen drivers'!$B$2:$B$999,reporting!$B13) -> 2424.8263 | G13: =SUMIFS('Selected scen drivers'!G$2:G$999,'Selected scen drivers'!$A$2:$A$999,reporting!$A13,'Selected scen drivers'!$B$2:$B$999,reporting!$B13) -> 2516.0577 | H13: =SUMIFS('Selected scen drivers'!H$2:H$999,'Selected scen drivers'!$A$2:$A$999,reporting!$A13,'Selected scen drivers'!$B$2:$B$999,reporting!$B13) -> 3510.0156 | I13: =SUMIFS('Selected scen drivers'!I$2:I$999,'Selected scen drivers'!$A$2:$A$999,reporting!$A13,'Selected scen drivers'!$B$2:$B$999,reporting!$B13) -> 4656.1275 | J13: =SUMIFS('Selected scen drivers'!J$2:J$999,'Selected scen drivers'!$A$2:$A$999,reporting!$A13,'Selected scen drivers'!$B$2:$B$999,reporting!$B13) -> 5877.5005 | K13: =SUMIFS('Selected scen drivers'!K$2:K$999,'Selected scen drivers'!$A$2:$A$999,reporting!$A13,'Selected scen drivers'!$B$2:$B$999,reporting!$B13) -> 7199.2658 | L13: =SUMIFS('Selected scen drivers'!L$2:L$999,'Selected scen drivers'!$A$2:$A$999,reporting!$A13,'Selected scen drivers'!$B$2:$B$999,reporting!$B13) -> 8623.1951 | M13: =SUMIFS('Selected scen drivers'!M$2:M$999,'Selected scen drivers'!$A$2:$A$999,reporting!$A13,'Selected scen drivers'!$B$2:$B$999,reporting!$B13) -> 10152.731 | ... AE13: =SUMIFS('Selected scen drivers'!AE$2:AE$999,'Selected scen drivers'!$A$2:$A$999,reporting!$A13,'Selected scen drivers'!$B$2:$B$999,reporting!$B13) -> 0 | AF13: 2
A14: =A8+1 -> 2 | B14: =B8 -> 7 | D14: =IFERROR("rep_"&VLOOKUP(B14,Classification!$U$5:$V$14,2,FALSE),"\I:") -> rep_GDPSER | E14: =IFERROR(VLOOKUP(A14,Classification!$A$4:$B$99,2,FALSE),"\I:") -> India | F14: =SUMIFS('Selected scen drivers'!F$2:F$999,'Selected scen drivers'!$A$2:$A$999,reporting!$A14,'Selected scen drivers'!$B$2:$B$999,reporting!$B14) -> 4489.648 | G14: =SUMIFS('Selected scen drivers'!G$2:G$999,'Selected scen drivers'!$A$2:$A$999,reporting!$A14,'Selected scen drivers'!$B$2:$B$999,reporting!$B14) -> 4658.566 | H14: =SUMIFS('Selected scen drivers'!H$2:H$999,'Selected scen drivers'!$A$2:$A$999,reporting!$A14,'Selected scen drivers'!$B$2:$B$999,reporting!$B14) -> 6550.4283 | I14: =SUMIFS('Selected scen drivers'!I$2:I$999,'Selected scen drivers'!$A$2:$A$999,reporting!$A14,'Selected scen drivers'!$B$2:$B$999,reporting!$B14) -> 8757.5322 | J14: =SUMIFS('Selected scen drivers'!J$2:J$999,'Selected scen drivers'!$A$2:$A$999,reporting!$A14,'Selected scen drivers'!$B$2:$B$999,reporting!$B14) -> 11140.729 | K14: =SUMIFS('Selected scen drivers'!K$2:K$999,'Selected scen drivers'!$A$2:$A$999,reporting!$A14,'Selected scen drivers'!$B$2:$B$999,reporting!$B14) -> 13751.23 | L14: =SUMIFS('Selected scen drivers'!L$2:L$999,'Selected scen drivers'!$A$2:$A$999,reporting!$A14,'Selected scen drivers'!$B$2:$B$999,reporting!$B14) -> 16596.742 | M14: =SUMIFS('Selected scen drivers'!M$2:M$999,'Selected scen drivers'!$A$2:$A$999,reporting!$A14,'Selected scen drivers'!$B$2:$B$999,reporting!$B14) -> 19688.302 | ... AE14: =SUMIFS('Selected scen drivers'!AE$2:AE$999,'Selected scen drivers'!$A$2:$A$999,reporting!$A14,'Selected scen drivers'!$B$2:$B$999,reporting!$B14) -> 0 | AF14: 2
A15: =A9+1 -> 2 | B15: =B9 -> 8 | D15: =IFERROR("rep_"&VLOOKUP(B15,Classification!$U$5:$V$14,2,FALSE),"\I:") -> rep_HOU | E15: =IFERROR(VLOOKUP(A15,Classification!$A$4:$B$99,2,FALSE),"\I:") -> India | F15: =SUMIFS('Selected scen drivers'!F$2:F$999,'Selected scen drivers'!$A$2:$A$999,reporting!$A15,'Selected scen drivers'!$B$2:$B$999,reporting!$B15) -> 400.06803 | G15: =SUMIFS('Selected scen drivers'!G$2:G$999,'Selected scen drivers'!$A$2:$A$999,reporting!$A15,'Selected scen drivers'!$B$2:$B$999,reporting!$B15) -> 405.79446 | H15: =SUMIFS('Selected scen drivers'!H$2:H$999,'Selected scen drivers'!$A$2:$A$999,reporting!$A15,'Selected scen drivers'!$B$2:$B$999,reporting!$B15) -> 434.42666 | I15: =SUMIFS('Selected scen drivers'!I$2:I$999,'Selected scen drivers'!$A$2:$A$999,reporting!$A15,'Selected scen drivers'!$B$2:$B$999,reporting!$B15) -> 461.41704 | J15: =SUMIFS('Selected scen drivers'!J$2:J$999,'Selected scen drivers'!$A$2:$A$999,reporting!$A15,'Selected scen drivers'!$B$2:$B$999,reporting!$B15) -> 482.37817 | K15: =SUMIFS('Selected scen drivers'!K$2:K$999,'Selected scen drivers'!$A$2:$A$999,reporting!$A15,'Selected scen drivers'!$B$2:$B$999,reporting!$B15) -> 496.38372 | L15: =SUMIFS('Selected scen drivers'!L$2:L$999,'Selected scen drivers'!$A$2:$A$999,reporting!$A15,'Selected scen drivers'!$B$2:$B$999,reporting!$B15) -> 504.36066 | M15: =SUMIFS('Selected scen drivers'!M$2:M$999,'Selected scen drivers'!$A$2:$A$999,reporting!$A15,'Selected scen drivers'!$B$2:$B$999,reporting!$B15) -> 504.71485 | ... AE15: =SUMIFS('Selected scen drivers'!AE$2:AE$999,'Selected scen drivers'!$A$2:$A$999,reporting!$A15,'Selected scen drivers'!$B$2:$B$999,reporting!$B15) -> 0 | AF15: 2
A16: =A10+1 -> 2 | B16: =B10 -> 9 | D16: =IFERROR("rep_"&VLOOKUP(B16,Classification!$U$5:$V$14,2,FALSE),"\I:") -> rep_POP | E16: =IFERROR(VLOOKUP(A16,Classification!$A$4:$B$99,2,FALSE),"\I:") -> India | F16: =SUMIFS('Selected scen drivers'!F$2:F$999,'Selected scen drivers'!$A$2:$A$999,reporting!$A16,'Selected scen drivers'!$B$2:$B$999,reporting!$B16) -> 1378.8638 | G16: =SUMIFS('Selected scen drivers'!G$2:G$999,'Selected scen drivers'!$A$2:$A$999,reporting!$A16,'Selected scen drivers'!$B$2:$B$999,reporting!$B16) -> 1389.9664 | H16: =SUMIFS('Selected scen drivers'!H$2:H$999,'Selected scen drivers'!$A$2:$A$999,reporting!$A16,'Selected scen drivers'!$B$2:$B$999,reporting!$B16) -> 1445.4796 | I16: =SUMIFS('Selected scen drivers'!I$2:I$999,'Selected scen drivers'!$A$2:$A$999,reporting!$A16,'Selected scen drivers'!$B$2:$B$999,reporting!$B16) -> 1501.7254 | J16: =SUMIFS('Selected scen drivers'!J$2:J$999,'Selected scen drivers'!$A$2:$A$999,reporting!$A16,'Selected scen drivers'!$B$2:$B$999,reporting!$B16) -> 1548.0675 | K16: =SUMIFS('Selected scen drivers'!K$2:K$999,'Selected scen drivers'!$A$2:$A$999,reporting!$A16,'Selected scen drivers'!$B$2:$B$999,reporting!$B16) -> 1583.687 | L16: =SUMIFS('Selected scen drivers'!L$2:L$999,'Selected scen drivers'!$A$2:$A$999,reporting!$A16,'Selected scen drivers'!$B$2:$B$999,reporting!$B16) -> 1607.6946 | M16: =SUMIFS('Selected scen drivers'!M$2:M$999,'Selected scen drivers'!$A$2:$A$999,reporting!$A16,'Selected scen drivers'!$B$2:$B$999,reporting!$B16) -> 1620.3579 | ... AE16: =SUMIFS('Selected scen drivers'!AE$2:AE$999,'Selected scen drivers'!$A$2:$A$999,reporting!$A16,'Selected scen drivers'!$B$2:$B$999,reporting!$B16) -> 0 | AF16: 2
A17: =A11+1 -> 3 | B17: =B11 -> 1 | D17: =IFERROR("rep_"&VLOOKUP(B17,Classification!$U$5:$V$14,2,FALSE),"\I:") -> rep_GDP | E17: =IFERROR(VLOOKUP(A17,Classification!$A$4:$B$99,2,FALSE),"\I:") -> ROW | F17: =SUMIFS('Selected scen drivers'!F$2:F$999,'Selected scen drivers'!$A$2:$A$999,reporting!$A17,'Selected scen drivers'!$B$2:$B$999,reporting!$B17) -> 15477.272 | G17: =SUMIFS('Selected scen drivers'!G$2:G$999,'Selected scen drivers'!$A$2:$A$999,reporting!$A17,'Selected scen drivers'!$B$2:$B$999,reporting!$B17) -> 15975.795 | H17: =SUMIFS('Selected scen drivers'!H$2:H$999,'Selected scen drivers'!$A$2:$A$999,reporting!$A17,'Selected scen drivers'!$B$2:$B$999,reporting!$B17) -> 19505.512 | I17: =SUMIFS('Selected scen drivers'!I$2:I$999,'Selected scen drivers'!$A$2:$A$999,reporting!$A17,'Selected scen drivers'!$B$2:$B$999,reporting!$B17) -> 23929.64 | J17: =SUMIFS('Selected scen drivers'!J$2:J$999,'Selected scen drivers'!$A$2:$A$999,reporting!$A17,'Selected scen drivers'!$B$2:$B$999,reporting!$B17) -> 28577.615 | K17: =SUMIFS('Selected scen drivers'!K$2:K$999,'Selected scen drivers'!$A$2:$A$999,reporting!$A17,'Selected scen drivers'!$B$2:$B$999,reporting!$B17) -> 33215.021 | L17: =SUMIFS('Selected scen drivers'!L$2:L$999,'Selected scen drivers'!$A$2:$A$999,reporting!$A17,'Selected scen drivers'!$B$2:$B$999,reporting!$B17) -> 37953.093 | M17: =SUMIFS('Selected scen drivers'!M$2:M$999,'Selected scen drivers'!$A$2:$A$999,reporting!$A17,'Selected scen drivers'!$B$2:$B$999,reporting!$B17) -> 42873.651 | ... AE17: =SUMIFS('Selected scen drivers'!AE$2:AE$999,'Selected scen drivers'!$A$2:$A$999,reporting!$A17,'Selected scen drivers'!$B$2:$B$999,reporting!$B17) -> 0 | AF17: 2
A18: =A12+1 -> 3 | B18: =B12 -> 2 | D18: =IFERROR("rep_"&VLOOKUP(B18,Classification!$U$5:$V$14,2,FALSE),"\I:") -> rep_GDPAGR | E18: =IFERROR(VLOOKUP(A18,Classification!$A$4:$B$99,2,FALSE),"\I:") -> ROW | F18: =SUMIFS('Selected scen drivers'!F$2:F$999,'Selected scen drivers'!$A$2:$A$999,reporting!$A18,'Selected scen drivers'!$B$2:$B$999,reporting!$B18) -> 1525.5622 | G18: =SUMIFS('Selected scen drivers'!G$2:G$999,'Selected scen drivers'!$A$2:$A$999,reporting!$A18,'Selected scen drivers'!$B$2:$B$999,reporting!$B18) -> 1580.5538 | H18: =SUMIFS('Selected scen drivers'!H$2:H$999,'Selected scen drivers'!$A$2:$A$999,reporting!$A18,'Selected scen drivers'!$B$2:$B$999,reporting!$B18) -> 1906.7277 | I18: =SUMIFS('Selected scen drivers'!I$2:I$999,'Selected scen drivers'!$A$2:$A$999,reporting!$A18,'Selected scen drivers'!$B$2:$B$999,reporting!$B18) -> 2359.0161 | J18: =SUMIFS('Selected scen drivers'!J$2:J$999,'Selected scen drivers'!$A$2:$A$999,reporting!$A18,'Selected scen drivers'!$B$2:$B$999,reporting!$B18) -> 2838.3421 | K18: =SUMIFS('Selected scen drivers'!K$2:K$999,'Selected scen drivers'!$A$2:$A$999,reporting!$A18,'Selected scen drivers'!$B$2:$B$999,reporting!$B18) -> 3317.9569 | L18: =SUMIFS('Selected scen drivers'!L$2:L$999,'Selected scen drivers'!$A$2:$A$999,reporting!$A18,'Selected scen drivers'!$B$2:$B$999,reporting!$B18) -> 3799.6144 | M18: =SUMIFS('Selected scen drivers'!M$2:M$999,'Selected scen drivers'!$A$2:$A$999,reporting!$A18,'Selected scen drivers'!$B$2:$B$999,reporting!$B18) -> 4282.6153 | ... AE18: =SUMIFS('Selected scen drivers'!AE$2:AE$999,'Selected scen drivers'!$A$2:$A$999,reporting!$A18,'Selected scen drivers'!$B$2:$B$999,reporting!$B18) -> 0 | AF18: 2
A19: =A13+1 -> 3 | B19: =B13 -> 3 | D19: =IFERROR("rep_"&VLOOKUP(B19,Classification!$U$5:$V$14,2,FALSE),"\I:") -> rep_GDPIND | E19: =IFERROR(VLOOKUP(A19,Classification!$A$4:$B$99,2,FALSE),"\I:") -> ROW | F19: =SUMIFS('Selected scen drivers'!F$2:F$999,'Selected scen drivers'!$A$2:$A$999,reporting!$A19,'Selected scen drivers'!$B$2:$B$999,reporting!$B19) -> 4871.5708 | G19: =SUMIFS('Selected scen drivers'!G$2:G$999,'Selected scen drivers'!$A$2:$A$999,reporting!$A19,'Selected scen drivers'!$B$2:$B$999,reporting!$B19) -> 5020.6249 | H19: =SUMIFS('Selected scen drivers'!H$2:H$999,'Selected scen drivers'!$A$2:$A$999,reporting!$A19,'Selected scen drivers'!$B$2:$B$999,reporting!$B19) -> 6179.2946 | I19: =SUMIFS('Selected scen drivers'!I$2:I$999,'Selected scen drivers'!$A$2:$A$999,reporting!$A19,'Selected scen drivers'!$B$2:$B$999,reporting!$B19) -> 7642.0543 | J19: =SUMIFS('Selected scen drivers'!J$2:J$999,'Selected scen drivers'!$A$2:$A$999,reporting!$A19,'Selected scen drivers'!$B$2:$B$999,reporting!$B19) -> 9197.4829 | K19: =SUMIFS('Selected scen drivers'!K$2:K$999,'Selected scen drivers'!$A$2:$A$999,reporting!$A19,'Selected scen drivers'!$B$2:$B$999,reporting!$B19) -> 10770.862 | L19: =SUMIFS('Selected scen drivers'!L$2:L$999,'Selected scen drivers'!$A$2:$A$999,reporting!$A19,'Selected scen drivers'!$B$2:$B$999,reporting!$B19) -> 12380.935 | M19: =SUMIFS('Selected scen drivers'!M$2:M$999,'Selected scen drivers'!$A$2:$A$999,reporting!$A19,'Selected scen drivers'!$B$2:$B$999,reporting!$B19) -> 14045.713 | ... AE19: =SUMIFS('Selected scen drivers'!AE$2:AE$999,'Selected scen drivers'!$A$2:$A$999,reporting!$A19,'Selected scen drivers'!$B$2:$B$999,reporting!$B19) -> 0 | AF19: 2
A20: =A14+1 -> 3 | B20: =B14 -> 7 | D20: =IFERROR("rep_"&VLOOKUP(B20,Classification!$U$5:$V$14,2,FALSE),"\I:") -> rep_GDPSER | E20: =IFERROR(VLOOKUP(A20,Classification!$A$4:$B$99,2,FALSE),"\I:") -> ROW | F20: =SUMIFS('Selected scen drivers'!F$2:F$999,'Selected scen drivers'!$A$2:$A$999,reporting!$A20,'Selected scen drivers'!$B$2:$B$999,reporting!$B20) -> 7848.9724 | G20: =SUMIFS('Selected scen drivers'!G$2:G$999,'Selected scen drivers'!$A$2:$A$999,reporting!$A20,'Selected scen drivers'!$B$2:$B$999,reporting!$B20) -> 8062.1227 | H20: =SUMIFS('Selected scen drivers'!H$2:H$999,'Selected scen drivers'!$A$2:$A$999,reporting!$A20,'Selected scen drivers'!$B$2:$B$999,reporting!$B20) -> 9887.9905 | I20: =SUMIFS('Selected scen drivers'!I$2:I$999,'Selected scen drivers'!$A$2:$A$999,reporting!$A20,'Selected scen drivers'!$B$2:$B$999,reporting!$B20) -> 12200.26 | J20: =SUMIFS('Selected scen drivers'!J$2:J$999,'Selected scen drivers'!$A$2:$A$999,reporting!$A20,'Selected scen drivers'!$B$2:$B$999,reporting!$B20) -> 14683.491 | K20: =SUMIFS('Selected scen drivers'!K$2:K$999,'Selected scen drivers'!$A$2:$A$999,reporting!$A20,'Selected scen drivers'!$B$2:$B$999,reporting!$B20) -> 17220.071 | L20: =SUMIFS('Selected scen drivers'!L$2:L$999,'Selected scen drivers'!$A$2:$A$999,reporting!$A20,'Selected scen drivers'!$B$2:$B$999,reporting!$B20) -> 19864.986 | M20: =SUMIFS('Selected scen drivers'!M$2:M$999,'Selected scen drivers'!$A$2:$A$999,reporting!$A20,'Selected scen drivers'!$B$2:$B$999,reporting!$B20) -> 22658.139 | ... AE20: =SUMIFS('Selected scen drivers'!AE$2:AE$999,'Selected scen drivers'!$A$2:$A$999,reporting!$A20,'Selected scen drivers'!$B$2:$B$999,reporting!$B20) -> 0 | AF20: 2
A21: =A15+1 -> 3 | B21: =B15 -> 8 | D21: =IFERROR("rep_"&VLOOKUP(B21,Classification!$U$5:$V$14,2,FALSE),"\I:") -> rep_HOU | E21: =IFERROR(VLOOKUP(A21,Classification!$A$4:$B$99,2,FALSE),"\I:") -> ROW | F21: =SUMIFS('Selected scen drivers'!F$2:F$999,'Selected scen drivers'!$A$2:$A$999,reporting!$A21,'Selected scen drivers'!$B$2:$B$999,reporting!$B21) -> 386.54955 | G21: =SUMIFS('Selected scen drivers'!G$2:G$999,'Selected scen drivers'!$A$2:$A$999,reporting!$A21,'Selected scen drivers'!$B$2:$B$999,reporting!$B21) -> 391.56712 | H21: =SUMIFS('Selected scen drivers'!H$2:H$999,'Selected scen drivers'!$A$2:$A$999,reporting!$A21,'Selected scen drivers'!$B$2:$B$999,reporting!$B21) -> 416.65495 | I21: =SUMIFS('Selected scen drivers'!I$2:I$999,'Selected scen drivers'!$A$2:$A$999,reporting!$A21,'Selected scen drivers'!$B$2:$B$999,reporting!$B21) -> 439.606 | J21: =SUMIFS('Selected scen drivers'!J$2:J$999,'Selected scen drivers'!$A$2:$A$999,reporting!$A21,'Selected scen drivers'!$B$2:$B$999,reporting!$B21) -> 460.29195 | K21: =SUMIFS('Selected scen drivers'!K$2:K$999,'Selected scen drivers'!$A$2:$A$999,reporting!$A21,'Selected scen drivers'!$B$2:$B$999,reporting!$B21) -> 478.61903 | L21: =SUMIFS('Selected scen drivers'!L$2:L$999,'Selected scen drivers'!$A$2:$A$999,reporting!$A21,'Selected scen drivers'!$B$2:$B$999,reporting!$B21) -> 493.8302 | M21: =SUMIFS('Selected scen drivers'!M$2:M$999,'Selected scen drivers'!$A$2:$A$999,reporting!$A21,'Selected scen drivers'!$B$2:$B$999,reporting!$B21) -> 504.11923 | ... AE21: =SUMIFS('Selected scen drivers'!AE$2:AE$999,'Selected scen drivers'!$A$2:$A$999,reporting!$A21,'Selected scen drivers'!$B$2:$B$999,reporting!$B21) -> 0 | AF21: 2
A22: =A16+1 -> 3 | B22: =B16 -> 9 | D22: =IFERROR("rep_"&VLOOKUP(B22,Classification!$U$5:$V$14,2,FALSE),"\I:") -> rep_POP | E22: =IFERROR(VLOOKUP(A22,Classification!$A$4:$B$99,2,FALSE),"\I:") -> ROW | F22: =SUMIFS('Selected scen drivers'!F$2:F$999,'Selected scen drivers'!$A$2:$A$999,reporting!$A22,'Selected scen drivers'!$B$2:$B$999,reporting!$B22) -> 1354.5919 | G22: =SUMIFS('Selected scen drivers'!G$2:G$999,'Selected scen drivers'!$A$2:$A$999,reporting!$A22,'Selected scen drivers'!$B$2:$B$999,reporting!$B22) -> 1369.7712 | H22: =SUMIFS('Selected scen drivers'!H$2:H$999,'Selected scen drivers'!$A$2:$A$999,reporting!$A22,'Selected scen drivers'!$B$2:$B$999,reporting!$B22) -> 1445.6675 | I22: =SUMIFS('Selected scen drivers'!I$2:I$999,'Selected scen drivers'!$A$2:$A$999,reporting!$A22,'Selected scen drivers'!$B$2:$B$999,reporting!$B22) -> 1518.1914 | J22: =SUMIFS('Selected scen drivers'!J$2:J$999,'Selected scen drivers'!$A$2:$A$999,reporting!$A22,'Selected scen drivers'!$B$2:$B$999,reporting!$B22) -> 1583.2546 | K22: =SUMIFS('Selected scen drivers'!K$2:K$999,'Selected scen drivers'!$A$2:$A$999,reporting!$A22,'Selected scen drivers'!$B$2:$B$999,reporting!$B22) -> 1640.1301 | L22: =SUMIFS('Selected scen drivers'!L$2:L$999,'Selected scen drivers'!$A$2:$A$999,reporting!$A22,'Selected scen drivers'!$B$2:$B$999,reporting!$B22) -> 1688.7147 | M22: =SUMIFS('Selected scen drivers'!M$2:M$999,'Selected scen drivers'!$A$2:$A$999,reporting!$A22,'Selected scen drivers'!$B$2:$B$999,reporting!$B22) -> 1729.377 | ... AE22: =SUMIFS('Selected scen drivers'!AE$2:AE$999,'Selected scen drivers'!$A$2:$A$999,reporting!$A22,'Selected scen drivers'!$B$2:$B$999,reporting!$B22) -> 0 | AF22: 2
... A280: =A274+1 -> 46 | B280: =B274 -> 9 | D280: =IFERROR("rep_"&VLOOKUP(B280,Classification!$U$5:$V$14,2,FALSE),"\I:") -> rep_POP | E280: =IFERROR(VLOOKUP(A280,Classification!$A$4:$B$99,2,FALSE),"\I:") -> \I: | F280: =SUMIFS('Selected scen drivers'!F$2:F$999,'Selected scen drivers'!$A$2:$A$999,reporting!$A280,'Selected scen drivers'!$B$2:$B$999,reporting!$B280) -> 0 | G280: =SUMIFS('Selected scen drivers'!G$2:G$999,'Selected scen drivers'!$A$2:$A$999,reporting!$A280,'Selected scen drivers'!$B$2:$B$999,reporting!$B280) -> 0 | H280: =SUMIFS('Selected scen drivers'!H$2:H$999,'Selected scen drivers'!$A$2:$A$999,reporting!$A280,'Selected scen drivers'!$B$2:$B$999,reporting!$B280) -> 0 | I280: =SUMIFS('Selected scen drivers'!I$2:I$999,'Selected scen drivers'!$A$2:$A$999,reporting!$A280,'Selected scen drivers'!$B$2:$B$999,reporting!$B280) -> 0 | J280: =SUMIFS('Selected scen drivers'!J$2:J$999,'Selected scen drivers'!$A$2:$A$999,reporting!$A280,'Selected scen drivers'!$B$2:$B$999,reporting!$B280) -> 0 | K280: =SUMIFS('Selected scen drivers'!K$2:K$999,'Selected scen drivers'!$A$2:$A$999,reporting!$A280,'Selected scen drivers'!$B$2:$B$999,reporting!$B280) -> 0 | L280: =SUMIFS('Selected scen drivers'!L$2:L$999,'Selected scen drivers'!$A$2:$A$999,reporting!$A280,'Selected scen drivers'!$B$2:$B$999,reporting!$B280) -> 0 | M280: =SUMIFS('Selected scen drivers'!M$2:M$999,'Selected scen drivers'!$A$2:$A$999,reporting!$A280,'Selected scen drivers'!$B$2:$B$999,reporting!$B280) -> 0 | ... AE280: =SUMIFS('Selected scen drivers'!AE$2:AE$999,'Selected scen drivers'!$A$2:$A$999,reporting!$A280,'Selected scen drivers'!$B$2:$B$999,reporting!$B280) -> 0 | AF280: 2

Sheet Classification
B3: ActiveReg | C3: Status | D3: ElastClass
A4: 1 | B4: Africa_Other | C4: Eme | D4: =C4 -> Eme | M4: ~TFM_FILL-R:w=BYDem_tra
A5: =A4+1 -> 2 | B5: India | C5: Eme | D5: =C5 -> Eme | M5: Scenario | N5: Attribute | O5: CSET_Set | P5: Year | Q5: AllRegions | R5: CSET_CN | U5: 1 | V5: GDP
A6: =A5+1 -> 3 | B6: ROW | C6: Eme | D6: =C6 -> Eme | M6: BASE | N6: Demand | O6: DEM | P6: 2019 | Q6: *1 | R6: T* | U6: 2 | V6: GDPAGR
A7: =A6+1 -> 4 | B7: WestBalkans | C7: Eme | D7: =C7 -> Eme | U7: 3 | V7: GDPIND
A8: =A7+1 -> 5 | B8: Brazil | C8: Eme | D8: =C8 -> Eme | U8: 4 | V8: GDPMFG
A9: =A8+1 -> 6 | B9: Africa_North | C9: Eme | D9: =C9 -> Eme | U9: 5 | V9: GDPPCAP
A10: =A9+1 -> 7 | B10: Ukraine | C10: Eme | D10: =C10 -> Eme | U10: 6 | V10: GDPPHOU
A11: =A10+1 -> 8 | B11: SouthAfrica | C11: Eme | D11: Eme | U11: 7 | V11: GDPSER
A12: =A11+1 -> 9 | B12: LatAm | C12: Eme | D12: =C12 -> Eme | U12: 8 | V12: HOU
A13: =A12+1 -> 10 | B13: MidEast | C13: Eme | D13: =C13 -> Eme | U13: 9 | V13: POP
A14: =A13+1 -> 11 | B14: Turkey | C14: Dev | D14: =C14 -> Dev
A15: =A14+1 -> 12 | B15: Russia | C15: Dev | D15: =C15 -> Dev
A16: =A15+1 -> 13 | B16: HunRomBul | C16: Dev | D16: =C16 -> Dev
A17: =A16+1 -> 14 | B17: CroSloven | C17: Dev | D17: =C17 -> Dev
A18: =A17+1 -> 15 | B18: SpainPor | C18: Dev | D18: =C18 -> Dev
A19: =A18+1 -> 16 | B19: GreeceCyp | C19: Dev | D19: =C19 -> Dev
A20: =A19+1 -> 17 | B20: China | C20: Eme | D20: Chi
A21: =A20+1 -> 18 | B21: ItalyMal | C21: Dev | D21: =C21 -> Dev
A22: =A21+1 -> 19 | B22: Poland | C22: Dev | D22: =C22 -> Dev
A23: =A22+1 -> 20 | B23: Baltics | C23: Dev | D23: =C23 -> Dev
A24: =A23+1 -> 21 | B24: France | C24: Dev | D24: =C24 -> Dev
A25: =A24+1 -> 22 | B25: Japan | C25: Dev | D25: =C25 -> Dev
A26: =A25+1 -> 23 | B26: UK | C26: Dev | D26: =C26 -> Dev
A27: =A26+1 -> 24 | B27: SaudiArabia | C27: Dev | D27: =C27 -> Dev
A28: =A27+1 -> 25 | B28: SweFinDen | C28: Dev | D28: =C28 -> Dev
A29: =A28+1 -> 26 | B29: Germany | C29: Dev | D29: =C29 -> Dev
A30: =A29+1 -> 27 | B30: Australia | C30: Dev | D30: =C30 -> Dev
A31: =A30+1 -> 28 | B31: CzechSlovak | C31: Dev | D31: =C31 -> Dev
A32: =A31+1 -> 29 | B32: NorthAm | C32: Dev | D32: =C32 -> Dev
... A38: =A37+1 -> 35 | B38: Ireland | C38: Dev | D38: =C38 -> Dev

Sheet SSP drivers
A1: Model | B1: Scenario | C1: ActiveReg | D1: drvr | E1: 2015 | F1: 2019 | G1: 2020 | H1: 2025 | I1: 2030 | J1: 2035 | K1: 2040 | L1: 2045 | M1: 2050 | N1: 2055 | O1: 2060 | P1: 2065 | Q1: 2070 | R1: 2075 | S1: 2080 | T1: 2085 | U1: 2090 | V1: 2095 | W1: 2100 | X1: \I: | Y1: \I: | Z1: \I: | AA1: \I: | AB1: \I: | AC1: \I: | AD1: \I: | AE1: \I: | AF1: \I:
A2: OECD23 | B2: SSP1 | C2: Africa_North | D2: GDP | F2: 2210.4794 | G2: 2262.425 | H2: 2781.659 | I2: 3473.068 | J2: 4436.465 | K2: 5730.945 | L2: 7368.96 | M2: 9262.532 | N2: 11383.986 | O2: 13731.282 | P2: 16261.404 | Q2: 18844.799 | R2: 21467.312 | S2: 24108.468 | T2: 26758.704 | U2: 29423.216 | V2: 32089.367 | W2: 34706.937
A3: OECD23 | B3: SSP1 | C3: Africa_North | D3: GDPPCAP | F3: 10.951082 | G3: 11.045012 | H3: 12.657175 | I3: 14.908783 | J3: 18.137203 | K3: 22.480366 | L3: 27.884857 | M3: 34.054782 | N3: 40.996313 | O3: 48.820785 | P3: 57.478341 | Q3: 66.603511 | R3: 76.20171 | S3: 86.265851 | T3: 96.842016 | U3: 107.99847 | V3: 119.82143 | W3: 132.30086
A4: OECD23 | B4: SSP1 | C4: Africa_North | D4: GDPPHOU | F4: 39.501721 | G4: 39.778539 | H4: 45.2613 | I4: 52.232334 | J4: 62.043485 | K4: 75.181998 | L4: 92.383772 | M4: 113.35523 | N4: 138.00734 | O4: 165.48178 | P4: 195.35926 | Q4: 227.74622 | R4: 266.03337 | S4: 315.40895 | T4: 375.40723 | U4: 442.89494 | V4: 517.694 | W4: 602.10906
A5: OECD23 | B5: SSP1 | C5: Africa_North | D5: HOU | F5: 55.959065 | G5: 56.875518 | H5: 61.45778 | I5: 66.492683 | J5: 71.505735 | K5: 76.227624 | L5: 79.764658 | M5: 81.712435 | N5: 82.488262 | O5: 82.977605 | P5: 83.238458 | Q5: 82.744727 | R5: 80.694056 | S5: 76.435587 | T5: 71.279139 | U5: 66.43385 | V5: 61.985202 | W5: 57.642277
A6: OECD23 | B6: SSP1 | C6: Africa_North | D6: POP | F6: 201.85031 | G6: 204.83682 | H6: 219.76933 | I6: 232.95449 | J6: 244.6058 | K6: 254.93113 | L6: 264.26387 | M6: 271.98917 | N6: 277.68317 | O6: 281.25893 | P6: 282.91359 | Q6: 282.94003 | R6: 281.71693 | S6: 279.46711 | T6: 276.31296 | U6: 272.44105 | V6: 267.80992 | W6: 262.33342
A7: OECD23 | B7: SSP1 | C7: Africa_Other | D7: GDP | F7: 3397.857 | G7: 3474.2031 | H7: 4245.1513 | I7: 5428.9126 | J7: 7180.8491 | K7: 9469.9322 | L7: 12465.228 | M7: 16193.695 | N7: 20724.532 | O7: 26200.643 | P7: 32733.319 | Q7: 40295.901 | R7: 48887.497 | S7: 58428.786 | T7: 68854.595 | U7: 80133.45 | V7: 92204.605 | W7: 104970.72
A8: OECD23 | B8: SSP1 | C8: Africa_Other | D8: GDPPCAP | F8: 3.2297051 | G8: 3.2190704 | H8: 3.4933217 | I8: 4.0301287 | J8: 4.8679603 | K8: 5.9303511 | L8: 7.2650309 | M8: 8.8591675 | N8: 10.755171 | O8: 13.028152 | P8: 15.72337 | Q8: 18.835822 | R8: 22.39341 | S8: 26.407844 | T8: 30.915259 | U8: 35.978316 | V8: 41.661681 | W8: 48.018676
A9: OECD23 | B9: SSP1 | C9: Africa_Other | D9: GDPPHOU | F9: 14.787091 | G9: 14.600652 | H9: 15.228466 | I9: 16.647331 | J9: 18.931313 | K9: 21.856874 | L9: 25.626689 | M9: 30.256758 | N9: 35.846486 | O9: 42.51389 | P9: 50.582381 | Q9: 60.227105 | R9: 71.897437 | S9: 85.976693 | T9: 103.13024 | U9: 123.08926 | V9: 146.15664 | W9: 173.16005
A10: OECD23 | B10: SSP1 | C10: Africa_Other | D10: HOU | F10: 229.78535 | G10: 237.94849 | H10: 278.7642 | I10: 326.11309 | J10: 379.31067 | K10: 433.27019 | L10: 486.41588 | M10: 535.20919 | N10: 578.14682 | O10: 616.2843 | P10: 647.12886 | Q10: 669.06589 | R10: 679.9616 | S10: 679.58866 | T10: 667.64702 | U10: 651.019 | V10: 630.86154 | W10: 606.20633
A11: OECD23 | B11: SSP1 | C11: Africa_Other | D11: POP | F11: 1052.0642 | G11: 1079.2567 | H11: 1215.2191 | I11: 1347.0817 | J11: 1475.1248 | K11: 1596.8586 | L11: 1715.7847 | M11: 1827.9026 | N11: 1926.9365 | O11: 2011.0791 | P11: 2081.8259 | Q11: 2139.3227 | R11: 2183.1198 | S11: 2212.5542 | T11: 2227.2042 | U11: 2227.2707 | V11: 2213.1754 | W11: 2186.0394
A12: OECD23 | B12: SSP1 | C12: Australia | D12: GDP | F12: 1184.568 | G12: 1202.79 | H12: 1383.38 | I12: 1580.08 | J12: 1821.75 | K12: 2110.36 | L12: 2436.12 | M12: 2764.93 | N12: 3087.05 | O12: 3412.88 | P12: 3743.17 | Q12: 4068.9 | R12: 4380.7 | S12: 4670.58 | T12: 4923.69 | U12: 5125.51 | V12: 5272.3 | W12: 5373.29
A13: OECD23 | B13: SSP1 | C13: Australia | D13: GDPPCAP | F13: 46.747573 | G13: 47.08665 | H13: 52.071847 | I13: 57.348921 | J13: 63.991164 | K13: 71.960585 | L13: 80.732939 | M13: 89.121824 | N13: 97.108006 | O13: 105.14124 | P13: 113.41953 | Q13: 121.70377 | R13: 129.83972 | S13: 137.79732 | T13: 145.70824 | U13: 153.71292 | V13: 161.78679 | W13: 169.69981
... A1576: OECD23 | B1576: SSP5 | C1576: WestBalkans | D1576: GDPSER | F1576: 177.47117 | G1576: 180.83304 | H1576: 218.77463 | I1576: 262.33711 | J1576: 316.45631 | K1576: 376.26555 | L1576: 434.87416 | M1576: 487.71518 | N1576: 538.99024 | O1576: 592.14596 | P1576: 650.56885 | Q1576: 714.14199 | R1576: 780.8252 | S1576: 849.57587 | T1576: 919.65773 | U1576: 991.07662 | V1576: 1063.3631 | W1576: 1135.4984

Sheet Selected scen drivers
C1: region | D1: driver | E1: ='SSP drivers'!E1 -> 2015 | F1: ='SSP drivers'!F1 -> 2019 | G1: ='SSP drivers'!G1 -> 2020 | H1: ='SSP drivers'!H1 -> 2025 | I1: ='SSP drivers'!I1 -> 2030 | J1: ='SSP drivers'!J1 -> 2035 | K1: ='SSP drivers'!K1 -> 2040 | L1: ='SSP drivers'!L1 -> 2045 | ... AE1: ='SSP drivers'!AE1 -> \I: | AH1: =VLOOKUP($AI$10,$AJ$12:$AL$21,2,FALSE) -> OECD23 | AI1: =VLOOKUP($AI$10,$AJ$12:$AL$21,3,FALSE) -> SSP2
A2: 1 | B2: 1 | C2: =IFERROR(VLOOKUP(A2,Classification!$A$4:$B$99,2,FALSE),"") -> Africa_Other | D2: =IFERROR(VLOOKUP(B2,Classification!$U$5:$V$14,2,FALSE),"") -> GDP | E2: =SUMIFS('SSP drivers'!E$2:E$8148,'SSP drivers'!$A$2:$A$8148,'Selected scen drivers'!$AH$1,'SSP drivers'!$B$2:$B$8148,'Selected scen drivers'!$AI$1,'SSP drivers'!$C$2:$C$8148,'Selected scen drivers'!$C2,'SSP drivers'!$D$2:$D$8148,'Selected scen drivers'!$D2) -> 0 | F2: =SUMIFS('SSP drivers'!F$2:F$8148,'SSP drivers'!$A$2:$A$8148,'Selected scen drivers'!$AH$1,'SSP drivers'!$B$2:$B$8148,'Selected scen drivers'!$AI$1,'SSP drivers'!$C$2:$C$8148,'Selected scen drivers'!$C2,'SSP drivers'!$D$2:$D$8148,'Selected scen drivers'!$D2) -> 3397.857 | G2: =SUMIFS('SSP drivers'!G$2:G$8148,'SSP drivers'!$A$2:$A$8148,'Selected scen drivers'!$AH$1,'SSP drivers'!$B$2:$B$8148,'Selected scen drivers'!$AI$1,'SSP drivers'!$C$2:$C$8148,'Selected scen drivers'!$C2,'SSP drivers'!$D$2:$D$8148,'Selected scen drivers'!$D2) -> 3474.2031 | H2: =SUMIFS('SSP drivers'!H$2:H$8148,'SSP drivers'!$A$2:$A$8148,'Selected scen drivers'!$AH$1,'SSP drivers'!$B$2:$B$8148,'Selected scen drivers'!$AI$1,'SSP drivers'!$C$2:$C$8148,'Selected scen drivers'!$C2,'SSP drivers'!$D$2:$D$8148,'Selected scen drivers'!$D2) -> 4245.2248 | I2: =SUMIFS('SSP drivers'!I$2:I$8148,'SSP drivers'!$A$2:$A$8148,'Selected scen drivers'!$AH$1,'SSP drivers'!$B$2:$B$8148,'Selected scen drivers'!$AI$1,'SSP drivers'!$C$2:$C$8148,'Selected scen drivers'!$C2,'SSP drivers'!$D$2:$D$8148,'Selected scen drivers'!$D2) -> 5425.0474 | J2: =SUMIFS('SSP drivers'!J$2:J$8148,'SSP drivers'!$A$2:$A$8148,'Selected scen drivers'!$AH$1,'SSP drivers'!$B$2:$B$8148,'Selected scen drivers'!$AI$1,'SSP drivers'!$C$2:$C$8148,'Selected scen drivers'!$C2,'SSP drivers'!$D$2:$D$8148,'Selected scen drivers'!$D2) -> 7084.6944 | K2: =SUMIFS('SSP drivers'!K$2:K$8148,'SSP drivers'!$A$2:$A$8148,'Selected scen drivers'!$AH$1,'SSP drivers'!$B$2:$B$8148,'Selected scen drivers'!$AI$1,'SSP drivers'!$C$2:$C$8148,'Selected scen drivers'!$C2,'SSP drivers'!$D$2:$D$8148,'Selected scen drivers'!$D2) -> 9117.9122 | L2: =SUMIFS('SSP drivers'!L$2:L$8148,'SSP drivers'!$A$2:$A$8148,'Selected scen drivers'!$AH$1,'SSP drivers'!$B$2:$B$8148,'Selected scen drivers'!$AI$1,'SSP drivers'!$C$2:$C$8148,'Selected scen drivers'!$C2,'SSP drivers'!$D$2:$D$8148,'Selected scen drivers'!$D2) -> 11656.747 | ... AE2: =SUMIFS('SSP drivers'!AE$2:AE$8148,'SSP drivers'!$A$2:$A$8148,'Selected scen drivers'!$AH$1,'SSP drivers'!$B$2:$B$8148,'Selected scen drivers'!$AI$1,'SSP drivers'!$C$2:$C$8148,'Selected scen drivers'!$C2,'SSP drivers'!$D$2:$D$8148,'Selected scen drivers'!$D2) -> 0
A3: 1 | B3: 2 | C3: =IFERROR(VLOOKUP(A3,Classification!$A$4:$B$99,2,FALSE),"") -> Africa_Other | D3: =IFERROR(VLOOKUP(B3,Classification!$U$5:$V$14,2,FALSE),"") -> GDPAGR | E3: =SUMIFS('SSP drivers'!E$2:E$8148,'SSP drivers'!$A$2:$A$8148,'Selected scen drivers'!$AH$1,'SSP drivers'!$B$2:$B$8148,'Selected scen drivers'!$AI$1,'SSP drivers'!$C$2:$C$8148,'Selected scen drivers'!$C3,'SSP drivers'!$D$2:$D$8148,'Selected scen drivers'!$D3) -> 0 | F3: =SUMIFS('SSP drivers'!F$2:F$8148,'SSP drivers'!$A$2:$A$8148,'Selected scen drivers'!$AH$1,'SSP drivers'!$B$2:$B$8148,'Selected scen drivers'!$AI$1,'SSP drivers'!$C$2:$C$8148,'Selected scen drivers'!$C3,'SSP drivers'!$D$2:$D$8148,'Selected scen drivers'!$D3) -> 791.76348 | G3: =SUMIFS('SSP drivers'!G$2:G$8148,'SSP drivers'!$A$2:$A$8148,'Selected scen drivers'!$AH$1,'SSP drivers'!$B$2:$B$8148,'Selected scen drivers'!$AI$1,'SSP drivers'!$C$2:$C$8148,'Selected scen drivers'!$C3,'SSP drivers'!$D$2:$D$8148,'Selected scen drivers'!$D3) -> 812.01851 | H3: =SUMIFS('SSP drivers'!H$2:H$8148,'SSP drivers'!$A$2:$A$8148,'Selected scen drivers'!$AH$1,'SSP drivers'!$B$2:$B$8148,'Selected scen drivers'!$AI$1,'SSP drivers'!$C$2:$C$8148,'Selected scen drivers'!$C3,'SSP drivers'!$D$2:$D$8148,'Selected scen drivers'!$D3) -> 951.88078 | I3: =SUMIFS('SSP drivers'!I$2:I$8148,'SSP drivers'!$A$2:$A$8148,'Selected scen drivers'!$AH$1,'SSP drivers'!$B$2:$B$8148,'Selected scen drivers'!$AI$1,'SSP drivers'!$C$2:$C$8148,'Selected scen drivers'!$C3,'SSP drivers'!$D$2:$D$8148,'Selected scen drivers'!$D3) -> 1175.539 | J3: =SUMIFS('SSP drivers'!J$2:J$8148,'SSP drivers'!$A$2:$A$8148,'Selected scen drivers'!$AH$1,'SSP drivers'!$B$2:$B$8148,'Selected scen drivers'!$AI$1,'SSP drivers'!$C$2:$C$8148,'Selected scen drivers'!$C3,'SSP drivers'!$D$2:$D$8148,'Selected scen drivers'!$D3) -> 1475.4991 | K3: =SUMIFS('SSP drivers'!K$2:K$8148,'SSP drivers'!$A$2:$A$8148,'Selected scen drivers'!$AH$1,'SSP drivers'!$B$2:$B$8148,'Selected scen drivers'!$AI$1,'SSP drivers'!$C$2:$C$8148,'Selected scen drivers'!$C3,'SSP drivers'!$D$2:$D$8148,'Selected scen drivers'!$D3) -> 1819.0655 | L3: =SUMIFS('SSP drivers'!L$2:L$8148,'SSP drivers'!$A$2:$A$8148,'Selected scen drivers'!$AH$1,'SSP drivers'!$B$2:$B$8148,'Selected scen drivers'!$AI$1,'SSP drivers'!$C$2:$C$8148,'Selected scen drivers'!$C3,'SSP drivers'!$D$2:$D$8148,'Selected scen drivers'!$D3) -> 2219.798 | ... AE3: =SUMIFS('SSP drivers'!AE$2:AE$8148,'SSP drivers'!$A$2:$A$8148,'Selected scen drivers'!$AH$1,'SSP drivers'!$B$2:$B$8148,'Selected scen drivers'!$AI$1,'SSP drivers'!$C$2:$C$8148,'Selected scen drivers'!$C3,'SSP drivers'!$D$2:$D$8148,'Selected scen drivers'!$D3) -> 0
A4: 1 | B4: 3 | C4: =IFERROR(VLOOKUP(A4,Classification!$A$4:$B$99,2,FALSE),"") -> Africa_Other | D4: =IFERROR(VLOOKUP(B4,Classification!$U$5:$V$14,2,FALSE),"") -> GDPIND | E4: =SUMIFS('SSP drivers'!E$2:E$8148,'SSP drivers'!$A$2:$A$8148,'Selected scen drivers'!$AH$1,'SSP drivers'!$B$2:$B$8148,'Selected scen drivers'!$AI$1,'SSP drivers'!$C$2:$C$8148,'Selected scen drivers'!$C4,'SSP drivers'!$D$2:$D$8148,'Selected scen drivers'!$D4) -> 0 | F4: =SUMIFS('SSP drivers'!F$2:F$8148,'SSP drivers'!$A$2:$A$8148,'Selected scen drivers'!$AH$1,'SSP drivers'!$B$2:$B$8148,'Selected scen drivers'!$AI$1,'SSP drivers'!$C$2:$C$8148,'Selected scen drivers'!$C4,'SSP drivers'!$D$2:$D$8148,'Selected scen drivers'!$D4) -> 923.83924 | G4: =SUMIFS('SSP drivers'!G$2:G$8148,'SSP drivers'!$A$2:$A$8148,'Selected scen drivers'!$AH$1,'SSP drivers'!$B$2:$B$8148,'Selected scen drivers'!$AI$1,'SSP drivers'!$C$2:$C$8148,'Selected scen drivers'!$C4,'SSP drivers'!$D$2:$D$8148,'Selected scen drivers'!$D4) -> 941.62527 | H4: =SUMIFS('SSP drivers'!H$2:H$8148,'SSP drivers'!$A$2:$A$8148,'Selected scen drivers'!$AH$1,'SSP drivers'!$B$2:$B$8148,'Selected scen drivers'!$AI$1,'SSP drivers'!$C$2:$C$8148,'Selected scen drivers'!$C4,'SSP drivers'!$D$2:$D$8148,'Selected scen drivers'!$D4) -> 1171.0965 | I4: =SUMIFS('SSP drivers'!I$2:I$8148,'SSP drivers'!$A$2:$A$8148,'Selected scen drivers'!$AH$1,'SSP drivers'!$B$2:$B$8148,'Selected scen drivers'!$AI$1,'SSP drivers'!$C$2:$C$8148,'Selected scen drivers'!$C4,'SSP drivers'!$D$2:$D$8148,'Selected scen drivers'!$D4) -> 1507.2619 | J4: =SUMIFS('SSP drivers'!J$2:J$8148,'SSP drivers'!$A$2:$A$8148,'Selected scen drivers'!$AH$1,'SSP drivers'!$B$2:$B$8148,'Selected scen drivers'!$AI$1,'SSP drivers'!$C$2:$C$8148,'Selected scen drivers'!$C4,'SSP drivers'!$D$2:$D$8148,'Selected scen drivers'!$D4) -> 1985.9926 | K4: =SUMIFS('SSP drivers'!K$2:K$8148,'SSP drivers'!$A$2:$A$8148,'Selected scen drivers'!$AH$1,'SSP drivers'!$B$2:$B$8148,'Selected scen drivers'!$AI$1,'SSP drivers'!$C$2:$C$8148,'Selected scen drivers'!$C4,'SSP drivers'!$D$2:$D$8148,'Selected scen drivers'!$D4) -> 2581.9862 | L4: =SUMIFS('SSP drivers'!L$2:L$8148,'SSP drivers'!$A$2:$A$8148,'Selected scen drivers'!$AH$1,'SSP drivers'!$B$2:$B$8148,'Selected scen drivers'!$AI$1,'SSP drivers'!$C$2:$C$8148,'Selected scen drivers'!$C4,'SSP drivers'!$D$2:$D$8148,'Selected scen drivers'!$D4) -> 3336.6232 | ... AE4: =SUMIFS('SSP drivers'!AE$2:AE$8148,'SSP drivers'!$A$2:$A$8148,'Selected scen drivers'!$AH$1,'SSP drivers'!$B$2:$B$8148,'Selected scen drivers'!$AI$1,'SSP drivers'!$C$2:$C$8148,'Selected scen drivers'!$C4,'SSP drivers'!$D$2:$D$8148,'Selected scen drivers'!$D4) -> 0
A5: 1 | B5: 4 | C5: =IFERROR(VLOOKUP(A5,Classification!$A$4:$B$99,2,FALSE),"") -> Africa_Other | D5: =IFERROR(VLOOKUP(B5,Classification!$U$5:$V$14,2,FALSE),"") -> GDPMFG | E5: =SUMIFS('SSP drivers'!E$2:E$8148,'SSP drivers'!$A$2:$A$8148,'Selected scen drivers'!$AH$1,'SSP drivers'!$B$2:$B$8148,'Selected scen drivers'!$AI$1,'SSP drivers'!$C$2:$C$8148,'Selected scen drivers'!$C5,'SSP drivers'!$D$2:$D$8148,'Selected scen drivers'!$D5) -> 0 | F5: =SUMIFS('SSP drivers'!F$2:F$8148,'SSP drivers'!$A$2:$A$8148,'Selected scen drivers'!$AH$1,'SSP drivers'!$B$2:$B$8148,'Selected scen drivers'!$AI$1,'SSP drivers'!$C$2:$C$8148,'Selected scen drivers'!$C5,'SSP drivers'!$D$2:$D$8148,'Selected scen drivers'!$D5) -> 99.687461 | G5: =SUMIFS('SSP drivers'!G$2:G$8148,'SSP drivers'!$A$2:$A$8148,'Selected scen drivers'!$AH$1,'SSP drivers'!$B$2:$B$8148,'Selected scen drivers'!$AI$1,'SSP drivers'!$C$2:$C$8148,'Selected scen drivers'!$C5,'SSP drivers'!$D$2:$D$8148,'Selected scen drivers'!$D5) -> 101.47959 | H5: =SUMIFS('SSP drivers'!H$2:H$8148,'SSP drivers'!$A$2:$A$8148,'Selected scen drivers'!$AH$1,'SSP drivers'!$B$2:$B$8148,'Selected scen drivers'!$AI$1,'SSP drivers'!$C$2:$C$8148,'Selected scen drivers'!$C5,'SSP drivers'!$D$2:$D$8148,'Selected scen drivers'!$D5) -> 136.06685 | I5: =SUMIFS('SSP drivers'!I$2:I$8148,'SSP drivers'!$A$2:$A$8148,'Selected scen drivers'!$AH$1,'SSP drivers'!$B$2:$B$8148,'Selected scen drivers'!$AI$1,'SSP drivers'!$C$2:$C$8148,'Selected scen drivers'!$C5,'SSP drivers'!$D$2:$D$8148,'Selected scen drivers'!$D5) -> 187.38865 | J5: =SUMIFS('SSP drivers'!J$2:J$8148,'SSP drivers'!$A$2:$A$8148,'Selected scen drivers'!$AH$1,'SSP drivers'!$B$2:$B$8148,'Selected scen drivers'!$AI$1,'SSP drivers'!$C$2:$C$8148,'Selected scen drivers'!$C5,'SSP drivers'!$D$2:$D$8148,'Selected scen drivers'!$D5) -> 264.00246 | K5: =SUMIFS('SSP drivers'!K$2:K$8148,'SSP drivers'!$A$2:$A$8148,'Selected scen drivers'!$AH$1,'SSP drivers'!$B$2:$B$8148,'Selected scen drivers'!$AI$1,'SSP drivers'!$C$2:$C$8148,'Selected scen drivers'!$C5,'SSP drivers'!$D$2:$D$8148,'Selected scen drivers'!$D5) -> 365.9454 | L5: =SUMIFS('SSP drivers'!L$2:L$8148,'SSP drivers'!$A$2:$A$8148,'Selected scen drivers'!$AH$1,'SSP drivers'!$B$2:$B$8148,'Selected scen drivers'!$AI$1,'SSP drivers'!$C$2:$C$8148,'Selected scen drivers'!$C5,'SSP drivers'!$D$2:$D$8148,'Selected scen drivers'!$D5) -> 502.46406 | ... AE5: =SUMIFS('SSP drivers'!AE$2:AE$8148,'SSP drivers'!$A$2:$A$8148,'Selected scen drivers'!$AH$1,'SSP drivers'!$B$2:$B$8148,'Selected scen drivers'!$AI$1,'SSP drivers'!$C$2:$C$8148,'Selected scen drivers'!$C5,'SSP drivers'!$D$2:$D$8148,'Selected scen drivers'!$D5) -> 0
A6: 1 | B6: 5 | C6: =IFERROR(VLOOKUP(A6,Classification!$A$4:$B$99,2,FALSE),"") -> Africa_Other | D6: =IFERROR(VLOOKUP(B6,Classification!$U$5:$V$14,2,FALSE),"") -> GDPPCAP | E6: =SUMIFS('SSP drivers'!E$2:E$8148,'SSP drivers'!$A$2:$A$8148,'Selected scen drivers'!$AH$1,'SSP drivers'!$B$2:$B$8148,'Selected scen drivers'!$AI$1,'SSP drivers'!$C$2:$C$8148,'Selected scen drivers'!$C6,'SSP drivers'!$D$2:$D$8148,'Selected scen drivers'!$D6) -> 0 | F6: =SUMIFS('SSP drivers'!F$2:F$8148,'SSP drivers'!$A$2:$A$8148,'Selected scen drivers'!$AH$1,'SSP drivers'!$B$2:$B$8148,'Selected scen drivers'!$AI$1,'SSP drivers'!$C$2:$C$8148,'Selected scen drivers'!$C6,'SSP drivers'!$D$2:$D$8148,'Selected scen drivers'!$D6) -> 3.2376164 | G6: =SUMIFS('SSP drivers'!G$2:G$8148,'SSP drivers'!$A$2:$A$8148,'Selected scen drivers'!$AH$1,'SSP drivers'!$B$2:$B$8148,'Selected scen drivers'!$AI$1,'SSP drivers'!$C$2:$C$8148,'Selected scen drivers'!$C6,'SSP drivers'!$D$2:$D$8148,'Selected scen drivers'!$D6) -> 3.2190704 | H6: =SUMIFS('SSP drivers'!H$2:H$8148,'SSP drivers'!$A$2:$A$8148,'Selected scen drivers'!$AH$1,'SSP drivers'!$B$2:$B$8148,'Selected scen drivers'!$AI$1,'SSP drivers'!$C$2:$C$8148,'Selected scen drivers'!$C6,'SSP drivers'!$D$2:$D$8148,'Selected scen drivers'!$D6) -> 3.4568181 | I6: =SUMIFS('SSP drivers'!I$2:I$8148,'SSP drivers'!$A$2:$A$8148,'Selected scen drivers'!$AH$1,'SSP drivers'!$B$2:$B$8148,'Selected scen drivers'!$AI$1,'SSP drivers'!$C$2:$C$8148,'Selected scen drivers'!$C6,'SSP drivers'!$D$2:$D$8148,'Selected scen drivers'!$D6) -> 3.9107799 | J6: =SUMIFS('SSP drivers'!J$2:J$8148,'SSP drivers'!$A$2:$A$8148,'Selected scen drivers'!$AH$1,'SSP drivers'!$B$2:$B$8148,'Selected scen drivers'!$AI$1,'SSP drivers'!$C$2:$C$8148,'Selected scen drivers'!$C6,'SSP drivers'!$D$2:$D$8148,'Selected scen drivers'!$D6) -> 4.5602152 | K6: =SUMIFS('SSP drivers'!K$2:K$8148,'SSP drivers'!$A$2:$A$8148,'Selected scen drivers'!$AH$1,'SSP drivers'!$B$2:$B$8148,'Selected scen drivers'!$AI$1,'SSP drivers'!$C$2:$C$8148,'Selected scen drivers'!$C6,'SSP drivers'!$D$2:$D$8148,'Selected scen drivers'!$D6) -> 5.2869465 | L6: =SUMIFS('SSP drivers'!L$2:L$8148,'SSP drivers'!$A$2:$A$8148,'Selected scen drivers'!$AH$1,'SSP drivers'!$B$2:$B$8148,'Selected scen drivers'!$AI$1,'SSP drivers'!$C$2:$C$8148,'Selected scen drivers'!$C6,'SSP drivers'!$D$2:$D$8148,'Selected scen drivers'!$D6) -> 6.1437538 | ... AE6: =SUMIFS('SSP drivers'!AE$2:AE$8148,'SSP drivers'!$A$2:$A$8148,'Selected scen drivers'!$AH$1,'SSP drivers'!$B$2:$B$8148,'Selected scen drivers'!$AI$1,'SSP drivers'!$C$2:$C$8148,'Selected scen drivers'!$C6,'SSP drivers'!$D$2:$D$8148,'Selected scen drivers'!$D6) -> 0
A7: 1 | B7: 6 | C7: =IFERROR(VLOOKUP(A7,Classification!$A$4:$B$99,2,FALSE),"") -> Africa_Other | D7: =IFERROR(VLOOKUP(B7,Classification!$U$5:$V$14,2,FALSE),"") -> GDPPHOU | E7: =SUMIFS('SSP drivers'!E$2:E$8148,'SSP drivers'!$A$2:$A$8148,'Selected scen drivers'!$AH$1,'SSP drivers'!$B$2:$B$8148,'Selected scen drivers'!$AI$1,'SSP drivers'!$C$2:$C$8148,'Selected scen drivers'!$C7,'SSP drivers'!$D$2:$D$8148,'Selected scen drivers'!$D7) -> 0 | F7: =SUMIFS('SSP drivers'!F$2:F$8148,'SSP drivers'!$A$2:$A$8148,'Selected scen drivers'!$AH$1,'SSP drivers'!$B$2:$B$8148,'Selected scen drivers'!$AI$1,'SSP drivers'!$C$2:$C$8148,'Selected scen drivers'!$C7,'SSP drivers'!$D$2:$D$8148,'Selected scen drivers'!$D7) -> 14.780173 | G7: =SUMIFS('SSP drivers'!G$2:G$8148,'SSP drivers'!$A$2:$A$8148,'Selected scen drivers'!$AH$1,'SSP drivers'!$B$2:$B$8148,'Selected scen drivers'!$AI$1,'SSP drivers'!$C$2:$C$8148,'Selected scen drivers'!$C7,'SSP drivers'!$D$2:$D$8148,'Selected scen drivers'!$D7) -> 14.600652 | H7: =SUMIFS('SSP drivers'!H$2:H$8148,'SSP drivers'!$A$2:$A$8148,'Selected scen drivers'!$AH$1,'SSP drivers'!$B$2:$B$8148,'Selected scen drivers'!$AI$1,'SSP drivers'!$C$2:$C$8148,'Selected scen drivers'!$C7,'SSP drivers'!$D$2:$D$8148,'Selected scen drivers'!$D7) -> 15.258165 | I7: =SUMIFS('SSP drivers'!I$2:I$8148,'SSP drivers'!$A$2:$A$8148,'Selected scen drivers'!$AH$1,'SSP drivers'!$B$2:$B$8148,'Selected scen drivers'!$AI$1,'SSP drivers'!$C$2:$C$8148,'Selected scen drivers'!$C7,'SSP drivers'!$D$2:$D$8148,'Selected scen drivers'!$D7) -> 16.73117 | J7: =SUMIFS('SSP drivers'!J$2:J$8148,'SSP drivers'!$A$2:$A$8148,'Selected scen drivers'!$AH$1,'SSP drivers'!$B$2:$B$8148,'Selected scen drivers'!$AI$1,'SSP drivers'!$C$2:$C$8148,'Selected scen drivers'!$C7,'SSP drivers'!$D$2:$D$8148,'Selected scen drivers'!$D7) -> 18.866436 | K7: =SUMIFS('SSP drivers'!K$2:K$8148,'SSP drivers'!$A$2:$A$8148,'Selected scen drivers'!$AH$1,'SSP drivers'!$B$2:$B$8148,'Selected scen drivers'!$AI$1,'SSP drivers'!$C$2:$C$8148,'Selected scen drivers'!$C7,'SSP drivers'!$D$2:$D$8148,'Selected scen drivers'!$D7) -> 21.182859 | L7: =SUMIFS('SSP drivers'!L$2:L$8148,'SSP drivers'!$A$2:$A$8148,'Selected scen drivers'!$AH$1,'SSP drivers'!$B$2:$B$8148,'Selected scen drivers'!$AI$1,'SSP drivers'!$C$2:$C$8148,'Selected scen drivers'!$C7,'SSP drivers'!$D$2:$D$8148,'Selected scen drivers'!$D7) -> 23.887236 | ... AE7: =SUMIFS('SSP drivers'!AE$2:AE$8148,'SSP drivers'!$A$2:$A$8148,'Selected scen drivers'!$AH$1,'SSP drivers'!$B$2:$B$8148,'Selected scen drivers'!$AI$1,'SSP drivers'!$C$2:$C$8148,'Selected scen drivers'!$C7,'SSP drivers'!$D$2:$D$8148,'Selected scen drivers'!$D7) -> 0
A8: 1 | B8: 7 | C8: =IFERROR(VLOOKUP(A8,Classification!$A$4:$B$99,2,FALSE),"") -> Africa_Other | D8: =IFERROR(VLOOKUP(B8,Classification!$U$5:$V$14,2,FALSE),"") -> GDPSER | E8: =SUMIFS('SSP drivers'!E$2:E$8148,'SSP drivers'!$A$2:$A$8148,'Selected scen drivers'!$AH$1,'SSP drivers'!$B$2:$B$8148,'Selected scen drivers'!$AI$1,'SSP drivers'!$C$2:$C$8148,'Selected scen drivers'!$C8,'SSP drivers'!$D$2:$D$8148,'Selected scen drivers'!$D8) -> 0 | F8: =SUMIFS('SSP drivers'!F$2:F$8148,'SSP drivers'!$A$2:$A$8148,'Selected scen drivers'!$AH$1,'SSP drivers'!$B$2:$B$8148,'Selected scen drivers'!$AI$1,'SSP drivers'!$C$2:$C$8148,'Selected scen drivers'!$C8,'SSP drivers'!$D$2:$D$8148,'Selected scen drivers'!$D8) -> 1681.2763 | G8: =SUMIFS('SSP drivers'!G$2:G$8148,'SSP drivers'!$A$2:$A$8148,'Selected scen drivers'!$AH$1,'SSP drivers'!$B$2:$B$8148,'Selected scen drivers'!$AI$1,'SSP drivers'!$C$2:$C$8148,'Selected scen drivers'!$C8,'SSP drivers'!$D$2:$D$8148,'Selected scen drivers'!$D8) -> 1713.1844 | H8: =SUMIFS('SSP drivers'!H$2:H$8148,'SSP drivers'!$A$2:$A$8148,'Selected scen drivers'!$AH$1,'SSP drivers'!$B$2:$B$8148,'Selected scen drivers'!$AI$1,'SSP drivers'!$C$2:$C$8148,'Selected scen drivers'!$C8,'SSP drivers'!$D$2:$D$8148,'Selected scen drivers'!$D8) -> 2110.325 | I8: =SUMIFS('SSP drivers'!I$2:I$8148,'SSP drivers'!$A$2:$A$8148,'Selected scen drivers'!$AH$1,'SSP drivers'!$B$2:$B$8148,'Selected scen drivers'!$AI$1,'SSP drivers'!$C$2:$C$8148,'Selected scen drivers'!$C8,'SSP drivers'!$D$2:$D$8148,'Selected scen drivers'!$D8) -> 2724.9262 | J8: =SUMIFS('SSP drivers'!J$2:J$8148,'SSP drivers'!$A$2:$A$8148,'Selected scen drivers'!$AH$1,'SSP drivers'!$B$2:$B$8148,'Selected scen drivers'!$AI$1,'SSP drivers'!$C$2:$C$8148,'Selected scen drivers'!$C8,'SSP drivers'!$D$2:$D$8148,'Selected scen drivers'!$D8) -> 3598.6769 | K8: =SUMIFS('SSP drivers'!K$2:K$8148,'SSP drivers'!$A$2:$A$8148,'Selected scen drivers'!$AH$1,'SSP drivers'!$B$2:$B$8148,'Selected scen drivers'!$AI$1,'SSP drivers'!$C$2:$C$8148,'Selected scen drivers'!$C8,'SSP drivers'!$D$2:$D$8148,'Selected scen drivers'!$D8) -> 4681.8771 | L8: =SUMIFS('SSP drivers'!L$2:L$8148,'SSP drivers'!$A$2:$A$8148,'Selected scen drivers'!$AH$1,'SSP drivers'!$B$2:$B$8148,'Selected scen drivers'!$AI$1,'SSP drivers'!$C$2:$C$8148,'Selected scen drivers'!$C8,'SSP drivers'!$D$2:$D$8148,'Selected scen drivers'!$D8) -> 6050.1115 | ... AE8: =SUMIFS('SSP drivers'!AE$2:AE$8148,'SSP drivers'!$A$2:$A$8148,'Selected scen drivers'!$AH$1,'SSP drivers'!$B$2:$B$8148,'Selected scen drivers'!$AI$1,'SSP drivers'!$C$2:$C$8148,'Selected scen drivers'!$C8,'SSP drivers'!$D$2:$D$8148,'Selected scen drivers'!$D8) -> 0
A9: 1 | B9: 8 | C9: =IFERROR(VLOOKUP(A9,Classification!$A$4:$B$99,2,FALSE),"") -> Africa_Other | D9: =IFERROR(VLOOKUP(B9,Classification!$U$5:$V$14,2,FALSE),"") -> HOU | E9: =SUMIFS('SSP drivers'!E$2:E$8148,'SSP drivers'!$A$2:$A$8148,'Selected scen drivers'!$AH$1,'SSP drivers'!$B$2:$B$8148,'Selected scen drivers'!$AI$1,'SSP drivers'!$C$2:$C$8148,'Selected scen drivers'!$C9,'SSP drivers'!$D$2:$D$8148,'Selected scen drivers'!$D9) -> 0 | F9: =SUMIFS('SSP drivers'!F$2:F$8148,'SSP drivers'!$A$2:$A$8148,'Selected scen drivers'!$AH$1,'SSP drivers'!$B$2:$B$8148,'Selected scen drivers'!$AI$1,'SSP drivers'!$C$2:$C$8148,'Selected scen drivers'!$C9,'SSP drivers'!$D$2:$D$8148,'Selected scen drivers'!$D9) -> 229.89291 | G9: =SUMIFS('SSP drivers'!G$2:G$8148,'SSP drivers'!$A$2:$A$8148,'Selected scen drivers'!$AH$1,'SSP drivers'!$B$2:$B$8148,'Selected scen drivers'!$AI$1,'SSP drivers'!$C$2:$C$8148,'Selected scen drivers'!$C9,'SSP drivers'!$D$2:$D$8148,'Selected scen drivers'!$D9) -> 237.94849 | H9: =SUMIFS('SSP drivers'!H$2:H$8148,'SSP drivers'!$A$2:$A$8148,'Selected scen drivers'!$AH$1,'SSP drivers'!$B$2:$B$8148,'Selected scen drivers'!$AI$1,'SSP drivers'!$C$2:$C$8148,'Selected scen drivers'!$C9,'SSP drivers'!$D$2:$D$8148,'Selected scen drivers'!$D9) -> 278.22643 | I9: =SUMIFS('SSP drivers'!I$2:I$8148,'SSP drivers'!$A$2:$A$8148,'Selected scen drivers'!$AH$1,'SSP drivers'!$B$2:$B$8148,'Selected scen drivers'!$AI$1,'SSP drivers'!$C$2:$C$8148,'Selected scen drivers'!$C9,'SSP drivers'!$D$2:$D$8148,'Selected scen drivers'!$D9) -> 324.24794 | J9: =SUMIFS('SSP drivers'!J$2:J$8148,'SSP drivers'!$A$2:$A$8148,'Selected scen drivers'!$AH$1,'SSP drivers'!$B$2:$B$8148,'Selected scen drivers'!$AI$1,'SSP drivers'!$C$2:$C$8148,'Selected scen drivers'!$C9,'SSP drivers'!$D$2:$D$8148,'Selected scen drivers'!$D9) -> 375.51842 | K9: =SUMIFS('SSP drivers'!K$2:K$8148,'SSP drivers'!$A$2:$A$8148,'Selected scen drivers'!$AH$1,'SSP drivers'!$B$2:$B$8148,'Selected scen drivers'!$AI$1,'SSP drivers'!$C$2:$C$8148,'Selected scen drivers'!$C9,'SSP drivers'!$D$2:$D$8148,'Selected scen drivers'!$D9) -> 430.43821 | L9: =SUMIFS('SSP drivers'!L$2:L$8148,'SSP drivers'!$A$2:$A$8148,'Selected scen drivers'!$AH$1,'SSP drivers'!$B$2:$B$8148,'Selected scen drivers'!$AI$1,'SSP drivers'!$C$2:$C$8148,'Selected scen drivers'!$C9,'SSP drivers'!$D$2:$D$8148,'Selected scen drivers'!$D9) -> 487.99063 | ... AE9: =SUMIFS('SSP drivers'!AE$2:AE$8148,'SSP drivers'!$A$2:$A$8148,'Selected scen drivers'!$AH$1,'SSP drivers'!$B$2:$B$8148,'Selected scen drivers'!$AI$1,'SSP drivers'!$C$2:$C$8148,'Selected scen drivers'!$C9,'SSP drivers'!$D$2:$D$8148,'Selected scen drivers'!$D9) -> 0 | AI9: Scenario selection
A10: 1 | B10: 9 | C10: =IFERROR(VLOOKUP(A10,Classification!$A$4:$B$99,2,FALSE),"") -> Africa_Other | D10: =IFERROR(VLOOKUP(B10,Classification!$U$5:$V$14,2,FALSE),"") -> POP | E10: =SUMIFS('SSP drivers'!E$2:E$8148,'SSP drivers'!$A$2:$A$8148,'Selected scen drivers'!$AH$1,'SSP drivers'!$B$2:$B$8148,'Selected scen drivers'!$AI$1,'SSP drivers'!$C$2:$C$8148,'Selected scen drivers'!$C10,'SSP drivers'!$D$2:$D$8148,'Selected scen drivers'!$D10) -> 0 | F10: =SUMIFS('SSP drivers'!F$2:F$8148,'SSP drivers'!$A$2:$A$8148,'Selected scen drivers'!$AH$1,'SSP drivers'!$B$2:$B$8148,'Selected scen drivers'!$AI$1,'SSP drivers'!$C$2:$C$8148,'Selected scen drivers'!$C10,'SSP drivers'!$D$2:$D$8148,'Selected scen drivers'!$D10) -> 1049.4934 | G10: =SUMIFS('SSP drivers'!G$2:G$8148,'SSP drivers'!$A$2:$A$8148,'Selected scen drivers'!$AH$1,'SSP drivers'!$B$2:$B$8148,'Selected scen drivers'!$AI$1,'SSP drivers'!$C$2:$C$8148,'Selected scen drivers'!$C10,'SSP drivers'!$D$2:$D$8148,'Selected scen drivers'!$D10) -> 1079.2567 | H10: =SUMIFS('SSP drivers'!H$2:H$8148,'SSP drivers'!$A$2:$A$8148,'Selected scen drivers'!$AH$1,'SSP drivers'!$B$2:$B$8148,'Selected scen drivers'!$AI$1,'SSP drivers'!$C$2:$C$8148,'Selected scen drivers'!$C10,'SSP drivers'!$D$2:$D$8148,'Selected scen drivers'!$D10) -> 1228.073 | I10: =SUMIFS('SSP drivers'!I$2:I$8148,'SSP drivers'!$A$2:$A$8148,'Selected scen drivers'!$AH$1,'SSP drivers'!$B$2:$B$8148,'Selected scen drivers'!$AI$1,'SSP drivers'!$C$2:$C$8148,'Selected scen drivers'!$C10,'SSP drivers'!$D$2:$D$8148,'Selected scen drivers'!$D10) -> 1387.2035 | J10: =SUMIFS('SSP drivers'!J$2:J$8148,'SSP drivers'!$A$2:$A$8148,'Selected scen drivers'!$AH$1,'SSP drivers'!$B$2:$B$8148,'Selected scen drivers'!$AI$1,'SSP drivers'!$C$2:$C$8148,'Selected scen drivers'!$C10,'SSP drivers'!$D$2:$D$8148,'Selected scen drivers'!$D10) -> 1553.5877 | K10: =SUMIFS('SSP drivers'!K$2:K$8148,'SSP drivers'!$A$2:$A$8148,'Selected scen drivers'!$AH$1,'SSP drivers'!$B$2:$B$8148,'Selected scen drivers'!$AI$1,'SSP drivers'!$C$2:$C$8148,'Selected scen drivers'!$C10,'SSP drivers'!$D$2:$D$8148,'Selected scen drivers'!$D10) -> 1724.6084 | L10: =SUMIFS('SSP drivers'!L$2:L$8148,'SSP drivers'!$A$2:$A$8148,'Selected scen drivers'!$AH$1,'SSP drivers'!$B$2:$B$8148,'Selected scen drivers'!$AI$1,'SSP drivers'!$C$2:$C$8148,'Selected scen drivers'!$C10,'SSP drivers'!$D$2:$D$8148,'Selected scen drivers'!$D10) -> 1897.3331 | ... AE10: =SUMIFS('SSP drivers'!AE$2:AE$8148,'SSP drivers'!$A$2:$A$8148,'Selected scen drivers'!$AH$1,'SSP drivers'!$B$2:$B$8148,'Selected scen drivers'!$AI$1,'SSP drivers'!$C$2:$C$8148,'Selected scen drivers'!$C10,'SSP drivers'!$D$2:$D$8148,'Selected scen drivers'!$D10) -> 0 | AI10: 7
A11: =A2+1 -> 2 | B11: =B2 -> 1 | C11: =IFERROR(VLOOKUP(A11,Classification!$A$4:$B$99,2,FALSE),"") -> India | D11: =IFERROR(VLOOKUP(B11,Classification!$U$5:$V$14,2,FALSE),"") -> GDP | E11: =SUMIFS('SSP drivers'!E$2:E$8148,'SSP drivers'!$A$2:$A$8148,'Selected scen drivers'!$AH$1,'SSP drivers'!$B$2:$B$8148,'Selected scen drivers'!$AI$1,'SSP drivers'!$C$2:$C$8148,'Selected scen drivers'!$C11,'SSP drivers'!$D$2:$D$8148,'Selected scen drivers'!$D11) -> 0 | F11: =SUMIFS('SSP drivers'!F$2:F$8148,'SSP drivers'!$A$2:$A$8148,'Selected scen drivers'!$AH$1,'SSP drivers'!$B$2:$B$8148,'Selected scen drivers'!$AI$1,'SSP drivers'!$C$2:$C$8148,'Selected scen drivers'!$C11,'SSP drivers'!$D$2:$D$8148,'Selected scen drivers'!$D11) -> 8195.484 | G11: =SUMIFS('SSP drivers'!G$2:G$8148,'SSP drivers'!$A$2:$A$8148,'Selected scen drivers'!$AH$1,'SSP drivers'!$B$2:$B$8148,'Selected scen drivers'!$AI$1,'SSP drivers'!$C$2:$C$8148,'Selected scen drivers'!$C11,'SSP drivers'!$D$2:$D$8148,'Selected scen drivers'!$D11) -> 8503.83 | H11: =SUMIFS('SSP drivers'!H$2:H$8148,'SSP drivers'!$A$2:$A$8148,'Selected scen drivers'!$AH$1,'SSP drivers'!$B$2:$B$8148,'Selected scen drivers'!$AI$1,'SSP drivers'!$C$2:$C$8148,'Selected scen drivers'!$C11,'SSP drivers'!$D$2:$D$8148,'Selected scen drivers'!$D11) -> 11852.9 | I11: =SUMIFS('SSP drivers'!I$2:I$8148,'SSP drivers'!$A$2:$A$8148,'Selected scen drivers'!$AH$1,'SSP drivers'!$B$2:$B$8148,'Selected scen drivers'!$AI$1,'SSP drivers'!$C$2:$C$8148,'Selected scen drivers'!$C11,'SSP drivers'!$D$2:$D$8148,'Selected scen drivers'!$D11) -> 15709.5 | J11: =SUMIFS('SSP drivers'!J$2:J$8148,'SSP drivers'!$A$2:$A$8148,'Selected scen drivers'!$AH$1,'SSP drivers'!$B$2:$B$8148,'Selected scen drivers'!$AI$1,'SSP drivers'!$C$2:$C$8148,'Selected scen drivers'!$C11,'SSP drivers'!$D$2:$D$8148,'Selected scen drivers'!$D11) -> 19813.1 | K11: =SUMIFS('SSP drivers'!K$2:K$8148,'SSP drivers'!$A$2:$A$8148,'Selected scen drivers'!$AH$1,'SSP drivers'!$B$2:$B$8148,'Selected scen drivers'!$AI$1,'SSP drivers'!$C$2:$C$8148,'Selected scen drivers'!$C11,'SSP drivers'!$D$2:$D$8148,'Selected scen drivers'!$D11) -> 24247.7 | L11: =SUMIFS('SSP drivers'!L$2:L$8148,'SSP drivers'!$A$2:$A$8148,'Selected scen drivers'!$AH$1,'SSP drivers'!$B$2:$B$8148,'Selected scen drivers'!$AI$1,'SSP drivers'!$C$2:$C$8148,'Selected scen drivers'!$C11,'SSP drivers'!$D$2:$D$8148,'Selected scen drivers'!$D11) -> 29018.4 | ... AE11: =SUMIFS('SSP drivers'!AE$2:AE$8148,'SSP drivers'!$A$2:$A$8148,'Selected scen drivers'!$AH$1,'SSP drivers'!$B$2:$B$8148,'Selected scen drivers'!$AI$1,'SSP drivers'!$C$2:$C$8148,'Selected scen drivers'!$C11,'SSP drivers'!$D$2:$D$8148,'Selected scen drivers'!$D11) -> 0
A12: =A3+1 -> 2 | B12: =B3 -> 2 | C12: =IFERROR(VLOOKUP(A12,Classification!$A$4:$B$99,2,FALSE),"") -> India | D12: =IFERROR(VLOOKUP(B12,Classification!$U$5:$V$14,2,FALSE),"") -> GDPAGR | E12: =SUMIFS('SSP drivers'!E$2:E$8148,'SSP drivers'!$A$2:$A$8148,'Selected scen drivers'!$AH$1,'SSP drivers'!$B$2:$B$8148,'Selected scen drivers'!$AI$1,'SSP drivers'!$C$2:$C$8148,'Selected scen drivers'!$C12,'SSP drivers'!$D$2:$D$8148,'Selected scen drivers'!$D12) -> 0 | F12: =SUMIFS('SSP drivers'!F$2:F$8148,'SSP drivers'!$A$2:$A$8148,'Selected scen drivers'!$AH$1,'SSP drivers'!$B$2:$B$8148,'Selected scen drivers'!$AI$1,'SSP drivers'!$C$2:$C$8148,'Selected scen drivers'!$C12,'SSP drivers'!$D$2:$D$8148,'Selected scen drivers'!$D12) -> 1281.0098 | G12: =SUMIFS('SSP drivers'!G$2:G$8148,'SSP drivers'!$A$2:$A$8148,'Selected scen drivers'!$AH$1,'SSP drivers'!$B$2:$B$8148,'Selected scen drivers'!$AI$1,'SSP drivers'!$C$2:$C$8148,'Selected scen drivers'!$C12,'SSP drivers'!$D$2:$D$8148,'Selected scen drivers'!$D12) -> 1329.2063 | H12: =SUMIFS('SSP drivers'!H$2:H$8148,'SSP drivers'!$A$2:$A$8148,'Selected scen drivers'!$AH$1,'SSP drivers'!$B$2:$B$8148,'Selected scen drivers'!$AI$1,'SSP drivers'!$C$2:$C$8148,'Selected scen drivers'!$C12,'SSP drivers'!$D$2:$D$8148,'Selected scen drivers'!$D12) -> 1792.4561 | I12: =SUMIFS('SSP drivers'!I$2:I$8148,'SSP drivers'!$A$2:$A$8148,'Selected scen drivers'!$AH$1,'SSP drivers'!$B$2:$B$8148,'Selected scen drivers'!$AI$1,'SSP drivers'!$C$2:$C$8148,'Selected scen drivers'!$C12,'SSP drivers'!$D$2:$D$8148,'Selected scen drivers'!$D12) -> 2295.8404 | J12: =SUMIFS('SSP drivers'!J$2:J$8148,'SSP drivers'!$A$2:$A$8148,'Selected scen drivers'!$AH$1,'SSP drivers'!$B$2:$B$8148,'Selected scen drivers'!$AI$1,'SSP drivers'!$C$2:$C$8148,'Selected scen drivers'!$C12,'SSP drivers'!$D$2:$D$8148,'Selected scen drivers'!$D12) -> 2794.8708 | K12: =SUMIFS('SSP drivers'!K$2:K$8148,'SSP drivers'!$A$2:$A$8148,'Selected scen drivers'!$AH$1,'SSP drivers'!$B$2:$B$8148,'Selected scen drivers'!$AI$1,'SSP drivers'!$C$2:$C$8148,'Selected scen drivers'!$C12,'SSP drivers'!$D$2:$D$8148,'Selected scen drivers'!$D12) -> 3297.2044 | L12: =SUMIFS('SSP drivers'!L$2:L$8148,'SSP drivers'!$A$2:$A$8148,'Selected scen drivers'!$AH$1,'SSP drivers'!$B$2:$B$8148,'Selected scen drivers'!$AI$1,'SSP drivers'!$C$2:$C$8148,'Selected scen drivers'!$C12,'SSP drivers'!$D$2:$D$8148,'Selected scen drivers'!$D12) -> 3798.4626 | ... AE12: =SUMIFS('SSP drivers'!AE$2:AE$8148,'SSP drivers'!$A$2:$A$8148,'Selected scen drivers'!$AH$1,'SSP drivers'!$B$2:$B$8148,'Selected scen drivers'!$AI$1,'SSP drivers'!$C$2:$C$8148,'Selected scen drivers'!$C12,'SSP drivers'!$D$2:$D$8148,'Selected scen drivers'!$D12) -> 0 | AJ12: 1 | AK12: IIASA | AL12: SSP1
A13: =A4+1 -> 2 | B13: =B4 -> 3 | C13: =IFERROR(VLOOKUP(A13,Classification!$A$4:$B$99,2,FALSE),"") -> India | D13: =IFERROR(VLOOKUP(B13,Classification!$U$5:$V$14,2,FALSE),"") -> GDPIND | E13: =SUMIFS('SSP drivers'!E$2:E$8148,'SSP drivers'!$A$2:$A$8148,'Selected scen drivers'!$AH$1,'SSP drivers'!$B$2:$B$8148,'Selected scen drivers'!$AI$1,'SSP drivers'!$C$2:$C$8148,'Selected scen drivers'!$C13,'SSP drivers'!$D$2:$D$8148,'Selected scen drivers'!$D13) -> 0 | F13: =SUMIFS('SSP drivers'!F$2:F$8148,'SSP drivers'!$A$2:$A$8148,'Selected scen drivers'!$AH$1,'SSP drivers'!$B$2:$B$8148,'Selected scen drivers'!$AI$1,'SSP drivers'!$C$2:$C$8148,'Selected scen drivers'!$C13,'SSP drivers'!$D$2:$D$8148,'Selected scen drivers'!$D13) -> 2424.8263 | G13: =SUMIFS('SSP drivers'!G$2:G$8148,'SSP drivers'!$A$2:$A$8148,'Selected scen drivers'!$AH$1,'SSP drivers'!$B$2:$B$8148,'Selected scen drivers'!$AI$1,'SSP drivers'!$C$2:$C$8148,'Selected scen drivers'!$C13,'SSP drivers'!$D$2:$D$8148,'Selected scen drivers'!$D13) -> 2516.0577 | H13: =SUMIFS('SSP drivers'!H$2:H$8148,'SSP drivers'!$A$2:$A$8148,'Selected scen drivers'!$AH$1,'SSP drivers'!$B$2:$B$8148,'Selected scen drivers'!$AI$1,'SSP drivers'!$C$2:$C$8148,'Selected scen drivers'!$C13,'SSP drivers'!$D$2:$D$8148,'Selected scen drivers'!$D13) -> 3510.0156 | I13: =SUMIFS('SSP drivers'!I$2:I$8148,'SSP drivers'!$A$2:$A$8148,'Selected scen drivers'!$AH$1,'SSP drivers'!$B$2:$B$8148,'Selected scen drivers'!$AI$1,'SSP drivers'!$C$2:$C$8148,'Selected scen drivers'!$C13,'SSP drivers'!$D$2:$D$8148,'Selected scen drivers'!$D13) -> 4656.1275 | J13: =SUMIFS('SSP drivers'!J$2:J$8148,'SSP drivers'!$A$2:$A$8148,'Selected scen drivers'!$AH$1,'SSP drivers'!$B$2:$B$8148,'Selected scen drivers'!$AI$1,'SSP drivers'!$C$2:$C$8148,'Selected scen drivers'!$C13,'SSP drivers'!$D$2:$D$8148,'Selected scen drivers'!$D13) -> 5877.5005 | K13: =SUMIFS('SSP drivers'!K$2:K$8148,'SSP drivers'!$A$2:$A$8148,'Selected scen drivers'!$AH$1,'SSP drivers'!$B$2:$B$8148,'Selected scen drivers'!$AI$1,'SSP drivers'!$C$2:$C$8148,'Selected scen drivers'!$C13,'SSP drivers'!$D$2:$D$8148,'Selected scen drivers'!$D13) -> 7199.2658 | L13: =SUMIFS('SSP drivers'!L$2:L$8148,'SSP drivers'!$A$2:$A$8148,'Selected scen drivers'!$AH$1,'SSP drivers'!$B$2:$B$8148,'Selected scen drivers'!$AI$1,'SSP drivers'!$C$2:$C$8148,'Selected scen drivers'!$C13,'SSP drivers'!$D$2:$D$8148,'Selected scen drivers'!$D13) -> 8623.1951 | ... AE13: =SUMIFS('SSP drivers'!AE$2:AE$8148,'SSP drivers'!$A$2:$A$8148,'Selected scen drivers'!$AH$1,'SSP drivers'!$B$2:$B$8148,'Selected scen drivers'!$AI$1,'SSP drivers'!$C$2:$C$8148,'Selected scen drivers'!$C13,'SSP drivers'!$D$2:$D$8148,'Selected scen drivers'!$D13) -> 0 | AJ13: 2 | AK13: IIASA | AL13: SSP2
A14: =A5+1 -> 2 | B14: =B5 -> 4 | C14: =IFERROR(VLOOKUP(A14,Classification!$A$4:$B$99,2,FALSE),"") -> India | D14: =IFERROR(VLOOKUP(B14,Classification!$U$5:$V$14,2,FALSE),"") -> GDPMFG | E14: =SUMIFS('SSP drivers'!E$2:E$8148,'SSP drivers'!$A$2:$A$8148,'Selected scen drivers'!$AH$1,'SSP drivers'!$B$2:$B$8148,'Selected scen drivers'!$AI$1,'SSP drivers'!$C$2:$C$8148,'Selected scen drivers'!$C14,'SSP drivers'!$D$2:$D$8148,'Selected scen drivers'!$D14) -> 0 | F14: =SUMIFS('SSP drivers'!F$2:F$8148,'SSP drivers'!$A$2:$A$8148,'Selected scen drivers'!$AH$1,'SSP drivers'!$B$2:$B$8148,'Selected scen drivers'!$AI$1,'SSP drivers'!$C$2:$C$8148,'Selected scen drivers'!$C14,'SSP drivers'!$D$2:$D$8148,'Selected scen drivers'!$D14) -> 373.98916 | G14: =SUMIFS('SSP drivers'!G$2:G$8148,'SSP drivers'!$A$2:$A$8148,'Selected scen drivers'!$AH$1,'SSP drivers'!$B$2:$B$8148,'Selected scen drivers'!$AI$1,'SSP drivers'!$C$2:$C$8148,'Selected scen drivers'!$C14,'SSP drivers'!$D$2:$D$8148,'Selected scen drivers'!$D14) -> 388.06009 | H14: =SUMIFS('SSP drivers'!H$2:H$8148,'SSP drivers'!$A$2:$A$8148,'Selected scen drivers'!$AH$1,'SSP drivers'!$B$2:$B$8148,'Selected scen drivers'!$AI$1,'SSP drivers'!$C$2:$C$8148,'Selected scen drivers'!$C14,'SSP drivers'!$D$2:$D$8148,'Selected scen drivers'!$D14) -> 562.37048 | I14: =SUMIFS('SSP drivers'!I$2:I$8148,'SSP drivers'!$A$2:$A$8148,'Selected scen drivers'!$AH$1,'SSP drivers'!$B$2:$B$8148,'Selected scen drivers'!$AI$1,'SSP drivers'!$C$2:$C$8148,'Selected scen drivers'!$C14,'SSP drivers'!$D$2:$D$8148,'Selected scen drivers'!$D14) -> 773.86799 | J14: =SUMIFS('SSP drivers'!J$2:J$8148,'SSP drivers'!$A$2:$A$8148,'Selected scen drivers'!$AH$1,'SSP drivers'!$B$2:$B$8148,'Selected scen drivers'!$AI$1,'SSP drivers'!$C$2:$C$8148,'Selected scen drivers'!$C14,'SSP drivers'!$D$2:$D$8148,'Selected scen drivers'!$D14) -> 1012.0446 | K14: =SUMIFS('SSP drivers'!K$2:K$8148,'SSP drivers'!$A$2:$A$8148,'Selected scen drivers'!$AH$1,'SSP drivers'!$B$2:$B$8148,'Selected scen drivers'!$AI$1,'SSP drivers'!$C$2:$C$8148,'Selected scen drivers'!$C14,'SSP drivers'!$D$2:$D$8148,'Selected scen drivers'!$D14) -> 1282.7295 | L14: =SUMIFS('SSP drivers'!L$2:L$8148,'SSP drivers'!$A$2:$A$8148,'Selected scen drivers'!$AH$1,'SSP drivers'!$B$2:$B$8148,'Selected scen drivers'!$AI$1,'SSP drivers'!$C$2:$C$8148,'Selected scen drivers'!$C14,'SSP drivers'!$D$2:$D$8148,'Selected scen drivers'!$D14) -> 1588.0515 | ... AE14: =SUMIFS('SSP drivers'!AE$2:AE$8148,'SSP drivers'!$A$2:$A$8148,'Selected scen drivers'!$AH$1,'SSP drivers'!$B$2:$B$8148,'Selected scen drivers'!$AI$1,'SSP drivers'!$C$2:$C$8148,'Selected scen drivers'!$C14,'SSP drivers'!$D$2:$D$8148,'Selected scen drivers'!$D14) -> 0 | AJ14: 3 | AK14: IIASA | AL14: SSP3
A15: =A6+1 -> 2 | B15: =B6 -> 5 | C15: =IFERROR(VLOOKUP(A15,Classification!$A$4:$B$99,2,FALSE),"") -> India | D15: =IFERROR(VLOOKUP(B15,Classification!$U$5:$V$14,2,FALSE),"") -> GDPPCAP | E15: =SUMIFS('SSP drivers'!E$2:E$8148,'SSP drivers'!$A$2:$A$8148,'Selected scen drivers'!$AH$1,'SSP drivers'!$B$2:$B$8148,'Selected scen drivers'!$AI$1,'SSP drivers'!$C$2:$C$8148,'Selected scen drivers'!$C15,'SSP drivers'!$D$2:$D$8148,'Selected scen drivers'!$D15) -> 0 | F15: =SUMIFS('SSP drivers'!F$2:F$8148,'SSP drivers'!$A$2:$A$8148,'Selected scen drivers'!$AH$1,'SSP drivers'!$B$2:$B$8148,'Selected scen drivers'!$AI$1,'SSP drivers'!$C$2:$C$8148,'Selected scen drivers'!$C15,'SSP drivers'!$D$2:$D$8148,'Selected scen drivers'!$D15) -> 5.9436503 | G15: =SUMIFS('SSP drivers'!G$2:G$8148,'SSP drivers'!$A$2:$A$8148,'Selected scen drivers'!$AH$1,'SSP drivers'!$B$2:$B$8148,'Selected scen drivers'!$AI$1,'SSP drivers'!$C$2:$C$8148,'Selected scen drivers'!$C15,'SSP drivers'!$D$2:$D$8148,'Selected scen drivers'!$D15) -> 6.1180112 | H15: =SUMIFS('SSP drivers'!H$2:H$8148,'SSP drivers'!$A$2:$A$8148,'Selected scen drivers'!$AH$1,'SSP drivers'!$B$2:$B$8148,'Selected scen drivers'!$AI$1,'SSP drivers'!$C$2:$C$8148,'Selected scen drivers'!$C15,'SSP drivers'!$D$2:$D$8148,'Selected scen drivers'!$D15) -> 8.1999776 | I15: =SUMIFS('SSP drivers'!I$2:I$8148,'SSP drivers'!$A$2:$A$8148,'Selected scen drivers'!$AH$1,'SSP drivers'!$B$2:$B$8148,'Selected scen drivers'!$AI$1,'SSP drivers'!$C$2:$C$8148,'Selected scen drivers'!$C15,'SSP drivers'!$D$2:$D$8148,'Selected scen drivers'!$D15) -> 10.460967 | J15: =SUMIFS('SSP drivers'!J$2:J$8148,'SSP drivers'!$A$2:$A$8148,'Selected scen drivers'!$AH$1,'SSP drivers'!$B$2:$B$8148,'Selected scen drivers'!$AI$1,'SSP drivers'!$C$2:$C$8148,'Selected scen drivers'!$C15,'SSP drivers'!$D$2:$D$8148,'Selected scen drivers'!$D15) -> 12.798602 | K15: =SUMIFS('SSP drivers'!K$2:K$8148,'SSP drivers'!$A$2:$A$8148,'Selected scen drivers'!$AH$1,'SSP drivers'!$B$2:$B$8148,'Selected scen drivers'!$AI$1,'SSP drivers'!$C$2:$C$8148,'Selected scen drivers'!$C15,'SSP drivers'!$D$2:$D$8148,'Selected scen drivers'!$D15) -> 15.310917 | L15: =SUMIFS('SSP drivers'!L$2:L$8148,'SSP drivers'!$A$2:$A$8148,'Selected scen drivers'!$AH$1,'SSP drivers'!$B$2:$B$8148,'Selected scen drivers'!$AI$1,'SSP drivers'!$C$2:$C$8148,'Selected scen drivers'!$C15,'SSP drivers'!$D$2:$D$8148,'Selected scen drivers'!$D15) -> 18.049696 | ... AE15: =SUMIFS('SSP drivers'!AE$2:AE$8148,'SSP drivers'!$A$2:$A$8148,'Selected scen drivers'!$AH$1,'SSP drivers'!$B$2:$B$8148,'Selected scen drivers'!$AI$1,'SSP drivers'!$C$2:$C$8148,'Selected scen drivers'!$C15,'SSP drivers'!$D$2:$D$8148,'Selected scen drivers'!$D15) -> 0 | AJ15: 4 | AK15: IIASA | AL15: SSP4
A16: =A7+1 -> 2 | B16: =B7 -> 6 | C16: =IFERROR(VLOOKUP(A16,Classification!$A$4:$B$99,2,FALSE),"") -> India | D16: =IFERROR(VLOOKUP(B16,Classification!$U$5:$V$14,2,FALSE),"") -> GDPPHOU | E16: =SUMIFS('SSP drivers'!E$2:E$8148,'SSP drivers'!$A$2:$A$8148,'Selected scen drivers'!$AH$1,'SSP drivers'!$B$2:$B$8148,'Selected scen drivers'!$AI$1,'SSP drivers'!$C$2:$C$8148,'Selected scen drivers'!$C16,'SSP drivers'!$D$2:$D$8148,'Selected scen drivers'!$D16) -> 0 | F16: =SUMIFS('SSP drivers'!F$2:F$8148,'SSP drivers'!$A$2:$A$8148,'Selected scen drivers'!$AH$1,'SSP drivers'!$B$2:$B$8148,'Selected scen drivers'!$AI$1,'SSP drivers'!$C$2:$C$8148,'Selected scen drivers'!$C16,'SSP drivers'!$D$2:$D$8148,'Selected scen drivers'!$D16) -> 20.485226 | G16: =SUMIFS('SSP drivers'!G$2:G$8148,'SSP drivers'!$A$2:$A$8148,'Selected scen drivers'!$AH$1,'SSP drivers'!$B$2:$B$8148,'Selected scen drivers'!$AI$1,'SSP drivers'!$C$2:$C$8148,'Selected scen drivers'!$C16,'SSP drivers'!$D$2:$D$8148,'Selected scen drivers'!$D16) -> 20.956003 | H16: =SUMIFS('SSP drivers'!H$2:H$8148,'SSP drivers'!$A$2:$A$8148,'Selected scen drivers'!$AH$1,'SSP drivers'!$B$2:$B$8148,'Selected scen drivers'!$AI$1,'SSP drivers'!$C$2:$C$8148,'Selected scen drivers'!$C16,'SSP drivers'!$D$2:$D$8148,'Selected scen drivers'!$D16) -> 27.284007 | I16: =SUMIFS('SSP drivers'!I$2:I$8148,'SSP drivers'!$A$2:$A$8148,'Selected scen drivers'!$AH$1,'SSP drivers'!$B$2:$B$8148,'Selected scen drivers'!$AI$1,'SSP drivers'!$C$2:$C$8148,'Selected scen drivers'!$C16,'SSP drivers'!$D$2:$D$8148,'Selected scen drivers'!$D16) -> 34.046207 | J16: =SUMIFS('SSP drivers'!J$2:J$8148,'SSP drivers'!$A$2:$A$8148,'Selected scen drivers'!$AH$1,'SSP drivers'!$B$2:$B$8148,'Selected scen drivers'!$AI$1,'SSP drivers'!$C$2:$C$8148,'Selected scen drivers'!$C16,'SSP drivers'!$D$2:$D$8148,'Selected scen drivers'!$D16) -> 41.073791 | K16: =SUMIFS('SSP drivers'!K$2:K$8148,'SSP drivers'!$A$2:$A$8148,'Selected scen drivers'!$AH$1,'SSP drivers'!$B$2:$B$8148,'Selected scen drivers'!$AI$1,'SSP drivers'!$C$2:$C$8148,'Selected scen drivers'!$C16,'SSP drivers'!$D$2:$D$8148,'Selected scen drivers'!$D16) -> 48.848701 | L16: =SUMIFS('SSP drivers'!L$2:L$8148,'SSP drivers'!$A$2:$A$8148,'Selected scen drivers'!$AH$1,'SSP drivers'!$B$2:$B$8148,'Selected scen drivers'!$AI$1,'SSP drivers'!$C$2:$C$8148,'Selected scen drivers'!$C16,'SSP drivers'!$D$2:$D$8148,'Selected scen drivers'!$D16) -> 57.535019 | ... AE16: =SUMIFS('SSP drivers'!AE$2:AE$8148,'SSP drivers'!$A$2:$A$8148,'Selected scen drivers'!$AH$1,'SSP drivers'!$B$2:$B$8148,'Selected scen drivers'!$AI$1,'SSP drivers'!$C$2:$C$8148,'Selected scen drivers'!$C16,'SSP drivers'!$D$2:$D$8148,'Selected scen drivers'!$D16) -> 0 | AJ16: 5 | AK16: WorldBank | AL16: SSP5
A17: =A8+1 -> 2 | B17: =B8 -> 7 | C17: =IFERROR(VLOOKUP(A17,Classification!$A$4:$B$99,2,FALSE),"") -> India | D17: =IFERROR(VLOOKUP(B17,Classification!$U$5:$V$14,2,FALSE),"") -> GDPSER | E17: =SUMIFS('SSP drivers'!E$2:E$8148,'SSP drivers'!$A$2:$A$8148,'Selected scen drivers'!$AH$1,'SSP drivers'!$B$2:$B$8148,'Selected scen drivers'!$AI$1,'SSP drivers'!$C$2:$C$8148,'Selected scen drivers'!$C17,'SSP drivers'!$D$2:$D$8148,'Selected scen drivers'!$D17) -> 0 | F17: =SUMIFS('SSP drivers'!F$2:F$8148,'SSP drivers'!$A$2:$A$8148,'Selected scen drivers'!$AH$1,'SSP drivers'!$B$2:$B$8148,'Selected scen drivers'!$AI$1,'SSP drivers'!$C$2:$C$8148,'Selected scen drivers'!$C17,'SSP drivers'!$D$2:$D$8148,'Selected scen drivers'!$D17) -> 4489.648 | G17: =SUMIFS('SSP drivers'!G$2:G$8148,'SSP drivers'!$A$2:$A$8148,'Selected scen drivers'!$AH$1,'SSP drivers'!$B$2:$B$8148,'Selected scen drivers'!$AI$1,'SSP drivers'!$C$2:$C$8148,'Selected scen drivers'!$C17,'SSP drivers'!$D$2:$D$8148,'Selected scen drivers'!$D17) -> 4658.566 | H17: =SUMIFS('SSP drivers'!H$2:H$8148,'SSP drivers'!$A$2:$A$8148,'Selected scen drivers'!$AH$1,'SSP drivers'!$B$2:$B$8148,'Selected scen drivers'!$AI$1,'SSP drivers'!$C$2:$C$8148,'Selected scen drivers'!$C17,'SSP drivers'!$D$2:$D$8148,'Selected scen drivers'!$D17) -> 6550.4283 | I17: =SUMIFS('SSP drivers'!I$2:I$8148,'SSP drivers'!$A$2:$A$8148,'Selected scen drivers'!$AH$1,'SSP drivers'!$B$2:$B$8148,'Selected scen drivers'!$AI$1,'SSP drivers'!$C$2:$C$8148,'Selected scen drivers'!$C17,'SSP drivers'!$D$2:$D$8148,'Selected scen drivers'!$D17) -> 8757.5322 | J17: =SUMIFS('SSP drivers'!J$2:J$8148,'SSP drivers'!$A$2:$A$8148,'Selected scen drivers'!$AH$1,'SSP drivers'!$B$2:$B$8148,'Selected scen drivers'!$AI$1,'SSP drivers'!$C$2:$C$8148,'Selected scen drivers'!$C17,'SSP drivers'!$D$2:$D$8148,'Selected scen drivers'!$D17) -> 11140.729 | K17: =SUMIFS('SSP drivers'!K$2:K$8148,'SSP drivers'!$A$2:$A$8148,'Selected scen drivers'!$AH$1,'SSP drivers'!$B$2:$B$8148,'Selected scen drivers'!$AI$1,'SSP drivers'!$C$2:$C$8148,'Selected scen drivers'!$C17,'SSP drivers'!$D$2:$D$8148,'Selected scen drivers'!$D17) -> 13751.23 | L17: =SUMIFS('SSP drivers'!L$2:L$8148,'SSP drivers'!$A$2:$A$8148,'Selected scen drivers'!$AH$1,'SSP drivers'!$B$2:$B$8148,'Selected scen drivers'!$AI$1,'SSP drivers'!$C$2:$C$8148,'Selected scen drivers'!$C17,'SSP drivers'!$D$2:$D$8148,'Selected scen drivers'!$D17) -> 16596.742 | ... AE17: =SUMIFS('SSP drivers'!AE$2:AE$8148,'SSP drivers'!$A$2:$A$8148,'Selected scen drivers'!$AH$1,'SSP drivers'!$B$2:$B$8148,'Selected scen drivers'!$AI$1,'SSP drivers'!$C$2:$C$8148,'Selected scen drivers'!$C17,'SSP drivers'!$D$2:$D$8148,'Selected scen drivers'!$D17) -> 0 | AJ17: 6 | AK17: OECD23 | AL17: =AL12 -> SSP1
A18: =A9+1 -> 2 | B18: =B9 -> 8 | C18: =IFERROR(VLOOKUP(A18,Classification!$A$4:$B$99,2,FALSE),"") -> India | D18: =IFERROR(VLOOKUP(B18,Classification!$U$5:$V$14,2,FALSE),"") -> HOU | E18: =SUMIFS('SSP drivers'!E$2:E$8148,'SSP drivers'!$A$2:$A$8148,'Selected scen drivers'!$AH$1,'SSP drivers'!$B$2:$B$8148,'Selected scen drivers'!$AI$1,'SSP drivers'!$C$2:$C$8148,'Selected scen drivers'!$C18,'SSP drivers'!$D$2:$D$8148,'Selected scen drivers'!$D18) -> 0 | F18: =SUMIFS('SSP drivers'!F$2:F$8148,'SSP drivers'!$A$2:$A$8148,'Selected scen drivers'!$AH$1,'SSP drivers'!$B$2:$B$8148,'Selected scen drivers'!$AI$1,'SSP drivers'!$C$2:$C$8148,'Selected scen drivers'!$C18,'SSP drivers'!$D$2:$D$8148,'Selected scen drivers'!$D18) -> 400.06803 | G18: =SUMIFS('SSP drivers'!G$2:G$8148,'SSP drivers'!$A$2:$A$8148,'Selected scen drivers'!$AH$1,'SSP drivers'!$B$2:$B$8148,'Selected scen drivers'!$AI$1,'SSP drivers'!$C$2:$C$8148,'Selected scen drivers'!$C18,'SSP drivers'!$D$2:$D$8148,'Selected scen drivers'!$D18) -> 405.79446 | H18: =SUMIFS('SSP drivers'!H$2:H$8148,'SSP drivers'!$A$2:$A$8148,'Selected scen drivers'!$AH$1,'SSP drivers'!$B$2:$B$8148,'Selected scen drivers'!$AI$1,'SSP drivers'!$C$2:$C$8148,'Selected scen drivers'!$C18,'SSP drivers'!$D$2:$D$8148,'Selected scen drivers'!$D18) -> 434.42666 | I18: =SUMIFS('SSP drivers'!I$2:I$8148,'SSP drivers'!$A$2:$A$8148,'Selected scen drivers'!$AH$1,'SSP drivers'!$B$2:$B$8148,'Selected scen drivers'!$AI$1,'SSP drivers'!$C$2:$C$8148,'Selected scen drivers'!$C18,'SSP drivers'!$D$2:$D$8148,'Selected scen drivers'!$D18) -> 461.41704 | J18: =SUMIFS('SSP drivers'!J$2:J$8148,'SSP drivers'!$A$2:$A$8148,'Selected scen drivers'!$AH$1,'SSP drivers'!$B$2:$B$8148,'Selected scen drivers'!$AI$1,'SSP drivers'!$C$2:$C$8148,'Selected scen drivers'!$C18,'SSP drivers'!$D$2:$D$8148,'Selected scen drivers'!$D18) -> 482.37817 | K18: =SUMIFS('SSP drivers'!K$2:K$8148,'SSP drivers'!$A$2:$A$8148,'Selected scen drivers'!$AH$1,'SSP drivers'!$B$2:$B$8148,'Selected scen drivers'!$AI$1,'SSP drivers'!$C$2:$C$8148,'Selected scen drivers'!$C18,'SSP drivers'!$D$2:$D$8148,'Selected scen drivers'!$D18) -> 496.38372 | L18: =SUMIFS('SSP drivers'!L$2:L$8148,'SSP drivers'!$A$2:$A$8148,'Selected scen drivers'!$AH$1,'SSP drivers'!$B$2:$B$8148,'Selected scen drivers'!$AI$1,'SSP drivers'!$C$2:$C$8148,'Selected scen drivers'!$C18,'SSP drivers'!$D$2:$D$8148,'Selected scen drivers'!$D18) -> 504.36066 | ... AE18: =SUMIFS('SSP drivers'!AE$2:AE$8148,'SSP drivers'!$A$2:$A$8148,'Selected scen drivers'!$AH$1,'SSP drivers'!$B$2:$B$8148,'Selected scen drivers'!$AI$1,'SSP drivers'!$C$2:$C$8148,'Selected scen drivers'!$C18,'SSP drivers'!$D$2:$D$8148,'Selected scen drivers'!$D18) -> 0 | AJ18: 7 | AK18: OECD23 | AL18: =AL13 -> SSP2
A19: =A10+1 -> 2 | B19: =B10 -> 9 | C19: =IFERROR(VLOOKUP(A19,Classification!$A$4:$B$99,2,FALSE),"") -> India | D19: =IFERROR(VLOOKUP(B19,Classification!$U$5:$V$14,2,FALSE),"") -> POP | E19: =SUMIFS('SSP drivers'!E$2:E$8148,'SSP drivers'!$A$2:$A$8148,'Selected scen drivers'!$AH$1,'SSP drivers'!$B$2:$B$8148,'Selected scen drivers'!$AI$1,'SSP drivers'!$C$2:$C$8148,'Selected scen drivers'!$C19,'SSP drivers'!$D$2:$D$8148,'Selected scen drivers'!$D19) -> 0 | F19: =SUMIFS('SSP drivers'!F$2:F$8148,'SSP drivers'!$A$2:$A$8148,'Selected scen drivers'!$AH$1,'SSP drivers'!$B$2:$B$8148,'Selected scen drivers'!$AI$1,'SSP drivers'!$C$2:$C$8148,'Selected scen drivers'!$C19,'SSP drivers'!$D$2:$D$8148,'Selected scen drivers'!$D19) -> 1378.8638 | G19: =SUMIFS('SSP drivers'!G$2:G$8148,'SSP drivers'!$A$2:$A$8148,'Selected scen drivers'!$AH$1,'SSP drivers'!$B$2:$B$8148,'Selected scen drivers'!$AI$1,'SSP drivers'!$C$2:$C$8148,'Selected scen drivers'!$C19,'SSP drivers'!$D$2:$D$8148,'Selected scen drivers'!$D19) -> 1389.9664 | H19: =SUMIFS('SSP drivers'!H$2:H$8148,'SSP drivers'!$A$2:$A$8148,'Selected scen drivers'!$AH$1,'SSP drivers'!$B$2:$B$8148,'Selected scen drivers'!$AI$1,'SSP drivers'!$C$2:$C$8148,'Selected scen drivers'!$C19,'SSP drivers'!$D$2:$D$8148,'Selected scen drivers'!$D19) -> 1445.4796 | I19: =SUMIFS('SSP drivers'!I$2:I$8148,'SSP drivers'!$A$2:$A$8148,'Selected scen drivers'!$AH$1,'SSP drivers'!$B$2:$B$8148,'Selected scen drivers'!$AI$1,'SSP drivers'!$C$2:$C$8148,'Selected scen drivers'!$C19,'SSP drivers'!$D$2:$D$8148,'Selected scen drivers'!$D19) -> 1501.7254 | J19: =SUMIFS('SSP drivers'!J$2:J$8148,'SSP drivers'!$A$2:$A$8148,'Selected scen drivers'!$AH$1,'SSP drivers'!$B$2:$B$8148,'Selected scen drivers'!$AI$1,'SSP drivers'!$C$2:$C$8148,'Selected scen drivers'!$C19,'SSP drivers'!$D$2:$D$8148,'Selected scen drivers'!$D19) -> 1548.0675 | K19: =SUMIFS('SSP drivers'!K$2:K$8148,'SSP drivers'!$A$2:$A$8148,'Selected scen drivers'!$AH$1,'SSP drivers'!$B$2:$B$8148,'Selected scen drivers'!$AI$1,'SSP drivers'!$C$2:$C$8148,'Selected scen drivers'!$C19,'SSP drivers'!$D$2:$D$8148,'Selected scen drivers'!$D19) -> 1583.687 | L19: =SUMIFS('SSP drivers'!L$2:L$8148,'SSP drivers'!$A$2:$A$8148,'Selected scen drivers'!$AH$1,'SSP drivers'!$B$2:$B$8148,'Selected scen drivers'!$AI$1,'SSP drivers'!$C$2:$C$8148,'Selected scen drivers'!$C19,'SSP drivers'!$D$2:$D$8148,'Selected scen drivers'!$D19) -> 1607.6946 | ... AE19: =SUMIFS('SSP drivers'!AE$2:AE$8148,'SSP drivers'!$A$2:$A$8148,'Selected scen drivers'!$AH$1,'SSP drivers'!$B$2:$B$8148,'Selected scen drivers'!$AI$1,'SSP drivers'!$C$2:$C$8148,'Selected scen drivers'!$C19,'SSP drivers'!$D$2:$D$8148,'Selected scen drivers'!$D19) -> 0 | AJ19: 8 | AK19: OECD23 | AL19: =AL14 -> SSP3
A20: =A11+1 -> 3 | B20: =B11 -> 1 | C20: =IFERROR(VLOOKUP(A20,Classification!$A$4:$B$99,2,FALSE),"") -> ROW | D20: =IFERROR(VLOOKUP(B20,Classification!$U$5:$V$14,2,FALSE),"") -> GDP | E20: =SUMIFS('SSP drivers'!E$2:E$8148,'SSP drivers'!$A$2:$A$8148,'Selected scen drivers'!$AH$1,'SSP drivers'!$B$2:$B$8148,'Selected scen drivers'!$AI$1,'SSP drivers'!$C$2:$C$8148,'Selected scen drivers'!$C20,'SSP drivers'!$D$2:$D$8148,'Selected scen drivers'!$D20) -> 0 | F20: =SUMIFS('SSP drivers'!F$2:F$8148,'SSP drivers'!$A$2:$A$8148,'Selected scen drivers'!$AH$1,'SSP drivers'!$B$2:$B$8148,'Selected scen drivers'!$AI$1,'SSP drivers'!$C$2:$C$8148,'Selected scen drivers'!$C20,'SSP drivers'!$D$2:$D$8148,'Selected scen drivers'!$D20) -> 15477.272 | G20: =SUMIFS('SSP drivers'!G$2:G$8148,'SSP drivers'!$A$2:$A$8148,'Selected scen drivers'!$AH$1,'SSP drivers'!$B$2:$B$8148,'Selected scen drivers'!$AI$1,'SSP drivers'!$C$2:$C$8148,'Selected scen drivers'!$C20,'SSP drivers'!$D$2:$D$8148,'Selected scen drivers'!$D20) -> 15975.795 | H20: =SUMIFS('SSP drivers'!H$2:H$8148,'SSP drivers'!$A$2:$A$8148,'Selected scen drivers'!$AH$1,'SSP drivers'!$B$2:$B$8148,'Selected scen drivers'!$AI$1,'SSP drivers'!$C$2:$C$8148,'Selected scen drivers'!$C20,'SSP drivers'!$D$2:$D$8148,'Selected scen drivers'!$D20) -> 19505.512 | I20: =SUMIFS('SSP drivers'!I$2:I$8148,'SSP drivers'!$A$2:$A$8148,'Selected scen drivers'!$AH$1,'SSP drivers'!$B$2:$B$8148,'Selected scen drivers'!$AI$1,'SSP drivers'!$C$2:$C$8148,'Selected scen drivers'!$C20,'SSP drivers'!$D$2:$D$8148,'Selected scen drivers'!$D20) -> 23929.64 | J20: =SUMIFS('SSP drivers'!J$2:J$8148,'SSP drivers'!$A$2:$A$8148,'Selected scen drivers'!$AH$1,'SSP drivers'!$B$2:$B$8148,'Selected scen drivers'!$AI$1,'SSP drivers'!$C$2:$C$8148,'Selected scen drivers'!$C20,'SSP drivers'!$D$2:$D$8148,'Selected scen drivers'!$D20) -> 28577.615 | K20: =SUMIFS('SSP drivers'!K$2:K$8148,'SSP drivers'!$A$2:$A$8148,'Selected scen drivers'!$AH$1,'SSP drivers'!$B$2:$B$8148,'Selected scen drivers'!$AI$1,'SSP drivers'!$C$2:$C$8148,'Selected scen drivers'!$C20,'SSP drivers'!$D$2:$D$8148,'Selected scen drivers'!$D20) -> 33215.021 | L20: =SUMIFS('SSP drivers'!L$2:L$8148,'SSP drivers'!$A$2:$A$8148,'Selected scen drivers'!$AH$1,'SSP drivers'!$B$2:$B$8148,'Selected scen drivers'!$AI$1,'SSP drivers'!$C$2:$C$8148,'Selected scen drivers'!$C20,'SSP drivers'!$D$2:$D$8148,'Selected scen drivers'!$D20) -> 37953.093 | ... AE20: =SUMIFS('SSP drivers'!AE$2:AE$8148,'SSP drivers'!$A$2:$A$8148,'Selected scen drivers'!$AH$1,'SSP drivers'!$B$2:$B$8148,'Selected scen drivers'!$AI$1,'SSP drivers'!$C$2:$C$8148,'Selected scen drivers'!$C20,'SSP drivers'!$D$2:$D$8148,'Selected scen drivers'!$D20) -> 0 | AJ20: 9 | AK20: OECD23 | AL20: =AL15 -> SSP4
A21: =A12+1 -> 3 | B21: =B12 -> 2 | C21: =IFERROR(VLOOKUP(A21,Classification!$A$4:$B$99,2,FALSE),"") -> ROW | D21: =IFERROR(VLOOKUP(B21,Classification!$U$5:$V$14,2,FALSE),"") -> GDPAGR | E21: =SUMIFS('SSP drivers'!E$2:E$8148,'SSP drivers'!$A$2:$A$8148,'Selected scen drivers'!$AH$1,'SSP drivers'!$B$2:$B$8148,'Selected scen drivers'!$AI$1,'SSP drivers'!$C$2:$C$8148,'Selected scen drivers'!$C21,'SSP drivers'!$D$2:$D$8148,'Selected scen drivers'!$D21) -> 0 | F21: =SUMIFS('SSP drivers'!F$2:F$8148,'SSP drivers'!$A$2:$A$8148,'Selected scen drivers'!$AH$1,'SSP drivers'!$B$2:$B$8148,'Selected scen drivers'!$AI$1,'SSP drivers'!$C$2:$C$8148,'Selected scen drivers'!$C21,'SSP drivers'!$D$2:$D$8148,'Selected scen drivers'!$D21) -> 1525.5622 | G21: =SUMIFS('SSP drivers'!G$2:G$8148,'SSP drivers'!$A$2:$A$8148,'Selected scen drivers'!$AH$1,'SSP drivers'!$B$2:$B$8148,'Selected scen drivers'!$AI$1,'SSP drivers'!$C$2:$C$8148,'Selected scen drivers'!$C21,'SSP drivers'!$D$2:$D$8148,'Selected scen drivers'!$D21) -> 1580.5538 | H21: =SUMIFS('SSP drivers'!H$2:H$8148,'SSP drivers'!$A$2:$A$8148,'Selected scen drivers'!$AH$1,'SSP drivers'!$B$2:$B$8148,'Selected scen drivers'!$AI$1,'SSP drivers'!$C$2:$C$8148,'Selected scen drivers'!$C21,'SSP drivers'!$D$2:$D$8148,'Selected scen drivers'!$D21) -> 1906.7277 | I21: =SUMIFS('SSP drivers'!I$2:I$8148,'SSP drivers'!$A$2:$A$8148,'Selected scen drivers'!$AH$1,'SSP drivers'!$B$2:$B$8148,'Selected scen drivers'!$AI$1,'SSP drivers'!$C$2:$C$8148,'Selected scen drivers'!$C21,'SSP drivers'!$D$2:$D$8148,'Selected scen drivers'!$D21) -> 2359.0161 | J21: =SUMIFS('SSP drivers'!J$2:J$8148,'SSP drivers'!$A$2:$A$8148,'Selected scen drivers'!$AH$1,'SSP drivers'!$B$2:$B$8148,'Selected scen drivers'!$AI$1,'SSP drivers'!$C$2:$C$8148,'Selected scen drivers'!$C21,'SSP drivers'!$D$2:$D$8148,'Selected scen drivers'!$D21) -> 2838.3421 | K21: =SUMIFS('SSP drivers'!K$2:K$8148,'SSP drivers'!$A$2:$A$8148,'Selected scen drivers'!$AH$1,'SSP drivers'!$B$2:$B$8148,'Selected scen drivers'!$AI$1,'SSP drivers'!$C$2:$C$8148,'Selected scen drivers'!$C21,'SSP drivers'!$D$2:$D$8148,'Selected scen drivers'!$D21) -> 3317.9569 | L21: =SUMIFS('SSP drivers'!L$2:L$8148,'SSP drivers'!$A$2:$A$8148,'Selected scen drivers'!$AH$1,'SSP drivers'!$B$2:$B$8148,'Selected scen drivers'!$AI$1,'SSP drivers'!$C$2:$C$8148,'Selected scen drivers'!$C21,'SSP drivers'!$D$2:$D$8148,'Selected scen drivers'!$D21) -> 3799.6144 | ... AE21: =SUMIFS('SSP drivers'!AE$2:AE$8148,'SSP drivers'!$A$2:$A$8148,'Selected scen drivers'!$AH$1,'SSP drivers'!$B$2:$B$8148,'Selected scen drivers'!$AI$1,'SSP drivers'!$C$2:$C$8148,'Selected scen drivers'!$C21,'SSP drivers'!$D$2:$D$8148,'Selected scen drivers'!$D21) -> 0 | AJ21: 10 | AK21: OECD23 | AL21: =AL16 -> SSP5
A22: =A13+1 -> 3 | B22: =B13 -> 3 | C22: =IFERROR(VLOOKUP(A22,Classification!$A$4:$B$99,2,FALSE),"") -> ROW | D22: =IFERROR(VLOOKUP(B22,Classification!$U$5:$V$14,2,FALSE),"") -> GDPIND | E22: =SUMIFS('SSP drivers'!E$2:E$8148,'SSP drivers'!$A$2:$A$8148,'Selected scen drivers'!$AH$1,'SSP drivers'!$B$2:$B$8148,'Selected scen drivers'!$AI$1,'SSP drivers'!$C$2:$C$8148,'Selected scen drivers'!$C22,'SSP drivers'!$D$2:$D$8148,'Selected scen drivers'!$D22) -> 0 | F22: =SUMIFS('SSP drivers'!F$2:F$8148,'SSP drivers'!$A$2:$A$8148,'Selected scen drivers'!$AH$1,'SSP drivers'!$B$2:$B$8148,'Selected scen drivers'!$AI$1,'SSP drivers'!$C$2:$C$8148,'Selected scen drivers'!$C22,'SSP drivers'!$D$2:$D$8148,'Selected scen drivers'!$D22) -> 4871.5708 | G22: =SUMIFS('SSP drivers'!G$2:G$8148,'SSP drivers'!$A$2:$A$8148,'Selected scen drivers'!$AH$1,'SSP drivers'!$B$2:$B$8148,'Selected scen drivers'!$AI$1,'SSP drivers'!$C$2:$C$8148,'Selected scen drivers'!$C22,'SSP drivers'!$D$2:$D$8148,'Selected scen drivers'!$D22) -> 5020.6249 | H22: =SUMIFS('SSP drivers'!H$2:H$8148,'SSP drivers'!$A$2:$A$8148,'Selected scen drivers'!$AH$1,'SSP drivers'!$B$2:$B$8148,'Selected scen drivers'!$AI$1,'SSP drivers'!$C$2:$C$8148,'Selected scen drivers'!$C22,'SSP drivers'!$D$2:$D$8148,'Selected scen drivers'!$D22) -> 6179.2946 | I22: =SUMIFS('SSP drivers'!I$2:I$8148,'SSP drivers'!$A$2:$A$8148,'Selected scen drivers'!$AH$1,'SSP drivers'!$B$2:$B$8148,'Selected scen drivers'!$AI$1,'SSP drivers'!$C$2:$C$8148,'Selected scen drivers'!$C22,'SSP drivers'!$D$2:$D$8148,'Selected scen drivers'!$D22) -> 7642.0543 | J22: =SUMIFS('SSP drivers'!J$2:J$8148,'SSP drivers'!$A$2:$A$8148,'Selected scen drivers'!$AH$1,'SSP drivers'!$B$2:$B$8148,'Selected scen drivers'!$AI$1,'SSP drivers'!$C$2:$C$8148,'Selected scen drivers'!$C22,'SSP drivers'!$D$2:$D$8148,'Selected scen drivers'!$D22) -> 9197.4829 | K22: =SUMIFS('SSP drivers'!K$2:K$8148,'SSP drivers'!$A$2:$A$8148,'Selected scen drivers'!$AH$1,'SSP drivers'!$B$2:$B$8148,'Selected scen drivers'!$AI$1,'SSP drivers'!$C$2:$C$8148,'Selected scen drivers'!$C22,'SSP drivers'!$D$2:$D$8148,'Selected scen drivers'!$D22) -> 10770.862 | L22: =SUMIFS('SSP drivers'!L$2:L$8148,'SSP drivers'!$A$2:$A$8148,'Selected scen drivers'!$AH$1,'SSP drivers'!$B$2:$B$8148,'Selected scen drivers'!$AI$1,'SSP drivers'!$C$2:$C$8148,'Selected scen drivers'!$C22,'SSP drivers'!$D$2:$D$8148,'Selected scen drivers'!$D22) -> 12380.935 | ... AE22: =SUMIFS('SSP drivers'!AE$2:AE$8148,'SSP drivers'!$A$2:$A$8148,'Selected scen drivers'!$AH$1,'SSP drivers'!$B$2:$B$8148,'Selected scen drivers'!$AI$1,'SSP drivers'!$C$2:$C$8148,'Selected scen drivers'!$C22,'SSP drivers'!$D$2:$D$8148,'Selected scen drivers'!$D22) -> 0
A23: =A14+1 -> 3 | B23: =B14 -> 4 | C23: =IFERROR(VLOOKUP(A23,Classification!$A$4:$B$99,2,FALSE),"") -> ROW | D23: =IFERROR(VLOOKUP(B23,Classification!$U$5:$V$14,2,FALSE),"") -> GDPMFG | E23: =SUMIFS('SSP drivers'!E$2:E$8148,'SSP drivers'!$A$2:$A$8148,'Selected scen drivers'!$AH$1,'SSP drivers'!$B$2:$B$8148,'Selected scen drivers'!$AI$1,'SSP drivers'!$C$2:$C$8148,'Selected scen drivers'!$C23,'SSP drivers'!$D$2:$D$8148,'Selected scen drivers'!$D23) -> 0 | F23: =SUMIFS('SSP drivers'!F$2:F$8148,'SSP drivers'!$A$2:$A$8148,'Selected scen drivers'!$AH$1,'SSP drivers'!$B$2:$B$8148,'Selected scen drivers'!$AI$1,'SSP drivers'!$C$2:$C$8148,'Selected scen drivers'!$C23,'SSP drivers'!$D$2:$D$8148,'Selected scen drivers'!$D23) -> 986.71428 | G23: =SUMIFS('SSP drivers'!G$2:G$8148,'SSP drivers'!$A$2:$A$8148,'Selected scen drivers'!$AH$1,'SSP drivers'!$B$2:$B$8148,'Selected scen drivers'!$AI$1,'SSP drivers'!$C$2:$C$8148,'Selected scen drivers'!$C23,'SSP drivers'!$D$2:$D$8148,'Selected scen drivers'!$D23) -> 1015.4492 | H23: =SUMIFS('SSP drivers'!H$2:H$8148,'SSP drivers'!$A$2:$A$8148,'Selected scen drivers'!$AH$1,'SSP drivers'!$B$2:$B$8148,'Selected scen drivers'!$AI$1,'SSP drivers'!$C$2:$C$8148,'Selected scen drivers'!$C23,'SSP drivers'!$D$2:$D$8148,'Selected scen drivers'!$D23) -> 1258.6243 | I23: =SUMIFS('SSP drivers'!I$2:I$8148,'SSP drivers'!$A$2:$A$8148,'Selected scen drivers'!$AH$1,'SSP drivers'!$B$2:$B$8148,'Selected scen drivers'!$AI$1,'SSP drivers'!$C$2:$C$8148,'Selected scen drivers'!$C23,'SSP drivers'!$D$2:$D$8148,'Selected scen drivers'!$D23) -> 1568.0365 | J23: =SUMIFS('SSP drivers'!J$2:J$8148,'SSP drivers'!$A$2:$A$8148,'Selected scen drivers'!$AH$1,'SSP drivers'!$B$2:$B$8148,'Selected scen drivers'!$AI$1,'SSP drivers'!$C$2:$C$8148,'Selected scen drivers'!$C23,'SSP drivers'!$D$2:$D$8148,'Selected scen drivers'!$D23) -> 1902.9877 | K23: =SUMIFS('SSP drivers'!K$2:K$8148,'SSP drivers'!$A$2:$A$8148,'Selected scen drivers'!$AH$1,'SSP drivers'!$B$2:$B$8148,'Selected scen drivers'!$AI$1,'SSP drivers'!$C$2:$C$8148,'Selected scen drivers'!$C23,'SSP drivers'!$D$2:$D$8148,'Selected scen drivers'!$D23) -> 2250.7456 | L23: =SUMIFS('SSP drivers'!L$2:L$8148,'SSP drivers'!$A$2:$A$8148,'Selected scen drivers'!$AH$1,'SSP drivers'!$B$2:$B$8148,'Selected scen drivers'!$AI$1,'SSP drivers'!$C$2:$C$8148,'Selected scen drivers'!$C23,'SSP drivers'!$D$2:$D$8148,'Selected scen drivers'!$D23) -> 2615.8984 | ... AE23: =SUMIFS('SSP drivers'!AE$2:AE$8148,'SSP drivers'!$A$2:$A$8148,'Selected scen drivers'!$AH$1,'SSP drivers'!$B$2:$B$8148,'Selected scen drivers'!$AI$1,'SSP drivers'!$C$2:$C$8148,'Selected scen drivers'!$C23,'SSP drivers'!$D$2:$D$8148,'Selected scen drivers'!$D23) -> 0
A24: =A15+1 -> 3 | B24: =B15 -> 5 | C24: =IFERROR(VLOOKUP(A24,Classification!$A$4:$B$99,2,FALSE),"") -> ROW | D24: =IFERROR(VLOOKUP(B24,Classification!$U$5:$V$14,2,FALSE),"") -> GDPPCAP | E24: =SUMIFS('SSP drivers'!E$2:E$8148,'SSP drivers'!$A$2:$A$8148,'Selected scen drivers'!$AH$1,'SSP drivers'!$B$2:$B$8148,'Selected scen drivers'!$AI$1,'SSP drivers'!$C$2:$C$8148,'Selected scen drivers'!$C24,'SSP drivers'!$D$2:$D$8148,'Selected scen drivers'!$D24) -> 0 | F24: =SUMIFS('SSP drivers'!F$2:F$8148,'SSP drivers'!$A$2:$A$8148,'Selected scen drivers'!$AH$1,'SSP drivers'!$B$2:$B$8148,'Selected scen drivers'!$AI$1,'SSP drivers'!$C$2:$C$8148,'Selected scen drivers'!$C24,'SSP drivers'!$D$2:$D$8148,'Selected scen drivers'!$D24) -> 11.425782 | G24: =SUMIFS('SSP drivers'!G$2:G$8148,'SSP drivers'!$A$2:$A$8148,'Selected scen drivers'!$AH$1,'SSP drivers'!$B$2:$B$8148,'Selected scen drivers'!$AI$1,'SSP drivers'!$C$2:$C$8148,'Selected scen drivers'!$C24,'SSP drivers'!$D$2:$D$8148,'Selected scen drivers'!$D24) -> 11.663112 | H24: =SUMIFS('SSP drivers'!H$2:H$8148,'SSP drivers'!$A$2:$A$8148,'Selected scen drivers'!$AH$1,'SSP drivers'!$B$2:$B$8148,'Selected scen drivers'!$AI$1,'SSP drivers'!$C$2:$C$8148,'Selected scen drivers'!$C24,'SSP drivers'!$D$2:$D$8148,'Selected scen drivers'!$D24) -> 13.492392 | I24: =SUMIFS('SSP drivers'!I$2:I$8148,'SSP drivers'!$A$2:$A$8148,'Selected scen drivers'!$AH$1,'SSP drivers'!$B$2:$B$8148,'Selected scen drivers'!$AI$1,'SSP drivers'!$C$2:$C$8148,'Selected scen drivers'!$C24,'SSP drivers'!$D$2:$D$8148,'Selected scen drivers'!$D24) -> 15.761938 | J24: =SUMIFS('SSP drivers'!J$2:J$8148,'SSP drivers'!$A$2:$A$8148,'Selected scen drivers'!$AH$1,'SSP drivers'!$B$2:$B$8148,'Selected scen drivers'!$AI$1,'SSP drivers'!$C$2:$C$8148,'Selected scen drivers'!$C24,'SSP drivers'!$D$2:$D$8148,'Selected scen drivers'!$D24) -> 18.049917 | K24: =SUMIFS('SSP drivers'!K$2:K$8148,'SSP drivers'!$A$2:$A$8148,'Selected scen drivers'!$AH$1,'SSP drivers'!$B$2:$B$8148,'Selected scen drivers'!$AI$1,'SSP drivers'!$C$2:$C$8148,'Selected scen drivers'!$C24,'SSP drivers'!$D$2:$D$8148,'Selected scen drivers'!$D24) -> 20.251455 | L24: =SUMIFS('SSP drivers'!L$2:L$8148,'SSP drivers'!$A$2:$A$8148,'Selected scen drivers'!$AH$1,'SSP drivers'!$B$2:$B$8148,'Selected scen drivers'!$AI$1,'SSP drivers'!$C$2:$C$8148,'Selected scen drivers'!$C24,'SSP drivers'!$D$2:$D$8148,'Selected scen drivers'!$D24) -> 22.474544 | ... AE24: =SUMIFS('SSP drivers'!AE$2:AE$8148,'SSP drivers'!$A$2:$A$8148,'Selected scen drivers'!$AH$1,'SSP drivers'!$B$2:$B$8148,'Selected scen drivers'!$AI$1,'SSP drivers'!$C$2:$C$8148,'Selected scen drivers'!$C24,'SSP drivers'!$D$2:$D$8148,'Selected scen drivers'!$D24) -> 0
A25: =A16+1 -> 3 | B25: =B16 -> 6 | C25: =IFERROR(VLOOKUP(A25,Classification!$A$4:$B$99,2,FALSE),"") -> ROW | D25: =IFERROR(VLOOKUP(B25,Classification!$U$5:$V$14,2,FALSE),"") -> GDPPHOU | E25: =SUMIFS('SSP drivers'!E$2:E$8148,'SSP drivers'!$A$2:$A$8148,'Selected scen drivers'!$AH$1,'SSP drivers'!$B$2:$B$8148,'Selected scen drivers'!$AI$1,'SSP drivers'!$C$2:$C$8148,'Selected scen drivers'!$C25,'SSP drivers'!$D$2:$D$8148,'Selected scen drivers'!$D25) -> 0 | F25: =SUMIFS('SSP drivers'!F$2:F$8148,'SSP drivers'!$A$2:$A$8148,'Selected scen drivers'!$AH$1,'SSP drivers'!$B$2:$B$8148,'Selected scen drivers'!$AI$1,'SSP drivers'!$C$2:$C$8148,'Selected scen drivers'!$C25,'SSP drivers'!$D$2:$D$8148,'Selected scen drivers'!$D25) -> 40.039556 | G25: =SUMIFS('SSP drivers'!G$2:G$8148,'SSP drivers'!$A$2:$A$8148,'Selected scen drivers'!$AH$1,'SSP drivers'!$B$2:$B$8148,'Selected scen drivers'!$AI$1,'SSP drivers'!$C$2:$C$8148,'Selected scen drivers'!$C25,'SSP drivers'!$D$2:$D$8148,'Selected scen drivers'!$D25) -> 40.799632 | H25: =SUMIFS('SSP drivers'!H$2:H$8148,'SSP drivers'!$A$2:$A$8148,'Selected scen drivers'!$AH$1,'SSP drivers'!$B$2:$B$8148,'Selected scen drivers'!$AI$1,'SSP drivers'!$C$2:$C$8148,'Selected scen drivers'!$C25,'SSP drivers'!$D$2:$D$8148,'Selected scen drivers'!$D25) -> 46.814546 | I25: =SUMIFS('SSP drivers'!I$2:I$8148,'SSP drivers'!$A$2:$A$8148,'Selected scen drivers'!$AH$1,'SSP drivers'!$B$2:$B$8148,'Selected scen drivers'!$AI$1,'SSP drivers'!$C$2:$C$8148,'Selected scen drivers'!$C25,'SSP drivers'!$D$2:$D$8148,'Selected scen drivers'!$D25) -> 54.434288 | J25: =SUMIFS('SSP drivers'!J$2:J$8148,'SSP drivers'!$A$2:$A$8148,'Selected scen drivers'!$AH$1,'SSP drivers'!$B$2:$B$8148,'Selected scen drivers'!$AI$1,'SSP drivers'!$C$2:$C$8148,'Selected scen drivers'!$C25,'SSP drivers'!$D$2:$D$8148,'Selected scen drivers'!$D25) -> 62.085846 | K25: =SUMIFS('SSP drivers'!K$2:K$8148,'SSP drivers'!$A$2:$A$8148,'Selected scen drivers'!$AH$1,'SSP drivers'!$B$2:$B$8148,'Selected scen drivers'!$AI$1,'SSP drivers'!$C$2:$C$8148,'Selected scen drivers'!$C25,'SSP drivers'!$D$2:$D$8148,'Selected scen drivers'!$D25) -> 69.397619 | L25: =SUMIFS('SSP drivers'!L$2:L$8148,'SSP drivers'!$A$2:$A$8148,'Selected scen drivers'!$AH$1,'SSP drivers'!$B$2:$B$8148,'Selected scen drivers'!$AI$1,'SSP drivers'!$C$2:$C$8148,'Selected scen drivers'!$C25,'SSP drivers'!$D$2:$D$8148,'Selected scen drivers'!$D25) -> 76.854541 | ... AE25: =SUMIFS('SSP drivers'!AE$2:AE$8148,'SSP drivers'!$A$2:$A$8148,'Selected scen drivers'!$AH$1,'SSP drivers'!$B$2:$B$8148,'Selected scen drivers'!$AI$1,'SSP drivers'!$C$2:$C$8148,'Selected scen drivers'!$C25,'SSP drivers'!$D$2:$D$8148,'Selected scen drivers'!$D25) -> 0
A26: =A17+1 -> 3 | B26: =B17 -> 7 | C26: =IFERROR(VLOOKUP(A26,Classification!$A$4:$B$99,2,FALSE),"") -> ROW | D26: =IFERROR(VLOOKUP(B26,Classification!$U$5:$V$14,2,FALSE),"") -> GDPSER | E26: =SUMIFS('SSP drivers'!E$2:E$8148,'SSP drivers'!$A$2:$A$8148,'Selected scen drivers'!$AH$1,'SSP drivers'!$B$2:$B$8148,'Selected scen drivers'!$AI$1,'SSP drivers'!$C$2:$C$8148,'Selected scen drivers'!$C26,'SSP drivers'!$D$2:$D$8148,'Selected scen drivers'!$D26) -> 0 | F26: =SUMIFS('SSP drivers'!F$2:F$8148,'SSP drivers'!$A$2:$A$8148,'Selected scen drivers'!$AH$1,'SSP drivers'!$B$2:$B$8148,'Selected scen drivers'!$AI$1,'SSP drivers'!$C$2:$C$8148,'Selected scen drivers'!$C26,'SSP drivers'!$D$2:$D$8148,'Selected scen drivers'!$D26) -> 7848.9724 | G26: =SUMIFS('SSP drivers'!G$2:G$8148,'SSP drivers'!$A$2:$A$8148,'Selected scen drivers'!$AH$1,'SSP drivers'!$B$2:$B$8148,'Selected scen drivers'!$AI$1,'SSP drivers'!$C$2:$C$8148,'Selected scen drivers'!$C26,'SSP drivers'!$D$2:$D$8148,'Selected scen drivers'!$D26) -> 8062.1227 | H26: =SUMIFS('SSP drivers'!H$2:H$8148,'SSP drivers'!$A$2:$A$8148,'Selected scen drivers'!$AH$1,'SSP drivers'!$B$2:$B$8148,'Selected scen drivers'!$AI$1,'SSP drivers'!$C$2:$C$8148,'Selected scen drivers'!$C26,'SSP drivers'!$D$2:$D$8148,'Selected scen drivers'!$D26) -> 9887.9905 | I26: =SUMIFS('SSP drivers'!I$2:I$8148,'SSP drivers'!$A$2:$A$8148,'Selected scen drivers'!$AH$1,'SSP drivers'!$B$2:$B$8148,'Selected scen drivers'!$AI$1,'SSP drivers'!$C$2:$C$8148,'Selected scen drivers'!$C26,'SSP drivers'!$D$2:$D$8148,'Selected scen drivers'!$D26) -> 12200.26 | J26: =SUMIFS('SSP drivers'!J$2:J$8148,'SSP drivers'!$A$2:$A$8148,'Selected scen drivers'!$AH$1,'SSP drivers'!$B$2:$B$8148,'Selected scen drivers'!$AI$1,'SSP drivers'!$C$2:$C$8148,'Selected scen drivers'!$C26,'SSP drivers'!$D$2:$D$8148,'Selected scen drivers'!$D26) -> 14683.491 | K26: =SUMIFS('SSP drivers'!K$2:K$8148,'SSP drivers'!$A$2:$A$8148,'Selected scen drivers'!$AH$1,'SSP drivers'!$B$2:$B$8148,'Selected scen drivers'!$AI$1,'SSP drivers'!$C$2:$C$8148,'Selected scen drivers'!$C26,'SSP drivers'!$D$2:$D$8148,'Selected scen drivers'!$D26) -> 17220.071 | L26: =SUMIFS('SSP drivers'!L$2:L$8148,'SSP drivers'!$A$2:$A$8148,'Selected scen drivers'!$AH$1,'SSP drivers'!$B$2:$B$8148,'Selected scen drivers'!$AI$1,'SSP drivers'!$C$2:$C$8148,'Selected scen drivers'!$C26,'SSP drivers'!$D$2:$D$8148,'Selected scen drivers'!$D26) -> 19864.986 | ... AE26: =SUMIFS('SSP drivers'!AE$2:AE$8148,'SSP drivers'!$A$2:$A$8148,'Selected scen drivers'!$AH$1,'SSP drivers'!$B$2:$B$8148,'Selected scen drivers'!$AI$1,'SSP drivers'!$C$2:$C$8148,'Selected scen drivers'!$C26,'SSP drivers'!$D$2:$D$8148,'Selected scen drivers'!$D26) -> 0
A27: =A18+1 -> 3 | B27: =B18 -> 8 | C27: =IFERROR(VLOOKUP(A27,Classification!$A$4:$B$99,2,FALSE),"") -> ROW | D27: =IFERROR(VLOOKUP(B27,Classification!$U$5:$V$14,2,FALSE),"") -> HOU | E27: =SUMIFS('SSP drivers'!E$2:E$8148,'SSP drivers'!$A$2:$A$8148,'Selected scen drivers'!$AH$1,'SSP drivers'!$B$2:$B$8148,'Selected scen drivers'!$AI$1,'SSP drivers'!$C$2:$C$8148,'Selected scen drivers'!$C27,'SSP drivers'!$D$2:$D$8148,'Selected scen drivers'!$D27) -> 0 | F27: =SUMIFS('SSP drivers'!F$2:F$8148,'SSP drivers'!$A$2:$A$8148,'Selected scen drivers'!$AH$1,'SSP drivers'!$B$2:$B$8148,'Selected scen drivers'!$AI$1,'SSP drivers'!$C$2:$C$8148,'Selected scen drivers'!$C27,'SSP drivers'!$D$2:$D$8148,'Selected scen drivers'!$D27) -> 386.54955 | G27: =SUMIFS('SSP drivers'!G$2:G$8148,'SSP drivers'!$A$2:$A$8148,'Selected scen drivers'!$AH$1,'SSP drivers'!$B$2:$B$8148,'Selected scen drivers'!$AI$1,'SSP drivers'!$C$2:$C$8148,'Selected scen drivers'!$C27,'SSP drivers'!$D$2:$D$8148,'Selected scen drivers'!$D27) -> 391.56712 | H27: =SUMIFS('SSP drivers'!H$2:H$8148,'SSP drivers'!$A$2:$A$8148,'Selected scen drivers'!$AH$1,'SSP drivers'!$B$2:$B$8148,'Selected scen drivers'!$AI$1,'SSP drivers'!$C$2:$C$8148,'Selected scen drivers'!$C27,'SSP drivers'!$D$2:$D$8148,'Selected scen drivers'!$D27) -> 416.65495 | I27: =SUMIFS('SSP drivers'!I$2:I$8148,'SSP drivers'!$A$2:$A$8148,'Selected scen drivers'!$AH$1,'SSP drivers'!$B$2:$B$8148,'Selected scen drivers'!$AI$1,'SSP drivers'!$C$2:$C$8148,'Selected scen drivers'!$C27,'SSP drivers'!$D$2:$D$8148,'Selected scen drivers'!$D27) -> 439.606 | J27: =SUMIFS('SSP drivers'!J$2:J$8148,'SSP drivers'!$A$2:$A$8148,'Selected scen drivers'!$AH$1,'SSP drivers'!$B$2:$B$8148,'Selected scen drivers'!$AI$1,'SSP drivers'!$C$2:$C$8148,'Selected scen drivers'!$C27,'SSP drivers'!$D$2:$D$8148,'Selected scen drivers'!$D27) -> 460.29195 | K27: =SUMIFS('SSP drivers'!K$2:K$8148,'SSP drivers'!$A$2:$A$8148,'Selected scen drivers'!$AH$1,'SSP drivers'!$B$2:$B$8148,'Selected scen drivers'!$AI$1,'SSP drivers'!$C$2:$C$8148,'Selected scen drivers'!$C27,'SSP drivers'!$D$2:$D$8148,'Selected scen drivers'!$D27) -> 478.61903 | L27: =SUMIFS('SSP drivers'!L$2:L$8148,'SSP drivers'!$A$2:$A$8148,'Selected scen drivers'!$AH$1,'SSP drivers'!$B$2:$B$8148,'Selected scen drivers'!$AI$1,'SSP drivers'!$C$2:$C$8148,'Selected scen drivers'!$C27,'SSP drivers'!$D$2:$D$8148,'Selected scen drivers'!$D27) -> 493.8302 | ... AE27: =SUMIFS('SSP drivers'!AE$2:AE$8148,'SSP drivers'!$A$2:$A$8148,'Selected scen drivers'!$AH$1,'SSP drivers'!$B$2:$B$8148,'Selected scen drivers'!$AI$1,'SSP drivers'!$C$2:$C$8148,'Selected scen drivers'!$C27,'SSP drivers'!$D$2:$D$8148,'Selected scen drivers'!$D27) -> 0
A28: =A19+1 -> 3 | B28: =B19 -> 9 | C28: =IFERROR(VLOOKUP(A28,Classification!$A$4:$B$99,2,FALSE),"") -> ROW | D28: =IFERROR(VLOOKUP(B28,Classification!$U$5:$V$14,2,FALSE),"") -> POP | E28: =SUMIFS('SSP drivers'!E$2:E$8148,'SSP drivers'!$A$2:$A$8148,'Selected scen drivers'!$AH$1,'SSP drivers'!$B$2:$B$8148,'Selected scen drivers'!$AI$1,'SSP drivers'!$C$2:$C$8148,'Selected scen drivers'!$C28,'SSP drivers'!$D$2:$D$8148,'Selected scen drivers'!$D28) -> 0 | F28: =SUMIFS('SSP drivers'!F$2:F$8148,'SSP drivers'!$A$2:$A$8148,'Selected scen drivers'!$AH$1,'SSP drivers'!$B$2:$B$8148,'Selected scen drivers'!$AI$1,'SSP drivers'!$C$2:$C$8148,'Selected scen drivers'!$C28,'SSP drivers'!$D$2:$D$8148,'Selected scen drivers'!$D28) -> 1354.5919 | G28: =SUMIFS('SSP drivers'!G$2:G$8148,'SSP drivers'!$A$2:$A$8148,'Selected scen drivers'!$AH$1,'SSP drivers'!$B$2:$B$8148,'Selected scen drivers'!$AI$1,'SSP drivers'!$C$2:$C$8148,'Selected scen drivers'!$C28,'SSP drivers'!$D$2:$D$8148,'Selected scen drivers'!$D28) -> 1369.7712 | H28: =SUMIFS('SSP drivers'!H$2:H$8148,'SSP drivers'!$A$2:$A$8148,'Selected scen drivers'!$AH$1,'SSP drivers'!$B$2:$B$8148,'Selected scen drivers'!$AI$1,'SSP drivers'!$C$2:$C$8148,'Selected scen drivers'!$C28,'SSP drivers'!$D$2:$D$8148,'Selected scen drivers'!$D28) -> 1445.6675 | I28: =SUMIFS('SSP drivers'!I$2:I$8148,'SSP drivers'!$A$2:$A$8148,'Selected scen drivers'!$AH$1,'SSP drivers'!$B$2:$B$8148,'Selected scen drivers'!$AI$1,'SSP drivers'!$C$2:$C$8148,'Selected scen drivers'!$C28,'SSP drivers'!$D$2:$D$8148,'Selected scen drivers'!$D28) -> 1518.1914 | J28: =SUMIFS('SSP drivers'!J$2:J$8148,'SSP drivers'!$A$2:$A$8148,'Selected scen drivers'!$AH$1,'SSP drivers'!$B$2:$B$8148,'Selected scen drivers'!$AI$1,'SSP drivers'!$C$2:$C$8148,'Selected scen drivers'!$C28,'SSP drivers'!$D$2:$D$8148,'Selected scen drivers'!$D28) -> 1583.2546 | K28: =SUMIFS('SSP drivers'!K$2:K$8148,'SSP drivers'!$A$2:$A$8148,'Selected scen drivers'!$AH$1,'SSP drivers'!$B$2:$B$8148,'Selected scen drivers'!$AI$1,'SSP drivers'!$C$2:$C$8148,'Selected scen drivers'!$C28,'SSP drivers'!$D$2:$D$8148,'Selected scen drivers'!$D28) -> 1640.1301 | L28: =SUMIFS('SSP drivers'!L$2:L$8148,'SSP drivers'!$A$2:$A$8148,'Selected scen drivers'!$AH$1,'SSP drivers'!$B$2:$B$8148,'Selected scen drivers'!$AI$1,'SSP drivers'!$C$2:$C$8148,'Selected scen drivers'!$C28,'SSP drivers'!$D$2:$D$8148,'Selected scen drivers'!$D28) -> 1688.7147 | ... AE28: =SUMIFS('SSP drivers'!AE$2:AE$8148,'SSP drivers'!$A$2:$A$8148,'Selected scen drivers'!$AH$1,'SSP drivers'!$B$2:$B$8148,'Selected scen drivers'!$AI$1,'SSP drivers'!$C$2:$C$8148,'Selected scen drivers'!$C28,'SSP drivers'!$D$2:$D$8148,'Selected scen drivers'!$D28) -> 0
A29: =A20+1 -> 4 | B29: =B20 -> 1 | C29: =IFERROR(VLOOKUP(A29,Classification!$A$4:$B$99,2,FALSE),"") -> WestBalkans | D29: =IFERROR(VLOOKUP(B29,Classification!$U$5:$V$14,2,FALSE),"") -> GDP | E29: =SUMIFS('SSP drivers'!E$2:E$8148,'SSP drivers'!$A$2:$A$8148,'Selected scen drivers'!$AH$1,'SSP drivers'!$B$2:$B$8148,'Selected scen drivers'!$AI$1,'SSP drivers'!$C$2:$C$8148,'Selected scen drivers'!$C29,'SSP drivers'!$D$2:$D$8148,'Selected scen drivers'!$D29) -> 0 | F29: =SUMIFS('SSP drivers'!F$2:F$8148,'SSP drivers'!$A$2:$A$8148,'Selected scen drivers'!$AH$1,'SSP drivers'!$B$2:$B$8148,'Selected scen drivers'!$AI$1,'SSP drivers'!$C$2:$C$8148,'Selected scen drivers'!$C29,'SSP drivers'!$D$2:$D$8148,'Selected scen drivers'!$D29) -> 285.45468 | G29: =SUMIFS('SSP drivers'!G$2:G$8148,'SSP drivers'!$A$2:$A$8148,'Selected scen drivers'!$AH$1,'SSP drivers'!$B$2:$B$8148,'Selected scen drivers'!$AI$1,'SSP drivers'!$C$2:$C$8148,'Selected scen drivers'!$C29,'SSP drivers'!$D$2:$D$8148,'Selected scen drivers'!$D29) -> 290.9165 | H29: =SUMIFS('SSP drivers'!H$2:H$8148,'SSP drivers'!$A$2:$A$8148,'Selected scen drivers'!$AH$1,'SSP drivers'!$B$2:$B$8148,'Selected scen drivers'!$AI$1,'SSP drivers'!$C$2:$C$8148,'Selected scen drivers'!$C29,'SSP drivers'!$D$2:$D$8148,'Selected scen drivers'!$D29) -> 352.0089 | I29: =SUMIFS('SSP drivers'!I$2:I$8148,'SSP drivers'!$A$2:$A$8148,'Selected scen drivers'!$AH$1,'SSP drivers'!$B$2:$B$8148,'Selected scen drivers'!$AI$1,'SSP drivers'!$C$2:$C$8148,'Selected scen drivers'!$C29,'SSP drivers'!$D$2:$D$8148,'Selected scen drivers'!$D29) -> 419.8975 | J29: =SUMIFS('SSP drivers'!J$2:J$8148,'SSP drivers'!$A$2:$A$8148,'Selected scen drivers'!$AH$1,'SSP drivers'!$B$2:$B$8148,'Selected scen drivers'!$AI$1,'SSP drivers'!$C$2:$C$8148,'Selected scen drivers'!$C29,'SSP drivers'!$D$2:$D$8148,'Selected scen drivers'!$D29) -> 483.0284 | K29: =SUMIFS('SSP drivers'!K$2:K$8148,'SSP drivers'!$A$2:$A$8148,'Selected scen drivers'!$AH$1,'SSP drivers'!$B$2:$B$8148,'Selected scen drivers'!$AI$1,'SSP drivers'!$C$2:$C$8148,'Selected scen drivers'!$C29,'SSP drivers'!$D$2:$D$8148,'Selected scen drivers'!$D29) -> 538.5227 | L29: =SUMIFS('SSP drivers'!L$2:L$8148,'SSP drivers'!$A$2:$A$8148,'Selected scen drivers'!$AH$1,'SSP drivers'!$B$2:$B$8148,'Selected scen drivers'!$AI$1,'SSP drivers'!$C$2:$C$8148,'Selected scen drivers'!$C29,'SSP drivers'!$D$2:$D$8148,'Selected scen drivers'!$D29) -> 589.0007 | ... AE29: =SUMIFS('SSP drivers'!AE$2:AE$8148,'SSP drivers'!$A$2:$A$8148,'Selected scen drivers'!$AH$1,'SSP drivers'!$B$2:$B$8148,'Selected scen drivers'!$AI$1,'SSP drivers'!$C$2:$C$8148,'Selected scen drivers'!$C29,'SSP drivers'!$D$2:$D$8148,'Selected scen drivers'!$D29) -> 0
A30: =A21+1 -> 4 | B30: =B21 -> 2 | C30: =IFERROR(VLOOKUP(A30,Classification!$A$4:$B$99,2,FALSE),"") -> WestBalkans | D30: =IFERROR(VLOOKUP(B30,Classification!$U$5:$V$14,2,FALSE),"") -> GDPAGR | E30: =SUMIFS('SSP drivers'!E$2:E$8148,'SSP drivers'!$A$2:$A$8148,'Selected scen drivers'!$AH$1,'SSP drivers'!$B$2:$B$8148,'Selected scen drivers'!$AI$1,'SSP drivers'!$C$2:$C$8148,'Selected scen drivers'!$C30,'SSP drivers'!$D$2:$D$8148,'Selected scen drivers'!$D30) -> 0 | F30: =SUMIFS('SSP drivers'!F$2:F$8148,'SSP drivers'!$A$2:$A$8148,'Selected scen drivers'!$AH$1,'SSP drivers'!$B$2:$B$8148,'Selected scen drivers'!$AI$1,'SSP drivers'!$C$2:$C$8148,'Selected scen drivers'!$C30,'SSP drivers'!$D$2:$D$8148,'Selected scen drivers'!$D30) -> 26.778023 | G30: =SUMIFS('SSP drivers'!G$2:G$8148,'SSP drivers'!$A$2:$A$8148,'Selected scen drivers'!$AH$1,'SSP drivers'!$B$2:$B$8148,'Selected scen drivers'!$AI$1,'SSP drivers'!$C$2:$C$8148,'Selected scen drivers'!$C30,'SSP drivers'!$D$2:$D$8148,'Selected scen drivers'!$D30) -> 27.283523 | H30: =SUMIFS('SSP drivers'!H$2:H$8148,'SSP drivers'!$A$2:$A$8148,'Selected scen drivers'!$AH$1,'SSP drivers'!$B$2:$B$8148,'Selected scen drivers'!$AI$1,'SSP drivers'!$C$2:$C$8148,'Selected scen drivers'!$C30,'SSP drivers'!$D$2:$D$8148,'Selected scen drivers'!$D30) -> 32.811566 | I30: =SUMIFS('SSP drivers'!I$2:I$8148,'SSP drivers'!$A$2:$A$8148,'Selected scen drivers'!$AH$1,'SSP drivers'!$B$2:$B$8148,'Selected scen drivers'!$AI$1,'SSP drivers'!$C$2:$C$8148,'Selected scen drivers'!$C30,'SSP drivers'!$D$2:$D$8148,'Selected scen drivers'!$D30) -> 38.572111 | J30: =SUMIFS('SSP drivers'!J$2:J$8148,'SSP drivers'!$A$2:$A$8148,'Selected scen drivers'!$AH$1,'SSP drivers'!$B$2:$B$8148,'Selected scen drivers'!$AI$1,'SSP drivers'!$C$2:$C$8148,'Selected scen drivers'!$C30,'SSP drivers'!$D$2:$D$8148,'Selected scen drivers'!$D30) -> 43.752771 | K30: =SUMIFS('SSP drivers'!K$2:K$8148,'SSP drivers'!$A$2:$A$8148,'Selected scen drivers'!$AH$1,'SSP drivers'!$B$2:$B$8148,'Selected scen drivers'!$AI$1,'SSP drivers'!$C$2:$C$8148,'Selected scen drivers'!$C30,'SSP drivers'!$D$2:$D$8148,'Selected scen drivers'!$D30) -> 48.136046 | L30: =SUMIFS('SSP drivers'!L$2:L$8148,'SSP drivers'!$A$2:$A$8148,'Selected scen drivers'!$AH$1,'SSP drivers'!$B$2:$B$8148,'Selected scen drivers'!$AI$1,'SSP drivers'!$C$2:$C$8148,'Selected scen drivers'!$C30,'SSP drivers'!$D$2:$D$8148,'Selected scen drivers'!$D30) -> 51.926309 | ... AE30: =SUMIFS('SSP drivers'!AE$2:AE$8148,'SSP drivers'!$A$2:$A$8148,'Selected scen drivers'!$AH$1,'SSP drivers'!$B$2:$B$8148,'Selected scen drivers'!$AI$1,'SSP drivers'!$C$2:$C$8148,'Selected scen drivers'!$C30,'SSP drivers'!$D$2:$D$8148,'Selected scen drivers'!$D30) -> 0
A31: =A22+1 -> 4 | B31: =B22 -> 3 | C31: =IFERROR(VLOOKUP(A31,Classification!$A$4:$B$99,2,FALSE),"") -> WestBalkans | D31: =IFERROR(VLOOKUP(B31,Classification!$U$5:$V$14,2,FALSE),"") -> GDPIND | E31: =SUMIFS('SSP drivers'!E$2:E$8148,'SSP drivers'!$A$2:$A$8148,'Selected scen drivers'!$AH$1,'SSP drivers'!$B$2:$B$8148,'Selected scen drivers'!$AI$1,'SSP drivers'!$C$2:$C$8148,'Selected scen drivers'!$C31,'SSP drivers'!$D$2:$D$8148,'Selected scen drivers'!$D31) -> 0 | F31: =SUMIFS('SSP drivers'!F$2:F$8148,'SSP drivers'!$A$2:$A$8148,'Selected scen drivers'!$AH$1,'SSP drivers'!$B$2:$B$8148,'Selected scen drivers'!$AI$1,'SSP drivers'!$C$2:$C$8148,'Selected scen drivers'!$C31,'SSP drivers'!$D$2:$D$8148,'Selected scen drivers'!$D31) -> 81.205484 | G31: =SUMIFS('SSP drivers'!G$2:G$8148,'SSP drivers'!$A$2:$A$8148,'Selected scen drivers'!$AH$1,'SSP drivers'!$B$2:$B$8148,'Selected scen drivers'!$AI$1,'SSP drivers'!$C$2:$C$8148,'Selected scen drivers'!$C31,'SSP drivers'!$D$2:$D$8148,'Selected scen drivers'!$D31) -> 82.799936 | H31: =SUMIFS('SSP drivers'!H$2:H$8148,'SSP drivers'!$A$2:$A$8148,'Selected scen drivers'!$AH$1,'SSP drivers'!$B$2:$B$8148,'Selected scen drivers'!$AI$1,'SSP drivers'!$C$2:$C$8148,'Selected scen drivers'!$C31,'SSP drivers'!$D$2:$D$8148,'Selected scen drivers'!$D31) -> 100.4227 | I31: =SUMIFS('SSP drivers'!I$2:I$8148,'SSP drivers'!$A$2:$A$8148,'Selected scen drivers'!$AH$1,'SSP drivers'!$B$2:$B$8148,'Selected scen drivers'!$AI$1,'SSP drivers'!$C$2:$C$8148,'Selected scen drivers'!$C31,'SSP drivers'!$D$2:$D$8148,'Selected scen drivers'!$D31) -> 120.41615 | J31: =SUMIFS('SSP drivers'!J$2:J$8148,'SSP drivers'!$A$2:$A$8148,'Selected scen drivers'!$AH$1,'SSP drivers'!$B$2:$B$8148,'Selected scen drivers'!$AI$1,'SSP drivers'!$C$2:$C$8148,'Selected scen drivers'!$C31,'SSP drivers'!$D$2:$D$8148,'Selected scen drivers'!$D31) -> 139.2104 | K31: =SUMIFS('SSP drivers'!K$2:K$8148,'SSP drivers'!$A$2:$A$8148,'Selected scen drivers'!$AH$1,'SSP drivers'!$B$2:$B$8148,'Selected scen drivers'!$AI$1,'SSP drivers'!$C$2:$C$8148,'Selected scen drivers'!$C31,'SSP drivers'!$D$2:$D$8148,'Selected scen drivers'!$D31) -> 155.91807 | L31: =SUMIFS('SSP drivers'!L$2:L$8148,'SSP drivers'!$A$2:$A$8148,'Selected scen drivers'!$AH$1,'SSP drivers'!$B$2:$B$8148,'Selected scen drivers'!$AI$1,'SSP drivers'!$C$2:$C$8148,'Selected scen drivers'!$C31,'SSP drivers'!$D$2:$D$8148,'Selected scen drivers'!$D31) -> 171.29256 | ... AE31: =SUMIFS('SSP drivers'!AE$2:AE$8148,'SSP drivers'!$A$2:$A$8148,'Selected scen drivers'!$AH$1,'SSP drivers'!$B$2:$B$8148,'Selected scen drivers'!$AI$1,'SSP drivers'!$C$2:$C$8148,'Selected scen drivers'!$C31,'SSP drivers'!$D$2:$D$8148,'Selected scen drivers'!$D31) -> 0
A32: =A23+1 -> 4 | B32: =B23 -> 4 | C32: =IFERROR(VLOOKUP(A32,Classification!$A$4:$B$99,2,FALSE),"") -> WestBalkans | D32: =IFERROR(VLOOKUP(B32,Classification!$U$5:$V$14,2,FALSE),"") -> GDPMFG | E32: =SUMIFS('SSP drivers'!E$2:E$8148,'SSP drivers'!$A$2:$A$8148,'Selected scen drivers'!$AH$1,'SSP drivers'!$B$2:$B$8148,'Selected scen drivers'!$AI$1,'SSP drivers'!$C$2:$C$8148,'Selected scen drivers'!$C32,'SSP drivers'!$D$2:$D$8148,'Selected scen drivers'!$D32) -> 0 | F32: =SUMIFS('SSP drivers'!F$2:F$8148,'SSP drivers'!$A$2:$A$8148,'Selected scen drivers'!$AH$1,'SSP drivers'!$B$2:$B$8148,'Selected scen drivers'!$AI$1,'SSP drivers'!$C$2:$C$8148,'Selected scen drivers'!$C32,'SSP drivers'!$D$2:$D$8148,'Selected scen drivers'!$D32) -> 10.877876 | G32: =SUMIFS('SSP drivers'!G$2:G$8148,'SSP drivers'!$A$2:$A$8148,'Selected scen drivers'!$AH$1,'SSP drivers'!$B$2:$B$8148,'Selected scen drivers'!$AI$1,'SSP drivers'!$C$2:$C$8148,'Selected scen drivers'!$C32,'SSP drivers'!$D$2:$D$8148,'Selected scen drivers'!$D32) -> 11.099033 | H32: =SUMIFS('SSP drivers'!H$2:H$8148,'SSP drivers'!$A$2:$A$8148,'Selected scen drivers'!$AH$1,'SSP drivers'!$B$2:$B$8148,'Selected scen drivers'!$AI$1,'SSP drivers'!$C$2:$C$8148,'Selected scen drivers'!$C32,'SSP drivers'!$D$2:$D$8148,'Selected scen drivers'!$D32) -> 14.116782 | I32: =SUMIFS('SSP drivers'!I$2:I$8148,'SSP drivers'!$A$2:$A$8148,'Selected scen drivers'!$AH$1,'SSP drivers'!$B$2:$B$8148,'Selected scen drivers'!$AI$1,'SSP drivers'!$C$2:$C$8148,'Selected scen drivers'!$C32,'SSP drivers'!$D$2:$D$8148,'Selected scen drivers'!$D32) -> 17.814291 | J32: =SUMIFS('SSP drivers'!J$2:J$8148,'SSP drivers'!$A$2:$A$8148,'Selected scen drivers'!$AH$1,'SSP drivers'!$B$2:$B$8148,'Selected scen drivers'!$AI$1,'SSP drivers'!$C$2:$C$8148,'Selected scen drivers'!$C32,'SSP drivers'!$D$2:$D$8148,'Selected scen drivers'!$D32) -> 21.613889 | K32: =SUMIFS('SSP drivers'!K$2:K$8148,'SSP drivers'!$A$2:$A$8148,'Selected scen drivers'!$AH$1,'SSP drivers'!$B$2:$B$8148,'Selected scen drivers'!$AI$1,'SSP drivers'!$C$2:$C$8148,'Selected scen drivers'!$C32,'SSP drivers'!$D$2:$D$8148,'Selected scen drivers'!$D32) -> 25.341233 | L32: =SUMIFS('SSP drivers'!L$2:L$8148,'SSP drivers'!$A$2:$A$8148,'Selected scen drivers'!$AH$1,'SSP drivers'!$B$2:$B$8148,'Selected scen drivers'!$AI$1,'SSP drivers'!$C$2:$C$8148,'Selected scen drivers'!$C32,'SSP drivers'!$D$2:$D$8148,'Selected scen drivers'!$D32) -> 29.087122 | ... AE32: =SUMIFS('SSP drivers'!AE$2:AE$8148,'SSP drivers'!$A$2:$A$8148,'Selected scen drivers'!$AH$1,'SSP drivers'!$B$2:$B$8148,'Selected scen drivers'!$AI$1,'SSP drivers'!$C$2:$C$8148,'Selected scen drivers'!$C32,'SSP drivers'!$D$2:$D$8148,'Selected scen drivers'!$D32) -> 0
A33: =A24+1 -> 4 | B33: =B24 -> 5 | C33: =IFERROR(VLOOKUP(A33,Classification!$A$4:$B$99,2,FALSE),"") -> WestBalkans | D33: =IFERROR(VLOOKUP(B33,Classification!$U$5:$V$14,2,FALSE),"") -> GDPPCAP | E33: =SUMIFS('SSP drivers'!E$2:E$8148,'SSP drivers'!$A$2:$A$8148,'Selected scen drivers'!$AH$1,'SSP drivers'!$B$2:$B$8148,'Selected scen drivers'!$AI$1,'SSP drivers'!$C$2:$C$8148,'Selected scen drivers'!$C33,'SSP drivers'!$D$2:$D$8148,'Selected scen drivers'!$D33) -> 0 | F33: =SUMIFS('SSP drivers'!F$2:F$8148,'SSP drivers'!$A$2:$A$8148,'Selected scen drivers'!$AH$1,'SSP drivers'!$B$2:$B$8148,'Selected scen drivers'!$AI$1,'SSP drivers'!$C$2:$C$8148,'Selected scen drivers'!$C33,'SSP drivers'!$D$2:$D$8148,'Selected scen drivers'!$D33) -> 15.386048 | G33: =SUMIFS('SSP drivers'!G$2:G$8148,'SSP drivers'!$A$2:$A$8148,'Selected scen drivers'!$AH$1,'SSP drivers'!$B$2:$B$8148,'Selected scen drivers'!$AI$1,'SSP drivers'!$C$2:$C$8148,'Selected scen drivers'!$C33,'SSP drivers'!$D$2:$D$8148,'Selected scen drivers'!$D33) -> 15.763466 | H33: =SUMIFS('SSP drivers'!H$2:H$8148,'SSP drivers'!$A$2:$A$8148,'Selected scen drivers'!$AH$1,'SSP drivers'!$B$2:$B$8148,'Selected scen drivers'!$AI$1,'SSP drivers'!$C$2:$C$8148,'Selected scen drivers'!$C33,'SSP drivers'!$D$2:$D$8148,'Selected scen drivers'!$D33) -> 19.592481 | I33: =SUMIFS('SSP drivers'!I$2:I$8148,'SSP drivers'!$A$2:$A$8148,'Selected scen drivers'!$AH$1,'SSP drivers'!$B$2:$B$8148,'Selected scen drivers'!$AI$1,'SSP drivers'!$C$2:$C$8148,'Selected scen drivers'!$C33,'SSP drivers'!$D$2:$D$8148,'Selected scen drivers'!$D33) -> 23.766149 | J33: =SUMIFS('SSP drivers'!J$2:J$8148,'SSP drivers'!$A$2:$A$8148,'Selected scen drivers'!$AH$1,'SSP drivers'!$B$2:$B$8148,'Selected scen drivers'!$AI$1,'SSP drivers'!$C$2:$C$8148,'Selected scen drivers'!$C33,'SSP drivers'!$D$2:$D$8148,'Selected scen drivers'!$D33) -> 27.892136 | K33: =SUMIFS('SSP drivers'!K$2:K$8148,'SSP drivers'!$A$2:$A$8148,'Selected scen drivers'!$AH$1,'SSP drivers'!$B$2:$B$8148,'Selected scen drivers'!$AI$1,'SSP drivers'!$C$2:$C$8148,'Selected scen drivers'!$C33,'SSP drivers'!$D$2:$D$8148,'Selected scen drivers'!$D33) -> 31.815022 | L33: =SUMIFS('SSP drivers'!L$2:L$8148,'SSP drivers'!$A$2:$A$8148,'Selected scen drivers'!$AH$1,'SSP drivers'!$B$2:$B$8148,'Selected scen drivers'!$AI$1,'SSP drivers'!$C$2:$C$8148,'Selected scen drivers'!$C33,'SSP drivers'!$D$2:$D$8148,'Selected scen drivers'!$D33) -> 35.641828 | ... AE33: =SUMIFS('SSP drivers'!AE$2:AE$8148,'SSP drivers'!$A$2:$A$8148,'Selected scen drivers'!$AH$1,'SSP drivers'!$B$2:$B$8148,'Selected scen drivers'!$AI$1,'SSP drivers'!$C$2:$C$8148,'Selected scen drivers'!$C33,'SSP drivers'!$D$2:$D$8148,'Selected scen drivers'!$D33) -> 0
... A415: =A406+1 -> 46 | B415: =B406 -> 9 | C415: =IFERROR(VLOOKUP(A415,Classification!$A$4:$B$99,2,FALSE),"") | D415: =IFERROR(VLOOKUP(B415,Classification!$U$5:$V$14,2,FALSE),"") -> POP | E415: =SUMIFS('SSP drivers'!E$2:E$8148,'SSP drivers'!$A$2:$A$8148,'Selected scen drivers'!$AH$1,'SSP drivers'!$B$2:$B$8148,'Selected scen drivers'!$AI$1,'SSP drivers'!$C$2:$C$8148,'Selected scen drivers'!$C415,'SSP drivers'!$D$2:$D$8148,'Selected scen drivers'!$D415) -> 0 | F415: =SUMIFS('SSP drivers'!F$2:F$8148,'SSP drivers'!$A$2:$A$8148,'Selected scen drivers'!$AH$1,'SSP drivers'!$B$2:$B$8148,'Selected scen drivers'!$AI$1,'SSP drivers'!$C$2:$C$8148,'Selected scen drivers'!$C415,'SSP drivers'!$D$2:$D$8148,'Selected scen drivers'!$D415) -> 0 | G415: =SUMIFS('SSP drivers'!G$2:G$8148,'SSP drivers'!$A$2:$A$8148,'Selected scen drivers'!$AH$1,'SSP drivers'!$B$2:$B$8148,'Selected scen drivers'!$AI$1,'SSP drivers'!$C$2:$C$8148,'Selected scen drivers'!$C415,'SSP drivers'!$D$2:$D$8148,'Selected scen drivers'!$D415) -> 0 | H415: =SUMIFS('SSP drivers'!H$2:H$8148,'SSP drivers'!$A$2:$A$8148,'Selected scen drivers'!$AH$1,'SSP drivers'!$B$2:$B$8148,'Selected scen drivers'!$AI$1,'SSP drivers'!$C$2:$C$8148,'Selected scen drivers'!$C415,'SSP drivers'!$D$2:$D$8148,'Selected scen drivers'!$D415) -> 0 | I415: =SUMIFS('SSP drivers'!I$2:I$8148,'SSP drivers'!$A$2:$A$8148,'Selected scen drivers'!$AH$1,'SSP drivers'!$B$2:$B$8148,'Selected scen drivers'!$AI$1,'SSP drivers'!$C$2:$C$8148,'Selected scen drivers'!$C415,'SSP drivers'!$D$2:$D$8148,'Selected scen drivers'!$D415) -> 0 | J415: =SUMIFS('SSP drivers'!J$2:J$8148,'SSP drivers'!$A$2:$A$8148,'Selected scen drivers'!$AH$1,'SSP drivers'!$B$2:$B$8148,'Selected scen drivers'!$AI$1,'SSP drivers'!$C$2:$C$8148,'Selected scen drivers'!$C415,'SSP drivers'!$D$2:$D$8148,'Selected scen drivers'!$D415) -> 0 | K415: =SUMIFS('SSP drivers'!K$2:K$8148,'SSP drivers'!$A$2:$A$8148,'Selected scen drivers'!$AH$1,'SSP drivers'!$B$2:$B$8148,'Selected scen drivers'!$AI$1,'SSP drivers'!$C$2:$C$8148,'Selected scen drivers'!$C415,'SSP drivers'!$D$2:$D$8148,'Selected scen drivers'!$D415) -> 0 | L415: =SUMIFS('SSP drivers'!L$2:L$8148,'SSP drivers'!$A$2:$A$8148,'Selected scen drivers'!$AH$1,'SSP drivers'!$B$2:$B$8148,'Selected scen drivers'!$AI$1,'SSP drivers'!$C$2:$C$8148,'Selected scen drivers'!$C415,'SSP drivers'!$D$2:$D$8148,'Selected scen drivers'!$D415) -> 0 | ... AE415: =SUMIFS('SSP drivers'!AE$2:AE$8148,'SSP drivers'!$A$2:$A$8148,'Selected scen drivers'!$AH$1,'SSP drivers'!$B$2:$B$8148,'Selected scen drivers'!$AI$1,'SSP drivers'!$C$2:$C$8148,'Selected scen drivers'!$C415,'SSP drivers'!$D$2:$D$8148,'Selected scen drivers'!$D415) -> 0

Sheet Growth rates
B3: Region | C3: Driver | D3: ='Selected scen drivers'!F1 -> 2019 | E3: ='Selected scen drivers'!G1 -> 2020 | F3: ='Selected scen drivers'!H1 -> 2025 | G3: ='Selected scen drivers'!I1 -> 2030 | H3: ='Selected scen drivers'!J1 -> 2035 | I3: ='Selected scen drivers'!K1 -> 2040 | J3: ='Selected scen drivers'!L1 -> 2045 | K3: ='Selected scen drivers'!M1 -> 2050 | ... AC3: ='Selected scen drivers'!AE1 -> \I:
B4: ='Selected scen drivers'!C2 -> Africa_Other | C4: ='Selected scen drivers'!D2 -> GDP | D4: =IFERROR('Selected scen drivers'!F2/'Selected scen drivers'!$F2,"") -> 1 | E4: =IFERROR('Selected scen drivers'!G2/'Selected scen drivers'!$F2,"") -> 1.0224689 | F4: =IFERROR('Selected scen drivers'!H2/'Selected scen drivers'!$F2,"") -> 1.249383 | G4: =IFERROR('Selected scen drivers'!I2/'Selected scen drivers'!$F2,"") -> 1.5966085 | H4: =IFERROR('Selected scen drivers'!J2/'Selected scen drivers'!$F2,"") -> 2.0850478 | I4: =IFERROR('Selected scen drivers'!K2/'Selected scen drivers'!$F2,"") -> 2.6834302 | J4: =IFERROR('Selected scen drivers'!L2/'Selected scen drivers'!$F2,"") -> 3.4306175 | K4: =IFERROR('Selected scen drivers'!M2/'Selected scen drivers'!$F2,"") -> 4.3628228 | ... AC4: =IFERROR('Selected scen drivers'!AE2/'Selected scen drivers'!$F2,"") -> 0
B5: ='Selected scen drivers'!C3 -> Africa_Other | C5: ='Selected scen drivers'!D3 -> GDPAGR | D5: =IFERROR('Selected scen drivers'!F3/'Selected scen drivers'!$F3,"") -> 1 | E5: =IFERROR('Selected scen drivers'!G3/'Selected scen drivers'!$F3,"") -> 1.0255822 | F5: =IFERROR('Selected scen drivers'!H3/'Selected scen drivers'!$F3,"") -> 1.2022287 | G5: =IFERROR('Selected scen drivers'!I3/'Selected scen drivers'!$F3,"") -> 1.4847098 | H5: =IFERROR('Selected scen drivers'!J3/'Selected scen drivers'!$F3,"") -> 1.8635605 | I5: =IFERROR('Selected scen drivers'!K3/'Selected scen drivers'!$F3,"") -> 2.297486 | J5: =IFERROR('Selected scen drivers'!L3/'Selected scen drivers'!$F3,"") -> 2.8036126 | K5: =IFERROR('Selected scen drivers'!M3/'Selected scen drivers'!$F3,"") -> 3.3887668 | ... AC5: =IFERROR('Selected scen drivers'!AE3/'Selected scen drivers'!$F3,"") -> 0
B6: ='Selected scen drivers'!C4 -> Africa_Other | C6: ='Selected scen drivers'!D4 -> GDPIND | D6: =IFERROR('Selected scen drivers'!F4/'Selected scen drivers'!$F4,"") -> 1 | E6: =IFERROR('Selected scen drivers'!G4/'Selected scen drivers'!$F4,"") -> 1.0192523 | F6: =IFERROR('Selected scen drivers'!H4/'Selected scen drivers'!$F4,"") -> 1.267641 | G6: =IFERROR('Selected scen drivers'!I4/'Selected scen drivers'!$F4,"") -> 1.6315197 | H6: =IFERROR('Selected scen drivers'!J4/'Selected scen drivers'!$F4,"") -> 2.1497166 | I6: =IFERROR('Selected scen drivers'!K4/'Selected scen drivers'!$F4,"") -> 2.7948436 | J6: =IFERROR('Selected scen drivers'!L4/'Selected scen drivers'!$F4,"") -> 3.6116925 | K6: =IFERROR('Selected scen drivers'!M4/'Selected scen drivers'!$F4,"") -> 4.6439649 | ... AC6: =IFERROR('Selected scen drivers'!AE4/'Selected scen drivers'!$F4,"") -> 0
B7: ='Selected scen drivers'!C5 -> Africa_Other | C7: ='Selected scen drivers'!D5 -> GDPMFG | D7: =IFERROR('Selected scen drivers'!F5/'Selected scen drivers'!$F5,"") -> 1 | E7: =IFERROR('Selected scen drivers'!G5/'Selected scen drivers'!$F5,"") -> 1.0179775 | F7: =IFERROR('Selected scen drivers'!H5/'Selected scen drivers'!$F5,"") -> 1.3649345 | G7: =IFERROR('Selected scen drivers'!I5/'Selected scen drivers'!$F5,"") -> 1.8797614 | H7: =IFERROR('Selected scen drivers'!J5/'Selected scen drivers'!$F5,"") -> 2.6483015 | I7: =IFERROR('Selected scen drivers'!K5/'Selected scen drivers'!$F5,"") -> 3.670927 | J7: =IFERROR('Selected scen drivers'!L5/'Selected scen drivers'!$F5,"") -> 5.0403938 | K7: =IFERROR('Selected scen drivers'!M5/'Selected scen drivers'!$F5,"") -> 6.8639872 | ... AC7: =IFERROR('Selected scen drivers'!AE5/'Selected scen drivers'!$F5,"") -> 0
B8: ='Selected scen drivers'!C6 -> Africa_Other | C8: ='Selected scen drivers'!D6 -> GDPPCAP | D8: =IFERROR('Selected scen drivers'!F6/'Selected scen drivers'!$F6,"") -> 1 | E8: =IFERROR('Selected scen drivers'!G6/'Selected scen drivers'!$F6,"") -> 0.99427172 | F8: =IFERROR('Selected scen drivers'!H6/'Selected scen drivers'!$F6,"") -> 1.0677047 | G8: =IFERROR('Selected scen drivers'!I6/'Selected scen drivers'!$F6,"") -> 1.2079195 | H8: =IFERROR('Selected scen drivers'!J6/'Selected scen drivers'!$F6,"") -> 1.4085101 | I8: =IFERROR('Selected scen drivers'!K6/'Selected scen drivers'!$F6,"") -> 1.632975 | J8: =IFERROR('Selected scen drivers'!L6/'Selected scen drivers'!$F6,"") -> 1.8976164 | K8: =IFERROR('Selected scen drivers'!M6/'Selected scen drivers'!$F6,"") -> 2.2133649 | ... AC8: =IFERROR('Selected scen drivers'!AE6/'Selected scen drivers'!$F6,"") -> 0
B9: ='Selected scen drivers'!C7 -> Africa_Other | C9: ='Selected scen drivers'!D7 -> GDPPHOU | D9: =IFERROR('Selected scen drivers'!F7/'Selected scen drivers'!$F7,"") -> 1 | E9: =IFERROR('Selected scen drivers'!G7/'Selected scen drivers'!$F7,"") -> 0.98785391 | F9: =IFERROR('Selected scen drivers'!H7/'Selected scen drivers'!$F7,"") -> 1.0323401 | G9: =IFERROR('Selected scen drivers'!I7/'Selected scen drivers'!$F7,"") -> 1.1320009 | H9: =IFERROR('Selected scen drivers'!J7/'Selected scen drivers'!$F7,"") -> 1.2764692 | I9: =IFERROR('Selected scen drivers'!K7/'Selected scen drivers'!$F7,"") -> 1.4331943 | J9: =IFERROR('Selected scen drivers'!L7/'Selected scen drivers'!$F7,"") -> 1.6161675 | K9: =IFERROR('Selected scen drivers'!M7/'Selected scen drivers'!$F7,"") -> 1.8335425 | ... AC9: =IFERROR('Selected scen drivers'!AE7/'Selected scen drivers'!$F7,"") -> 0
B10: ='Selected scen drivers'!C8 -> Africa_Other | C10: ='Selected scen drivers'!D8 -> GDPSER | D10: =IFERROR('Selected scen drivers'!F8/'Selected scen drivers'!$F8,"") -> 1 | E10: =IFERROR('Selected scen drivers'!G8/'Selected scen drivers'!$F8,"") -> 1.0189785 | F10: =IFERROR('Selected scen drivers'!H8/'Selected scen drivers'!$F8,"") -> 1.2551922 | G10: =IFERROR('Selected scen drivers'!I8/'Selected scen drivers'!$F8,"") -> 1.6207485 | H10: =IFERROR('Selected scen drivers'!J8/'Selected scen drivers'!$F8,"") -> 2.1404434 | I10: =IFERROR('Selected scen drivers'!K8/'Selected scen drivers'!$F8,"") -> 2.784716 | J10: =IFERROR('Selected scen drivers'!L8/'Selected scen drivers'!$F8,"") -> 3.598523 | K10: =IFERROR('Selected scen drivers'!M8/'Selected scen drivers'!$F8,"") -> 4.6267519 | ... AC10: =IFERROR('Selected scen drivers'!AE8/'Selected scen drivers'!$F8,"") -> 0
B11: ='Selected scen drivers'!C9 -> Africa_Other | C11: ='Selected scen drivers'!D9 -> HOU | D11: =IFERROR('Selected scen drivers'!F9/'Selected scen drivers'!$F9,"") -> 1 | E11: =IFERROR('Selected scen drivers'!G9/'Selected scen drivers'!$F9,"") -> 1.0350406 | F11: =IFERROR('Selected scen drivers'!H9/'Selected scen drivers'!$F9,"") -> 1.2102436 | G11: =IFERROR('Selected scen drivers'!I9/'Selected scen drivers'!$F9,"") -> 1.4104304 | H11: =IFERROR('Selected scen drivers'!J9/'Selected scen drivers'!$F9,"") -> 1.6334493 | I11: =IFERROR('Selected scen drivers'!K9/'Selected scen drivers'!$F9,"") -> 1.8723423 | J11: =IFERROR('Selected scen drivers'!L9/'Selected scen drivers'!$F9,"") -> 2.1226868 | K11: =IFERROR('Selected scen drivers'!M9/'Selected scen drivers'!$F9,"") -> 2.37945 | ... AC11: =IFERROR('Selected scen drivers'!AE9/'Selected scen drivers'!$F9,"") -> 0
B12: ='Selected scen drivers'!C10 -> Africa_Other | C12: ='Selected scen drivers'!D10 -> POP | D12: =IFERROR('Selected scen drivers'!F10/'Selected scen drivers'!$F10,"") -> 1 | E12: =IFERROR('Selected scen drivers'!G10/'Selected scen drivers'!$F10,"") -> 1.0283596 | F12: =IFERROR('Selected scen drivers'!H10/'Selected scen drivers'!$F10,"") -> 1.1701579 | G12: =IFERROR('Selected scen drivers'!I10/'Selected scen drivers'!$F10,"") -> 1.3217839 | H12: =IFERROR('Selected scen drivers'!J10/'Selected scen drivers'!$F10,"") -> 1.4803216 | I12: =IFERROR('Selected scen drivers'!K10/'Selected scen drivers'!$F10,"") -> 1.643277 | J12: =IFERROR('Selected scen drivers'!L10/'Selected scen drivers'!$F10,"") -> 1.8078562 | K12: =IFERROR('Selected scen drivers'!M10/'Selected scen drivers'!$F10,"") -> 1.9711268 | ... AC12: =IFERROR('Selected scen drivers'!AE10/'Selected scen drivers'!$F10,"") -> 0
B13: ='Selected scen drivers'!C11 -> India | C13: ='Selected scen drivers'!D11 -> GDP | D13: =IFERROR('Selected scen drivers'!F11/'Selected scen drivers'!$F11,"") -> 1 | E13: =IFERROR('Selected scen drivers'!G11/'Selected scen drivers'!$F11,"") -> 1.0376239 | F13: =IFERROR('Selected scen drivers'!H11/'Selected scen drivers'!$F11,"") -> 1.4462721 | G13: =IFERROR('Selected scen drivers'!I11/'Selected scen drivers'!$F11,"") -> 1.9168484 | H13: =IFERROR('Selected scen drivers'!J11/'Selected scen drivers'!$F11,"") -> 2.4175631 | I13: =IFERROR('Selected scen drivers'!K11/'Selected scen drivers'!$F11,"") -> 2.958666 | J13: =IFERROR('Selected scen drivers'!L11/'Selected scen drivers'!$F11,"") -> 3.5407793 | K13: =IFERROR('Selected scen drivers'!M11/'Selected scen drivers'!$F11,"") -> 4.1652085 | ... AC13: =IFERROR('Selected scen drivers'!AE11/'Selected scen drivers'!$F11,"") -> 0
B14: ='Selected scen drivers'!C12 -> India | C14: ='Selected scen drivers'!D12 -> GDPAGR | D14: =IFERROR('Selected scen drivers'!F12/'Selected scen drivers'!$F12,"") -> 1 | E14: =IFERROR('Selected scen drivers'!G12/'Selected scen drivers'!$F12,"") -> 1.0376239 | F14: =IFERROR('Selected scen drivers'!H12/'Selected scen drivers'!$F12,"") -> 1.3992525 | G14: =IFERROR('Selected scen drivers'!I12/'Selected scen drivers'!$F12,"") -> 1.7922114 | H14: =IFERROR('Selected scen drivers'!J12/'Selected scen drivers'!$F12,"") -> 2.1817717 | I14: =IFERROR('Selected scen drivers'!K12/'Selected scen drivers'!$F12,"") -> 2.5739104 | J14: =IFERROR('Selected scen drivers'!L12/'Selected scen drivers'!$F12,"") -> 2.9652097 | K14: =IFERROR('Selected scen drivers'!M12/'Selected scen drivers'!$F12,"") -> 3.3527205 | ... AC14: =IFERROR('Selected scen drivers'!AE12/'Selected scen drivers'!$F12,"") -> 0
B15: ='Selected scen drivers'!C13 -> India | C15: ='Selected scen drivers'!D13 -> GDPIND | D15: =IFERROR('Selected scen drivers'!F13/'Selected scen drivers'!$F13,"") -> 1 | E15: =IFERROR('Selected scen drivers'!G13/'Selected scen drivers'!$F13,"") -> 1.0376239 | F15: =IFERROR('Selected scen drivers'!H13/'Selected scen drivers'!$F13,"") -> 1.4475328 | G15: =IFERROR('Selected scen drivers'!I13/'Selected scen drivers'!$F13,"") -> 1.9201901 | H15: =IFERROR('Selected scen drivers'!J13/'Selected scen drivers'!$F13,"") -> 2.4238852 | I15: =IFERROR('Selected scen drivers'!K13/'Selected scen drivers'!$F13,"") -> 2.9689821 | J15: =IFERROR('Selected scen drivers'!L13/'Selected scen drivers'!$F13,"") -> 3.5562115 | K15: =IFERROR('Selected scen drivers'!M13/'Selected scen drivers'!$F13,"") -> 4.186993 | ... AC15: =IFERROR('Selected scen drivers'!AE13/'Selected scen drivers'!$F13,"") -> 0
... B417: ='Selected scen drivers'!C415 | C417: ='Selected scen drivers'!D415 -> POP | D417: =IFERROR('Selected scen drivers'!F415/'Selected scen drivers'!$F415,"") | E417: =IFERROR('Selected scen drivers'!G415/'Selected scen drivers'!$F415,"") | F417: =IFERROR('Selected scen drivers'!H415/'Selected scen drivers'!$F415,"") | G417: =IFERROR('Selected scen drivers'!I415/'Selected scen drivers'!$F415,"") | H417: =IFERROR('Selected scen drivers'!J415/'Selected scen drivers'!$F415,"") | I417: =IFERROR('Selected scen drivers'!K415/'Selected scen drivers'!$F415,"") | J417: =IFERROR('Selected scen drivers'!L415/'Selected scen drivers'!$F415,"") | K417: =IFERROR('Selected scen drivers'!M415/'Selected scen drivers'!$F415,"") | ... AC417: =IFERROR('Selected scen drivers'!AE415/'Selected scen drivers'!$F415,"")

Sheet BYDem_tra
A1: scenario | B1: region | C1: attribute | D1: process | E1: commodity | F1: lim_type | G1: time_slice | H1: year | I1: commodity_group | J1: currency | K1: stage | L1: sow | M1: valfield | N1: year2
A2: BASE | B2: Africa_North | C2: Demand | D2: - | E2: TAD | F2: - | G2: - | H2: 2019 | I2: - | J2: - | K2: - | L2: - | M2: 28.904667 | N2: - | R2: Africa | S2: TAD
A3: BASE | B3: Africa_North | C3: Demand | D3: - | E3: TAI | F3: - | G3: - | H3: 2019 | I3: - | J3: - | K3: - | L3: - | M3: 99.12303 | N3: - | R3: Africa | S3: TAI
A4: BASE | B4: Africa_North | C4: Demand | D4: - | E4: TTF | F4: - | G4: - | H4: 2019 | I4: - | J4: - | K4: - | L4: - | M4: 7.171298 | N4: - | R4: Africa | S4: Trd_2w
A5: BASE | B5: Africa_North | C5: Demand | D5: - | E5: TTP | F5: - | G5: - | H5: 2019 | I5: - | J5: - | K5: - | L5: - | M5: 7.522599 | N5: - | R5: Africa | S5: Trd_3w
A6: BASE | B6: Africa_North | C6: Demand | D6: - | E6: TWD | F6: - | G6: - | H6: 2019 | I6: - | J6: - | K6: - | L6: - | M6: 12.033073 | N6: - | R6: Africa | S6: Trd_Bus
A7: BASE | B7: Africa_North | C7: Demand | D7: - | E7: TWI | F7: - | G7: - | H7: 2019 | I7: - | J7: - | K7: - | L7: - | M7: 35.846569 | N7: - | R7: Africa | S7: Trd_Car
A8: BASE | B8: Africa_North | C8: Demand | D8: - | E8: Trd_2w | F8: - | G8: - | H8: 2019 | I8: - | J8: - | K8: - | L8: - | M8: 247.982 | N8: - | R8: Africa | S8: Trd_Hdt
A9: BASE | B9: Africa_North | C9: Demand | D9: - | E9: Trd_3w | F9: - | G9: - | H9: 2019 | I9: - | J9: - | K9: - | L9: - | M9: 42.015 | N9: - | R9: Africa | S9: Trd_Lcv
A10: BASE | B10: Africa_North | C10: Demand | D10: - | E10: Trd_bus | F10: - | G10: - | H10: 2019 | I10: - | J10: - | K10: - | L10: - | M10: 26.355 | N10: - | R10: Africa | S10: TTF
A11: BASE | B11: Africa_North | C11: Demand | D11: - | E11: Trd_car | F11: - | G11: - | H11: 2019 | I11: - | J11: - | K11: - | L11: - | M11: 256.56 | N11: - | R11: Africa | S11: TTP
A12: BASE | B12: Africa_North | C12: Demand | D12: - | E12: Trd_hdt | F12: - | G12: - | H12: 2019 | I12: - | J12: - | K12: - | L12: - | M12: 62.8 | N12: - | R12: Africa | S12: TWD
A13: BASE | B13: Africa_North | C13: Demand | D13: - | E13: Trd_lcv | F13: - | G13: - | H13: 2019 | I13: - | J13: - | K13: - | L13: - | M13: 82.28 | N13: - | R13: Africa | S13: TWI
... A205: BASE | B205: Ireland | C205: Demand | D205: - | E205: Trd_lcv | F205: - | G205: - | H205: 2019 | I205: - | J205: - | K205: - | L205: - | M205: 6.28 | N205: - | R205: USA | S205: TWI
A206: BASE | B206: ItalyMal | C206: Demand | D206: - | E206: TAD | F206: - | G206: - | H206: 2019 | I206: - | J206: - | K206: - | L206: - | M206: 37.984525 | N206: -
A207: BASE | B207: ItalyMal | C207: Demand | D207: - | E207: TAI | F207: - | G207: - | H207: 2019 | I207: - | J207: - | K207: - | L207: - | M207: 173.05438 | N207: -
A208: BASE | B208: ItalyMal | C208: Demand | D208: - | E208: TTF | F208: - | G208: - | H208: 2019 | I208: - | J208: - | K208: - | L208: - | M208: 1.6486203 | N208: -
A209: BASE | B209: ItalyMal | C209: Demand | D209: - | E209: TTP | F209: - | G209: - | H209: 2019 | I209: - | J209: - | K209: - | L209: - | M209: 20.162648 | N209: -
A210: BASE | B210: ItalyMal | C210: Demand | D210: - | E210: TWD | F210: - | G210: - | H210: 2019 | I210: - | J210: - | K210: - | L210: - | M210: 25.939964 | N210: -
A211: BASE | B211: ItalyMal | C211: Demand | D211: - | E211: TWI | F211: - | G211: - | H211: 2019 | I211: - | J211: - | K211: - | L211: - | M211: 205.82852 | N211: -
A212: BASE | B212: ItalyMal | C212: Demand | D212: - | E212: Trd_2w | F212: - | G212: - | H212: 2019 | I212: - | J212: - | K212: - | L212: - | M212: 1.568 | N212: -
A213: BASE | B213: ItalyMal | C213: Demand | D213: - | E213: Trd_3w | F213: - | G213: - | H213: 2019 | I213: - | J213: - | K213: - | L213: - | M213: 0.93 | N213: -
A214: BASE | B214: ItalyMal | C214: Demand | D214: - | E214: Trd_bus | F214: - | G214: - | H214: 2019 | I214: - | J214: - | K214: - | L214: - | M214: 3.535 | N214: -
A215: BASE | B215: ItalyMal | C215: Demand | D215: - | E215: Trd_car | F215: - | G215: - | H215: 2019 | I215: - | J215: - | K215: - | L215: - | M215: 285.864 | N215: -
A216: BASE | B216: ItalyMal | C216: Demand | D216: - | E216: Trd_hdt | F216: - | G216: - | H216: 2019 | I216: - | J216: - | K216: - | L216: - | M216: 85 | N216: -
A217: BASE | B217: ItalyMal | C217: Demand | D217: - | E217: Trd_lcv | F217: - | G217: - | H217: 2019 | I217: - | J217: - | K217: - | L217: - | M217: 55.28 | N217: -
... A421: BASE | B421: WestBalkans | C421: Demand | D421: - | E421: Trd_lcv | F421: - | G421: - | H421: 2019 | I421: - | J421: - | K421: - | L421: - | M421: 11.49 | N421: -

Sheet Elasticities
C1: =C4 -> 2019 | D1: =D4 -> 2020 | E1: =E4 -> 2025 | F1: =F4 -> 2030 | G1: =G4 -> 2035 | H1: =H4 -> 2040 | I1: =I4 -> 2045 | J1: =J4 -> 2050 | ... AB1: =AB4 -> \I:
C4: ='SSP drivers'!F1 -> 2019 | D4: ='SSP drivers'!G1 -> 2020 | E4: ='SSP drivers'!H1 -> 2025 | F4: ='SSP drivers'!I1 -> 2030 | G4: ='SSP drivers'!J1 -> 2035 | H4: ='SSP drivers'!K1 -> 2040 | I4: ='SSP drivers'!L1 -> 2045 | J4: ='SSP drivers'!M1 -> 2050 | ... AB4: ='SSP drivers'!AE1 -> \I: | AD4: =C4 -> 2019 | AE4: 2060 | AF4: 2100
B5: AFRIOI | C5: {=TREND($AD5:$AE5,$AD$4:$AE$4,C$1)} -> 0.6 | D5: {=TREND($AD5:$AE5,$AD$4:$AE$4,D$1)} -> 0.59512195 | E5: {=TREND($AD5:$AE5,$AD$4:$AE$4,E$1)} -> 0.57073171 | F5: {=TREND($AD5:$AE5,$AD$4:$AE$4,F$1)} -> 0.54634146 | G5: {=TREND($AD5:$AE5,$AD$4:$AE$4,G$1)} -> 0.52195122 | H5: {=TREND($AD5:$AE5,$AD$4:$AE$4,H$1)} -> 0.49756098 | I5: {=TREND($AD5:$AE5,$AD$4:$AE$4,I$1)} -> 0.47317073 | J5: {=TREND($AD5:$AE5,$AD$4:$AE$4,J$1)} -> 0.44878049 | K5: {=TREND($AD5:$AE5,$AD$4:$AE$4,K$1)} -> 0.42439024 | L5: {=TREND($AE5:$AF5,$AE$4:$AF$4,L$1)} -> 0.4 | M5: {=TREND($AE5:$AF5,$AE$4:$AF$4,M$1)} -> 0.375 | N5: {=TREND($AE5:$AF5,$AE$4:$AF$4,N$1)} -> 0.35 | O5: {=TREND($AE5:$AF5,$AE$4:$AF$4,O$1)} -> 0.325 | P5: {=TREND($AE5:$AF5,$AE$4:$AF$4,P$1)} -> 0.3 | Q5: {=TREND($AE5:$AF5,$AE$4:$AF$4,Q$1)} -> 0.275 | R5: {=TREND($AE5:$AF5,$AE$4:$AF$4,R$1)} -> 0.25 | S5: {=TREND($AE5:$AF5,$AE$4:$AF$4,S$1)} -> 0.225 | ... AB5: {=TREND($AE5:$AF5,$AE$4:$AF$4,AB$1)} -> #VALUE! | AD5: 0.6 | AE5: 0.4 | AF5: 0.2
B6: AUSIOI | C6: {=TREND($AD6:$AE6,$AD$4:$AE$4,C$1)} -> 0.6 | D6: {=TREND($AD6:$AE6,$AD$4:$AE$4,D$1)} -> 0.59512195 | E6: {=TREND($AD6:$AE6,$AD$4:$AE$4,E$1)} -> 0.57073171 | F6: {=TREND($AD6:$AE6,$AD$4:$AE$4,F$1)} -> 0.54634146 | G6: {=TREND($AD6:$AE6,$AD$4:$AE$4,G$1)} -> 0.52195122 | H6: {=TREND($AD6:$AE6,$AD$4:$AE$4,H$1)} -> 0.49756098 | I6: {=TREND($AD6:$AE6,$AD$4:$AE$4,I$1)} -> 0.47317073 | J6: {=TREND($AD6:$AE6,$AD$4:$AE$4,J$1)} -> 0.44878049 | K6: {=TREND($AD6:$AE6,$AD$4:$AE$4,K$1)} -> 0.42439024 | L6: {=TREND($AE6:$AF6,$AE$4:$AF$4,L$1)} -> 0.4 | M6: {=TREND($AE6:$AF6,$AE$4:$AF$4,M$1)} -> 0.375 | N6: {=TREND($AE6:$AF6,$AE$4:$AF$4,N$1)} -> 0.35 | O6: {=TREND($AE6:$AF6,$AE$4:$AF$4,O$1)} -> 0.325 | P6: {=TREND($AE6:$AF6,$AE$4:$AF$4,P$1)} -> 0.3 | Q6: {=TREND($AE6:$AF6,$AE$4:$AF$4,Q$1)} -> 0.275 | R6: {=TREND($AE6:$AF6,$AE$4:$AF$4,R$1)} -> 0.25 | S6: {=TREND($AE6:$AF6,$AE$4:$AF$4,S$1)} -> 0.225 | ... AB6: {=TREND($AE6:$AF6,$AE$4:$AF$4,AB$1)} -> #VALUE! | AD6: 0.6 | AE6: 0.4 | AF6: 0.2
B7: CACIOI | C7: {=TREND($AD7:$AE7,$AD$4:$AE$4,C$1)} -> 0.6 | D7: {=TREND($AD7:$AE7,$AD$4:$AE$4,D$1)} -> 0.59512195 | E7: {=TREND($AD7:$AE7,$AD$4:$AE$4,E$1)} -> 0.57073171 | F7: {=TREND($AD7:$AE7,$AD$4:$AE$4,F$1)} -> 0.54634146 | G7: {=TREND($AD7:$AE7,$AD$4:$AE$4,G$1)} -> 0.52195122 | H7: {=TREND($AD7:$AE7,$AD$4:$AE$4,H$1)} -> 0.49756098 | I7: {=TREND($AD7:$AE7,$AD$4:$AE$4,I$1)} -> 0.47317073 | J7: {=TREND($AD7:$AE7,$AD$4:$AE$4,J$1)} -> 0.44878049 | K7: {=TREND($AD7:$AE7,$AD$4:$AE$4,K$1)} -> 0.42439024 | L7: {=TREND($AE7:$AF7,$AE$4:$AF$4,L$1)} -> 0.4 | M7: {=TREND($AE7:$AF7,$AE$4:$AF$4,M$1)} -> 0.375 | N7: {=TREND($AE7:$AF7,$AE$4:$AF$4,N$1)} -> 0.35 | O7: {=TREND($AE7:$AF7,$AE$4:$AF$4,O$1)} -> 0.325 | P7: {=TREND($AE7:$AF7,$AE$4:$AF$4,P$1)} -> 0.3 | Q7: {=TREND($AE7:$AF7,$AE$4:$AF$4,Q$1)} -> 0.275 | R7: {=TREND($AE7:$AF7,$AE$4:$AF$4,R$1)} -> 0.25 | S7: {=TREND($AE7:$AF7,$AE$4:$AF$4,S$1)} -> 0.225 | ... AB7: {=TREND($AE7:$AF7,$AE$4:$AF$4,AB$1)} -> #VALUE! | AD7: 0.6 | AE7: 0.4 | AF7: 0.2
B8: CANIOI | C8: {=TREND($AD8:$AE8,$AD$4:$AE$4,C$1)} -> 0.6 | D8: {=TREND($AD8:$AE8,$AD$4:$AE$4,D$1)} -> 0.59512195 | E8: {=TREND($AD8:$AE8,$AD$4:$AE$4,E$1)} -> 0.57073171 | F8: {=TREND($AD8:$AE8,$AD$4:$AE$4,F$1)} -> 0.54634146 | G8: {=TREND($AD8:$AE8,$AD$4:$AE$4,G$1)} -> 0.52195122 | H8: {=TREND($AD8:$AE8,$AD$4:$AE$4,H$1)} -> 0.49756098 | I8: {=TREND($AD8:$AE8,$AD$4:$AE$4,I$1)} -> 0.47317073 | J8: {=TREND($AD8:$AE8,$AD$4:$AE$4,J$1)} -> 0.44878049 | K8: {=TREND($AD8:$AE8,$AD$4:$AE$4,K$1)} -> 0.42439024 | L8: {=TREND($AE8:$AF8,$AE$4:$AF$4,L$1)} -> 0.4 | M8: {=TREND($AE8:$AF8,$AE$4:$AF$4,M$1)} -> 0.375 | N8: {=TREND($AE8:$AF8,$AE$4:$AF$4,N$1)} -> 0.35 | O8: {=TREND($AE8:$AF8,$AE$4:$AF$4,O$1)} -> 0.325 | P8: {=TREND($AE8:$AF8,$AE$4:$AF$4,P$1)} -> 0.3 | Q8: {=TREND($AE8:$AF8,$AE$4:$AF$4,Q$1)} -> 0.275 | R8: {=TREND($AE8:$AF8,$AE$4:$AF$4,R$1)} -> 0.25 | S8: {=TREND($AE8:$AF8,$AE$4:$AF$4,S$1)} -> 0.225 | ... AB8: {=TREND($AE8:$AF8,$AE$4:$AF$4,AB$1)} -> #VALUE! | AD8: 0.6 | AE8: 0.4 | AF8: 0.2
B9: CHII00 | C9: {=TREND($AD9:$AE9,$AD$4:$AE$4,C$1)} -> 0.5 | D9: {=TREND($AD9:$AE9,$AD$4:$AE$4,D$1)} -> 0.48780488 | E9: {=TREND($AD9:$AE9,$AD$4:$AE$4,E$1)} -> 0.42682927 | F9: {=TREND($AD9:$AE9,$AD$4:$AE$4,F$1)} -> 0.36585366 | G9: {=TREND($AD9:$AE9,$AD$4:$AE$4,G$1)} -> 0.30487805 | H9: {=TREND($AD9:$AE9,$AD$4:$AE$4,H$1)} -> 0.24390244 | I9: {=TREND($AD9:$AE9,$AD$4:$AE$4,I$1)} -> 0.18292683 | J9: {=TREND($AD9:$AE9,$AD$4:$AE$4,J$1)} -> 0.12195122 | K9: {=TREND($AD9:$AE9,$AD$4:$AE$4,K$1)} -> 0.06097561 | L9: {=TREND($AE9:$AF9,$AE$4:$AF$4,L$1)} -> 0 | M9: {=TREND($AE9:$AF9,$AE$4:$AF$4,M$1)} -> 0 | N9: {=TREND($AE9:$AF9,$AE$4:$AF$4,N$1)} -> 0 | O9: {=TREND($AE9:$AF9,$AE$4:$AF$4,O$1)} -> 0 | P9: {=TREND($AE9:$AF9,$AE$4:$AF$4,P$1)} -> 0 | Q9: {=TREND($AE9:$AF9,$AE$4:$AF$4,Q$1)} -> 0 | R9: {=TREND($AE9:$AF9,$AE$4:$AF$4,R$1)} -> 0 | S9: {=TREND($AE9:$AF9,$AE$4:$AF$4,S$1)} -> 0 | ... AB9: {=TREND($AE9:$AF9,$AE$4:$AF$4,AB$1)} -> #VALUE! | AD9: 0.5 | AE9: 0 | AF9: 0
B10: CHIICH | C10: {=TREND($AD10:$AE10,$AD$4:$AE$4,C$1)} -> 0.2 | D10: {=TREND($AD10:$AE10,$AD$4:$AE$4,D$1)} -> 0.19512195 | E10: {=TREND($AD10:$AE10,$AD$4:$AE$4,E$1)} -> 0.17073171 | F10: {=TREND($AD10:$AE10,$AD$4:$AE$4,F$1)} -> 0.14634146 | G10: {=TREND($AD10:$AE10,$AD$4:$AE$4,G$1)} -> 0.12195122 | H10: {=TREND($AD10:$AE10,$AD$4:$AE$4,H$1)} -> 0.097560976 | I10: {=TREND($AD10:$AE10,$AD$4:$AE$4,I$1)} -> 0.073170732 | J10: {=TREND($AD10:$AE10,$AD$4:$AE$4,J$1)} -> 0.048780488 | K10: {=TREND($AD10:$AE10,$AD$4:$AE$4,K$1)} -> 0.024390244 | L10: {=TREND($AE10:$AF10,$AE$4:$AF$4,L$1)} -> 0 | M10: {=TREND($AE10:$AF10,$AE$4:$AF$4,M$1)} -> 0 | N10: {=TREND($AE10:$AF10,$AE$4:$AF$4,N$1)} -> 0 | O10: {=TREND($AE10:$AF10,$AE$4:$AF$4,O$1)} -> 0 | P10: {=TREND($AE10:$AF10,$AE$4:$AF$4,P$1)} -> 0 | Q10: {=TREND($AE10:$AF10,$AE$4:$AF$4,Q$1)} -> 0 | R10: {=TREND($AE10:$AF10,$AE$4:$AF$4,R$1)} -> 0 | S10: {=TREND($AE10:$AF10,$AE$4:$AF$4,S$1)} -> 0 | ... AB10: {=TREND($AE10:$AF10,$AE$4:$AF$4,AB$1)} -> #VALUE! | AD10: 0.2 | AE10: 0 | AF10: 0
B11: CHIIIS | C11: {=TREND($AD11:$AE11,$AD$4:$AE$4,C$1)} -> 0.5 | D11: {=TREND($AD11:$AE11,$AD$4:$AE$4,D$1)} -> 0.48780488 | E11: {=TREND($AD11:$AE11,$AD$4:$AE$4,E$1)} -> 0.42682927 | F11: {=TREND($AD11:$AE11,$AD$4:$AE$4,F$1)} -> 0.36585366 | G11: {=TREND($AD11:$AE11,$AD$4:$AE$4,G$1)} -> 0.30487805 | H11: {=TREND($AD11:$AE11,$AD$4:$AE$4,H$1)} -> 0.24390244 | I11: {=TREND($AD11:$AE11,$AD$4:$AE$4,I$1)} -> 0.18292683 | J11: {=TREND($AD11:$AE11,$AD$4:$AE$4,J$1)} -> 0.12195122 | K11: {=TREND($AD11:$AE11,$AD$4:$AE$4,K$1)} -> 0.06097561 | L11: {=TREND($AE11:$AF11,$AE$4:$AF$4,L$1)} -> 3.5527137e-15 | M11: {=TREND($AE11:$AF11,$AE$4:$AF$4,M$1)} -> -0.0625 | N11: {=TREND($AE11:$AF11,$AE$4:$AF$4,N$1)} -> -0.125 | O11: {=TREND($AE11:$AF11,$AE$4:$AF$4,O$1)} -> -0.1875 | P11: {=TREND($AE11:$AF11,$AE$4:$AF$4,P$1)} -> -0.25 | Q11: {=TREND($AE11:$AF11,$AE$4:$AF$4,Q$1)} -> -0.3125 | R11: {=TREND($AE11:$AF11,$AE$4:$AF$4,R$1)} -> -0.375 | S11: {=TREND($AE11:$AF11,$AE$4:$AF$4,S$1)} -> -0.4375 | ... AB11: {=TREND($AE11:$AF11,$AE$4:$AF$4,AB$1)} -> #VALUE! | AD11: 0.5 | AE11: 0 | AF11: -0.5
B12: CHIILP | C12: {=TREND($AD12:$AE12,$AD$4:$AE$4,C$1)} -> 0.5 | D12: {=TREND($AD12:$AE12,$AD$4:$AE$4,D$1)} -> 0.48780488 | E12: {=TREND($AD12:$AE12,$AD$4:$AE$4,E$1)} -> 0.42682927 | F12: {=TREND($AD12:$AE12,$AD$4:$AE$4,F$1)} -> 0.36585366 | G12: {=TREND($AD12:$AE12,$AD$4:$AE$4,G$1)} -> 0.30487805 | H12: {=TREND($AD12:$AE12,$AD$4:$AE$4,H$1)} -> 0.24390244 | I12: {=TREND($AD12:$AE12,$AD$4:$AE$4,I$1)} -> 0.18292683 | J12: {=TREND($AD12:$AE12,$AD$4:$AE$4,J$1)} -> 0.12195122 | K12: {=TREND($AD12:$AE12,$AD$4:$AE$4,K$1)} -> 0.06097561 | L12: {=TREND($AE12:$AF12,$AE$4:$AF$4,L$1)} -> 0 | M12: {=TREND($AE12:$AF12,$AE$4:$AF$4,M$1)} -> 0 | N12: {=TREND($AE12:$AF12,$AE$4:$AF$4,N$1)} -> 0 | O12: {=TREND($AE12:$AF12,$AE$4:$AF$4,O$1)} -> 0 | P12: {=TREND($AE12:$AF12,$AE$4:$AF$4,P$1)} -> 0 | Q12: {=TREND($AE12:$AF12,$AE$4:$AF$4,Q$1)} -> 0 | R12: {=TREND($AE12:$AF12,$AE$4:$AF$4,R$1)} -> 0 | S12: {=TREND($AE12:$AF12,$AE$4:$AF$4,S$1)} -> 0 | ... AB12: {=TREND($AE12:$AF12,$AE$4:$AF$4,AB$1)} -> #VALUE! | AD12: 0.5 | AE12: 0 | AF12: 0
B13: CHIINF | C13: {=TREND($AD13:$AE13,$AD$4:$AE$4,C$1)} -> 0.5 | D13: {=TREND($AD13:$AE13,$AD$4:$AE$4,D$1)} -> 0.48780488 | E13: {=TREND($AD13:$AE13,$AD$4:$AE$4,E$1)} -> 0.42682927 | F13: {=TREND($AD13:$AE13,$AD$4:$AE$4,F$1)} -> 0.36585366 | G13: {=TREND($AD13:$AE13,$AD$4:$AE$4,G$1)} -> 0.30487805 | H13: {=TREND($AD13:$AE13,$AD$4:$AE$4,H$1)} -> 0.24390244 | I13: {=TREND($AD13:$AE13,$AD$4:$AE$4,I$1)} -> 0.18292683 | J13: {=TREND($AD13:$AE13,$AD$4:$AE$4,J$1)} -> 0.12195122 | K13: {=TREND($AD13:$AE13,$AD$4:$AE$4,K$1)} -> 0.06097561 | L13: {=TREND($AE13:$AF13,$AE$4:$AF$4,L$1)} -> 0 | M13: {=TREND($AE13:$AF13,$AE$4:$AF$4,M$1)} -> 0 | N13: {=TREND($AE13:$AF13,$AE$4:$AF$4,N$1)} -> 0 | O13: {=TREND($AE13:$AF13,$AE$4:$AF$4,O$1)} -> 0 | P13: {=TREND($AE13:$AF13,$AE$4:$AF$4,P$1)} -> 0 | Q13: {=TREND($AE13:$AF13,$AE$4:$AF$4,Q$1)} -> 0 | R13: {=TREND($AE13:$AF13,$AE$4:$AF$4,R$1)} -> 0 | S13: {=TREND($AE13:$AF13,$AE$4:$AF$4,S$1)} -> 0 | ... AB13: {=TREND($AE13:$AF13,$AE$4:$AF$4,AB$1)} -> #VALUE! | AD13: 0.5 | AE13: 0 | AF13: 0
B14: CHIINM | C14: {=TREND($AD14:$AE14,$AD$4:$AE$4,C$1)} -> -0.1 | D14: {=TREND($AD14:$AE14,$AD$4:$AE$4,D$1)} -> -0.10243902 | E14: {=TREND($AD14:$AE14,$AD$4:$AE$4,E$1)} -> -0.11463415 | F14: {=TREND($AD14:$AE14,$AD$4:$AE$4,F$1)} -> -0.12682927 | G14: {=TREND($AD14:$AE14,$AD$4:$AE$4,G$1)} -> -0.13902439 | H14: {=TREND($AD14:$AE14,$AD$4:$AE$4,H$1)} -> -0.15121951 | I14: {=TREND($AD14:$AE14,$AD$4:$AE$4,I$1)} -> -0.16341463 | J14: {=TREND($AD14:$AE14,$AD$4:$AE$4,J$1)} -> -0.17560976 | K14: {=TREND($AD14:$AE14,$AD$4:$AE$4,K$1)} -> -0.18780488 | L14: {=TREND($AE14:$AF14,$AE$4:$AF$4,L$1)} -> -0.2 | M14: {=TREND($AE14:$AF14,$AE$4:$AF$4,M$1)} -> -0.2375 | N14: {=TREND($AE14:$AF14,$AE$4:$AF$4,N$1)} -> -0.275 | O14: {=TREND($AE14:$AF14,$AE$4:$AF$4,O$1)} -> -0.3125 | P14: {=TREND($AE14:$AF14,$AE$4:$AF$4,P$1)} -> -0.35 | Q14: {=TREND($AE14:$AF14,$AE$4:$AF$4,Q$1)} -> -0.3875 | R14: {=TREND($AE14:$AF14,$AE$4:$AF$4,R$1)} -> -0.425 | S14: {=TREND($AE14:$AF14,$AE$4:$AF$4,S$1)} -> -0.4625 | ... AB14: {=TREND($AE14:$AF14,$AE$4:$AF$4,AB$1)} -> #VALUE! | AD14: -0.1 | AE14: -0.2 | AF14: -0.5
B15: CHIIOI | C15: {=TREND($AD15:$AE15,$AD$4:$AE$4,C$1)} -> 0.5 | D15: {=TREND($AD15:$AE15,$AD$4:$AE$4,D$1)} -> 0.49268293 | E15: {=TREND($AD15:$AE15,$AD$4:$AE$4,E$1)} -> 0.45609756 | F15: {=TREND($AD15:$AE15,$AD$4:$AE$4,F$1)} -> 0.4195122 | G15: {=TREND($AD15:$AE15,$AD$4:$AE$4,G$1)} -> 0.38292683 | H15: {=TREND($AD15:$AE15,$AD$4:$AE$4,H$1)} -> 0.34634146 | I15: {=TREND($AD15:$AE15,$AD$4:$AE$4,I$1)} -> 0.3097561 | J15: {=TREND($AD15:$AE15,$AD$4:$AE$4,J$1)} -> 0.27317073 | K15: {=TREND($AD15:$AE15,$AD$4:$AE$4,K$1)} -> 0.23658537 | L15: {=TREND($AE15:$AF15,$AE$4:$AF$4,L$1)} -> 0.2 | M15: {=TREND($AE15:$AF15,$AE$4:$AF$4,M$1)} -> 0.175 | N15: {=TREND($AE15:$AF15,$AE$4:$AF$4,N$1)} -> 0.15 | O15: {=TREND($AE15:$AF15,$AE$4:$AF$4,O$1)} -> 0.125 | P15: {=TREND($AE15:$AF15,$AE$4:$AF$4,P$1)} -> 0.1 | Q15: {=TREND($AE15:$AF15,$AE$4:$AF$4,Q$1)} -> 0.075 | R15: {=TREND($AE15:$AF15,$AE$4:$AF$4,R$1)} -> 0.05 | S15: {=TREND($AE15:$AF15,$AE$4:$AF$4,S$1)} -> 0.025 | ... AB15: {=TREND($AE15:$AF15,$AE$4:$AF$4,AB$1)} -> #VALUE! | AD15: 0.5 | AE15: 0.2 | AF15: 0
B16: Pek0 | C16: {=TREND($AD16:$AE16,$AD$4:$AE$4,C$1)} -> 0.5 | D16: {=TREND($AD16:$AE16,$AD$4:$AE$4,D$1)} -> 0.49268293 | E16: {=TREND($AD16:$AE16,$AD$4:$AE$4,E$1)} -> 0.45609756 | F16: {=TREND($AD16:$AE16,$AD$4:$AE$4,F$1)} -> 0.4195122 | G16: {=TREND($AD16:$AE16,$AD$4:$AE$4,G$1)} -> 0.38292683 | H16: {=TREND($AD16:$AE16,$AD$4:$AE$4,H$1)} -> 0.34634146 | I16: {=TREND($AD16:$AE16,$AD$4:$AE$4,I$1)} -> 0.3097561 | J16: {=TREND($AD16:$AE16,$AD$4:$AE$4,J$1)} -> 0.27317073 | K16: {=TREND($AD16:$AE16,$AD$4:$AE$4,K$1)} -> 0.23658537 | L16: {=TREND($AE16:$AF16,$AE$4:$AF$4,L$1)} -> 0.2 | M16: {=TREND($AE16:$AF16,$AE$4:$AF$4,M$1)} -> 0.175 | N16: {=TREND($AE16:$AF16,$AE$4:$AF$4,N$1)} -> 0.15 | O16: {=TREND($AE16:$AF16,$AE$4:$AF$4,O$1)} -> 0.125 | P16: {=TREND($AE16:$AF16,$AE$4:$AF$4,P$1)} -> 0.1 | Q16: {=TREND($AE16:$AF16,$AE$4:$AF$4,Q$1)} -> 0.075 | R16: {=TREND($AE16:$AF16,$AE$4:$AF$4,R$1)} -> 0.05 | S16: {=TREND($AE16:$AF16,$AE$4:$AF$4,S$1)} -> 0.025 | ... AB16: {=TREND($AE16:$AF16,$AE$4:$AF$4,AB$1)} -> #VALUE! | AD16: 0.5 | AE16: 0.2 | AF16: 0
B17: Pek1 | C17: {=TREND($AD17:$AE17,$AD$4:$AE$4,C$1)} -> 0.5 | D17: {=TREND($AD17:$AE17,$AD$4:$AE$4,D$1)} -> 0.48780488 | E17: {=TREND($AD17:$AE17,$AD$4:$AE$4,E$1)} -> 0.42682927 | F17: {=TREND($AD17:$AE17,$AD$4:$AE$4,F$1)} -> 0.36585366 | G17: {=TREND($AD17:$AE17,$AD$4:$AE$4,G$1)} -> 0.30487805 | H17: {=TREND($AD17:$AE17,$AD$4:$AE$4,H$1)} -> 0.24390244 | I17: {=TREND($AD17:$AE17,$AD$4:$AE$4,I$1)} -> 0.18292683 | J17: {=TREND($AD17:$AE17,$AD$4:$AE$4,J$1)} -> 0.12195122 | K17: {=TREND($AD17:$AE17,$AD$4:$AE$4,K$1)} -> 0.06097561 | L17: {=TREND($AE17:$AF17,$AE$4:$AF$4,L$1)} -> 3.5527137e-15 | M17: {=TREND($AE17:$AF17,$AE$4:$AF$4,M$1)} -> -0.0625 | N17: {=TREND($AE17:$AF17,$AE$4:$AF$4,N$1)} -> -0.125 | O17: {=TREND($AE17:$AF17,$AE$4:$AF$4,O$1)} -> -0.1875 | P17: {=TREND($AE17:$AF17,$AE$4:$AF$4,P$1)} -> -0.25 | Q17: {=TREND($AE17:$AF17,$AE$4:$AF$4,Q$1)} -> -0.3125 | R17: {=TREND($AE17:$AF17,$AE$4:$AF$4,R$1)} -> -0.375 | S17: {=TREND($AE17:$AF17,$AE$4:$AF$4,S$1)} -> -0.4375 | ... AB17: {=TREND($AE17:$AF17,$AE$4:$AF$4,AB$1)} -> #VALUE! | AD17: 0.5 | AE17: =AVERAGE(AD17,AF17) -> 0 | AF17: -0.5
B18: Pek2 | C18: {=TREND($AD18:$AE18,$AD$4:$AE$4,C$1)} -> 0.5 | D18: {=TREND($AD18:$AE18,$AD$4:$AE$4,D$1)} -> 0.48658537 | E18: {=TREND($AD18:$AE18,$AD$4:$AE$4,E$1)} -> 0.4195122 | F18: {=TREND($AD18:$AE18,$AD$4:$AE$4,F$1)} -> 0.35243902 | G18: {=TREND($AD18:$AE18,$AD$4:$AE$4,G$1)} -> 0.28536585 | H18: {=TREND($AD18:$AE18,$AD$4:$AE$4,H$1)} -> 0.21829268 | I18: {=TREND($AD18:$AE18,$AD$4:$AE$4,I$1)} -> 0.15121951 | J18: {=TREND($AD18:$AE18,$AD$4:$AE$4,J$1)} -> 0.084146341 | K18: {=TREND($AD18:$AE18,$AD$4:$AE$4,K$1)} -> 0.017073171 | L18: {=TREND($AE18:$AF18,$AE$4:$AF$4,L$1)} -> -0.05 | M18: {=TREND($AE18:$AF18,$AE$4:$AF$4,M$1)} -> -0.11875 | N18: {=TREND($AE18:$AF18,$AE$4:$AF$4,N$1)} -> -0.1875 | O18: {=TREND($AE18:$AF18,$AE$4:$AF$4,O$1)} -> -0.25625 | P18: {=TREND($AE18:$AF18,$AE$4:$AF$4,P$1)} -> -0.325 | Q18: {=TREND($AE18:$AF18,$AE$4:$AF$4,Q$1)} -> -0.39375 | R18: {=TREND($AE18:$AF18,$AE$4:$AF$4,R$1)} -> -0.4625 | S18: {=TREND($AE18:$AF18,$AE$4:$AF$4,S$1)} -> -0.53125 | ... AB18: {=TREND($AE18:$AF18,$AE$4:$AF$4,AB$1)} -> #VALUE! | AD18: 0.5 | AE18: =AVERAGE(AD18,AF18) -> -0.05 | AF18: -0.6
B19: Pek3 | C19: {=TREND($AD19:$AE19,$AD$4:$AE$4,C$1)} -> 0.5 | D19: {=TREND($AD19:$AE19,$AD$4:$AE$4,D$1)} -> 0.48536585 | E19: {=TREND($AD19:$AE19,$AD$4:$AE$4,E$1)} -> 0.41219512 | F19: {=TREND($AD19:$AE19,$AD$4:$AE$4,F$1)} -> 0.33902439 | G19: {=TREND($AD19:$AE19,$AD$4:$AE$4,G$1)} -> 0.26585366 | H19: {=TREND($AD19:$AE19,$AD$4:$AE$4,H$1)} -> 0.19268293 | I19: {=TREND($AD19:$AE19,$AD$4:$AE$4,I$1)} -> 0.1195122 | J19: {=TREND($AD19:$AE19,$AD$4:$AE$4,J$1)} -> 0.046341463 | K19: {=TREND($AD19:$AE19,$AD$4:$AE$4,K$1)} -> -0.026829268 | L19: {=TREND($AE19:$AF19,$AE$4:$AF$4,L$1)} -> -0.1 | M19: {=TREND($AE19:$AF19,$AE$4:$AF$4,M$1)} -> -0.175 | N19: {=TREND($AE19:$AF19,$AE$4:$AF$4,N$1)} -> -0.25 | O19: {=TREND($AE19:$AF19,$AE$4:$AF$4,O$1)} -> -0.325 | P19: {=TREND($AE19:$AF19,$AE$4:$AF$4,P$1)} -> -0.4 | Q19: {=TREND($AE19:$AF19,$AE$4:$AF$4,Q$1)} -> -0.475 | R19: {=TREND($AE19:$AF19,$AE$4:$AF$4,R$1)} -> -0.55 | S19: {=TREND($AE19:$AF19,$AE$4:$AF$4,S$1)} -> -0.625 | ... AB19: {=TREND($AE19:$AF19,$AE$4:$AF$4,AB$1)} -> #VALUE! | AD19: 0.5 | AE19: =AVERAGE(AD19,AF19) -> -0.1 | AF19: -0.7
B20: Pek4 | C20: {=TREND($AD20:$AE20,$AD$4:$AE$4,C$1)} -> 0.5 | D20: {=TREND($AD20:$AE20,$AD$4:$AE$4,D$1)} -> 0.46341463 | E20: {=TREND($AD20:$AE20,$AD$4:$AE$4,E$1)} -> 0.2804878 | F20: {=TREND($AD20:$AE20,$AD$4:$AE$4,F$1)} -> 0.097560976 | G20: {=TREND($AD20:$AE20,$AD$4:$AE$4,G$1)} -> -0.085365854 | H20: {=TREND($AD20:$AE20,$AD$4:$AE$4,H$1)} -> -0.26829268 | I20: {=TREND($AD20:$AE20,$AD$4:$AE$4,I$1)} -> -0.45121951 | J20: {=TREND($AD20:$AE20,$AD$4:$AE$4,J$1)} -> -0.63414634 | K20: {=TREND($AD20:$AE20,$AD$4:$AE$4,K$1)} -> -0.81707317 | L20: {=TREND($AE20:$AF20,$AE$4:$AF$4,L$1)} -> -1 | M20: {=TREND($AE20:$AF20,$AE$4:$AF$4,M$1)} -> -1.1875 | N20: {=TREND($AE20:$AF20,$AE$4:$AF$4,N$1)} -> -1.375 | O20: {=TREND($AE20:$AF20,$AE$4:$AF$4,O$1)} -> -1.5625 | P20: {=TREND($AE20:$AF20,$AE$4:$AF$4,P$1)} -> -1.75 | Q20: {=TREND($AE20:$AF20,$AE$4:$AF$4,Q$1)} -> -1.9375 | R20: {=TREND($AE20:$AF20,$AE$4:$AF$4,R$1)} -> -2.125 | S20: {=TREND($AE20:$AF20,$AE$4:$AF$4,S$1)} -> -2.3125 | ... AB20: {=TREND($AE20:$AF20,$AE$4:$AF$4,AB$1)} -> #VALUE! | AD20: 0.5 | AE20: =AVERAGE(AD20,AF20) -> -1 | AF20: -2.5
B21: Low1 | C21: {=TREND($AD21:$AE21,$AD$4:$AE$4,C$1)} -> 0.6 | D21: {=TREND($AD21:$AE21,$AD$4:$AE$4,D$1)} -> 0.59512195 | E21: {=TREND($AD21:$AE21,$AD$4:$AE$4,E$1)} -> 0.57073171 | F21: {=TREND($AD21:$AE21,$AD$4:$AE$4,F$1)} -> 0.54634146 | G21: {=TREND($AD21:$AE21,$AD$4:$AE$4,G$1)} -> 0.52195122 | H21: {=TREND($AD21:$AE21,$AD$4:$AE$4,H$1)} -> 0.49756098 | I21: {=TREND($AD21:$AE21,$AD$4:$AE$4,I$1)} -> 0.47317073 | J21: {=TREND($AD21:$AE21,$AD$4:$AE$4,J$1)} -> 0.44878049 | K21: {=TREND($AD21:$AE21,$AD$4:$AE$4,K$1)} -> 0.42439024 | L21: {=TREND($AE21:$AF21,$AE$4:$AF$4,L$1)} -> 0.4 | M21: {=TREND($AE21:$AF21,$AE$4:$AF$4,M$1)} -> 0.375 | N21: {=TREND($AE21:$AF21,$AE$4:$AF$4,N$1)} -> 0.35 | O21: {=TREND($AE21:$AF21,$AE$4:$AF$4,O$1)} -> 0.325 | P21: {=TREND($AE21:$AF21,$AE$4:$AF$4,P$1)} -> 0.3 | Q21: {=TREND($AE21:$AF21,$AE$4:$AF$4,Q$1)} -> 0.275 | R21: {=TREND($AE21:$AF21,$AE$4:$AF$4,R$1)} -> 0.25 | S21: {=TREND($AE21:$AF21,$AE$4:$AF$4,S$1)} -> 0.225 | ... AB21: {=TREND($AE21:$AF21,$AE$4:$AF$4,AB$1)} -> #VALUE! | AD21: 0.6 | AE21: =AVERAGE(AD21,AF21) -> 0.4 | AF21: 0.2
B22: Low2 | C22: {=TREND($AD22:$AE22,$AD$4:$AE$4,C$1)} -> 0.6 | D22: {=TREND($AD22:$AE22,$AD$4:$AE$4,D$1)} -> 0.59756098 | E22: {=TREND($AD22:$AE22,$AD$4:$AE$4,E$1)} -> 0.58536585 | F22: {=TREND($AD22:$AE22,$AD$4:$AE$4,F$1)} -> 0.57317073 | G22: {=TREND($AD22:$AE22,$AD$4:$AE$4,G$1)} -> 0.56097561 | H22: {=TREND($AD22:$AE22,$AD$4:$AE$4,H$1)} -> 0.54878049 | I22: {=TREND($AD22:$AE22,$AD$4:$AE$4,I$1)} -> 0.53658537 | J22: {=TREND($AD22:$AE22,$AD$4:$AE$4,J$1)} -> 0.52439024 | K22: {=TREND($AD22:$AE22,$AD$4:$AE$4,K$1)} -> 0.51219512 | L22: {=TREND($AE22:$AF22,$AE$4:$AF$4,L$1)} -> 0.5 | M22: {=TREND($AE22:$AF22,$AE$4:$AF$4,M$1)} -> 0.4875 | N22: {=TREND($AE22:$AF22,$AE$4:$AF$4,N$1)} -> 0.475 | O22: {=TREND($AE22:$AF22,$AE$4:$AF$4,O$1)} -> 0.4625 | P22: {=TREND($AE22:$AF22,$AE$4:$AF$4,P$1)} -> 0.45 | Q22: {=TREND($AE22:$AF22,$AE$4:$AF$4,Q$1)} -> 0.4375 | R22: {=TREND($AE22:$AF22,$AE$4:$AF$4,R$1)} -> 0.425 | S22: {=TREND($AE22:$AF22,$AE$4:$AF$4,S$1)} -> 0.4125 | ... AB22: {=TREND($AE22:$AF22,$AE$4:$AF$4,AB$1)} -> #VALUE! | AD22: 0.6 | AE22: =AVERAGE(AD22,AF22) -> 0.5 | AF22: 0.4
B23: Low3 | C23: {=TREND($AD23:$AE23,$AD$4:$AE$4,C$1)} -> 0.6 | D23: {=TREND($AD23:$AE23,$AD$4:$AE$4,D$1)} -> 0.6 | E23: {=TREND($AD23:$AE23,$AD$4:$AE$4,E$1)} -> 0.6 | F23: {=TREND($AD23:$AE23,$AD$4:$AE$4,F$1)} -> 0.6 | G23: {=TREND($AD23:$AE23,$AD$4:$AE$4,G$1)} -> 0.6 | H23: {=TREND($AD23:$AE23,$AD$4:$AE$4,H$1)} -> 0.6 | I23: {=TREND($AD23:$AE23,$AD$4:$AE$4,I$1)} -> 0.6 | J23: {=TREND($AD23:$AE23,$AD$4:$AE$4,J$1)} -> 0.6 | K23: {=TREND($AD23:$AE23,$AD$4:$AE$4,K$1)} -> 0.6 | L23: {=TREND($AE23:$AF23,$AE$4:$AF$4,L$1)} -> 0.6 | M23: {=TREND($AE23:$AF23,$AE$4:$AF$4,M$1)} -> 0.6 | N23: {=TREND($AE23:$AF23,$AE$4:$AF$4,N$1)} -> 0.6 | O23: {=TREND($AE23:$AF23,$AE$4:$AF$4,O$1)} -> 0.6 | P23: {=TREND($AE23:$AF23,$AE$4:$AF$4,P$1)} -> 0.6 | Q23: {=TREND($AE23:$AF23,$AE$4:$AF$4,Q$1)} -> 0.6 | R23: {=TREND($AE23:$AF23,$AE$4:$AF$4,R$1)} -> 0.6 | S23: {=TREND($AE23:$AF23,$AE$4:$AF$4,S$1)} -> 0.6 | ... AB23: {=TREND($AE23:$AF23,$AE$4:$AF$4,AB$1)} -> #VALUE! | AD23: 0.6 | AE23: =AVERAGE(AD23,AF23) -> 0.6 | AF23: 0.6
B24: Med1 | C24: {=TREND($AD24:$AE24,$AD$4:$AE$4,C$1)} -> 0.8 | D24: {=TREND($AD24:$AE24,$AD$4:$AE$4,D$1)} -> 0.79512195 | E24: {=TREND($AD24:$AE24,$AD$4:$AE$4,E$1)} -> 0.77073171 | F24: {=TREND($AD24:$AE24,$AD$4:$AE$4,F$1)} -> 0.74634146 | G24: {=TREND($AD24:$AE24,$AD$4:$AE$4,G$1)} -> 0.72195122 | H24: {=TREND($AD24:$AE24,$AD$4:$AE$4,H$1)} -> 0.69756098 | I24: {=TREND($AD24:$AE24,$AD$4:$AE$4,I$1)} -> 0.67317073 | J24: {=TREND($AD24:$AE24,$AD$4:$AE$4,J$1)} -> 0.64878049 | K24: {=TREND($AD24:$AE24,$AD$4:$AE$4,K$1)} -> 0.62439024 | L24: {=TREND($AE24:$AF24,$AE$4:$AF$4,L$1)} -> 0.6 | M24: {=TREND($AE24:$AF24,$AE$4:$AF$4,M$1)} -> 0.575 | N24: {=TREND($AE24:$AF24,$AE$4:$AF$4,N$1)} -> 0.55 | O24: {=TREND($AE24:$AF24,$AE$4:$AF$4,O$1)} -> 0.525 | P24: {=TREND($AE24:$AF24,$AE$4:$AF$4,P$1)} -> 0.5 | Q24: {=TREND($AE24:$AF24,$AE$4:$AF$4,Q$1)} -> 0.475 | R24: {=TREND($AE24:$AF24,$AE$4:$AF$4,R$1)} -> 0.45 | S24: {=TREND($AE24:$AF24,$AE$4:$AF$4,S$1)} -> 0.425 | ... AB24: {=TREND($AE24:$AF24,$AE$4:$AF$4,AB$1)} -> #VALUE! | AD24: 0.8 | AE24: =AVERAGE(AD24,AF24) -> 0.6 | AF24: 0.4
B25: Med2 | C25: {=TREND($AD25:$AE25,$AD$4:$AE$4,C$1)} -> 0.8 | D25: {=TREND($AD25:$AE25,$AD$4:$AE$4,D$1)} -> 0.79756098 | E25: {=TREND($AD25:$AE25,$AD$4:$AE$4,E$1)} -> 0.78536585 | F25: {=TREND($AD25:$AE25,$AD$4:$AE$4,F$1)} -> 0.77317073 | G25: {=TREND($AD25:$AE25,$AD$4:$AE$4,G$1)} -> 0.76097561 | H25: {=TREND($AD25:$AE25,$AD$4:$AE$4,H$1)} -> 0.74878049 | I25: {=TREND($AD25:$AE25,$AD$4:$AE$4,I$1)} -> 0.73658537 | J25: {=TREND($AD25:$AE25,$AD$4:$AE$4,J$1)} -> 0.72439024 | K25: {=TREND($AD25:$AE25,$AD$4:$AE$4,K$1)} -> 0.71219512 | L25: {=TREND($AE25:$AF25,$AE$4:$AF$4,L$1)} -> 0.7 | M25: {=TREND($AE25:$AF25,$AE$4:$AF$4,M$1)} -> 0.6875 | N25: {=TREND($AE25:$AF25,$AE$4:$AF$4,N$1)} -> 0.675 | O25: {=TREND($AE25:$AF25,$AE$4:$AF$4,O$1)} -> 0.6625 | P25: {=TREND($AE25:$AF25,$AE$4:$AF$4,P$1)} -> 0.65 | Q25: {=TREND($AE25:$AF25,$AE$4:$AF$4,Q$1)} -> 0.6375 | R25: {=TREND($AE25:$AF25,$AE$4:$AF$4,R$1)} -> 0.625 | S25: {=TREND($AE25:$AF25,$AE$4:$AF$4,S$1)} -> 0.6125 | ... AB25: {=TREND($AE25:$AF25,$AE$4:$AF$4,AB$1)} -> #VALUE! | AD25: 0.8 | AE25: =AVERAGE(AD25,AF25) -> 0.7 | AF25: 0.6
B26: Med3 | C26: {=TREND($AD26:$AE26,$AD$4:$AE$4,C$1)} -> 0.8 | D26: {=TREND($AD26:$AE26,$AD$4:$AE$4,D$1)} -> 0.8 | E26: {=TREND($AD26:$AE26,$AD$4:$AE$4,E$1)} -> 0.8 | F26: {=TREND($AD26:$AE26,$AD$4:$AE$4,F$1)} -> 0.8 | G26: {=TREND($AD26:$AE26,$AD$4:$AE$4,G$1)} -> 0.8 | H26: {=TREND($AD26:$AE26,$AD$4:$AE$4,H$1)} -> 0.8 | I26: {=TREND($AD26:$AE26,$AD$4:$AE$4,I$1)} -> 0.8 | J26: {=TREND($AD26:$AE26,$AD$4:$AE$4,J$1)} -> 0.8 | K26: {=TREND($AD26:$AE26,$AD$4:$AE$4,K$1)} -> 0.8 | L26: {=TREND($AE26:$AF26,$AE$4:$AF$4,L$1)} -> 0.8 | M26: {=TREND($AE26:$AF26,$AE$4:$AF$4,M$1)} -> 0.8 | N26: {=TREND($AE26:$AF26,$AE$4:$AF$4,N$1)} -> 0.8 | O26: {=TREND($AE26:$AF26,$AE$4:$AF$4,O$1)} -> 0.8 | P26: {=TREND($AE26:$AF26,$AE$4:$AF$4,P$1)} -> 0.8 | Q26: {=TREND($AE26:$AF26,$AE$4:$AF$4,Q$1)} -> 0.8 | R26: {=TREND($AE26:$AF26,$AE$4:$AF$4,R$1)} -> 0.8 | S26: {=TREND($AE26:$AF26,$AE$4:$AF$4,S$1)} -> 0.8 | ... AB26: {=TREND($AE26:$AF26,$AE$4:$AF$4,AB$1)} -> #VALUE! | AD26: 0.8 | AE26: =AVERAGE(AD26,AF26) -> 0.8 | AF26: 0.8
B27: High1 | C27: {=TREND($AD27:$AE27,$AD$4:$AE$4,C$1)} -> 1 | D27: {=TREND($AD27:$AE27,$AD$4:$AE$4,D$1)} -> 0.99512195 | E27: {=TREND($AD27:$AE27,$AD$4:$AE$4,E$1)} -> 0.97073171 | F27: {=TREND($AD27:$AE27,$AD$4:$AE$4,F$1)} -> 0.94634146 | G27: {=TREND($AD27:$AE27,$AD$4:$AE$4,G$1)} -> 0.92195122 | H27: {=TREND($AD27:$AE27,$AD$4:$AE$4,H$1)} -> 0.89756098 | I27: {=TREND($AD27:$AE27,$AD$4:$AE$4,I$1)} -> 0.87317073 | J27: {=TREND($AD27:$AE27,$AD$4:$AE$4,J$1)} -> 0.84878049 | K27: {=TREND($AD27:$AE27,$AD$4:$AE$4,K$1)} -> 0.82439024 | L27: {=TREND($AE27:$AF27,$AE$4:$AF$4,L$1)} -> 0.8 | M27: {=TREND($AE27:$AF27,$AE$4:$AF$4,M$1)} -> 0.775 | N27: {=TREND($AE27:$AF27,$AE$4:$AF$4,N$1)} -> 0.75 | O27: {=TREND($AE27:$AF27,$AE$4:$AF$4,O$1)} -> 0.725 | P27: {=TREND($AE27:$AF27,$AE$4:$AF$4,P$1)} -> 0.7 | Q27: {=TREND($AE27:$AF27,$AE$4:$AF$4,Q$1)} -> 0.675 | R27: {=TREND($AE27:$AF27,$AE$4:$AF$4,R$1)} -> 0.65 | S27: {=TREND($AE27:$AF27,$AE$4:$AF$4,S$1)} -> 0.625 | ... AB27: {=TREND($AE27:$AF27,$AE$4:$AF$4,AB$1)} -> #VALUE! | AD27: 1 | AE27: =AVERAGE(AD27,AF27) -> 0.8 | AF27: 0.6
B28: High2 | C28: {=TREND($AD28:$AE28,$AD$4:$AE$4,C$1)} -> 1 | D28: {=TREND($AD28:$AE28,$AD$4:$AE$4,D$1)} -> 0.99756098 | E28: {=TREND($AD28:$AE28,$AD$4:$AE$4,E$1)} -> 0.98536585 | F28: {=TREND($AD28:$AE28,$AD$4:$AE$4,F$1)} -> 0.97317073 | G28: {=TREND($AD28:$AE28,$AD$4:$AE$4,G$1)} -> 0.96097561 | H28: {=TREND($AD28:$AE28,$AD$4:$AE$4,H$1)} -> 0.94878049 | I28: {=TREND($AD28:$AE28,$AD$4:$AE$4,I$1)} -> 0.93658537 | J28: {=TREND($AD28:$AE28,$AD$4:$AE$4,J$1)} -> 0.92439024 | K28: {=TREND($AD28:$AE28,$AD$4:$AE$4,K$1)} -> 0.91219512 | L28: {=TREND($AE28:$AF28,$AE$4:$AF$4,L$1)} -> 0.9 | M28: {=TREND($AE28:$AF28,$AE$4:$AF$4,M$1)} -> 0.8875 | N28: {=TREND($AE28:$AF28,$AE$4:$AF$4,N$1)} -> 0.875 | O28: {=TREND($AE28:$AF28,$AE$4:$AF$4,O$1)} -> 0.8625 | P28: {=TREND($AE28:$AF28,$AE$4:$AF$4,P$1)} -> 0.85 | Q28: {=TREND($AE28:$AF28,$AE$4:$AF$4,Q$1)} -> 0.8375 | R28: {=TREND($AE28:$AF28,$AE$4:$AF$4,R$1)} -> 0.825 | S28: {=TREND($AE28:$AF28,$AE$4:$AF$4,S$1)} -> 0.8125 | ... AB28: {=TREND($AE28:$AF28,$AE$4:$AF$4,AB$1)} -> #VALUE! | AD28: 1 | AE28: =AVERAGE(AD28,AF28) -> 0.9 | AF28: 0.8
B29: High3 | C29: {=TREND($AD29:$AE29,$AD$4:$AE$4,C$1)} -> 1 | D29: {=TREND($AD29:$AE29,$AD$4:$AE$4,D$1)} -> 1 | E29: {=TREND($AD29:$AE29,$AD$4:$AE$4,E$1)} -> 1 | F29: {=TREND($AD29:$AE29,$AD$4:$AE$4,F$1)} -> 1 | G29: {=TREND($AD29:$AE29,$AD$4:$AE$4,G$1)} -> 1 | H29: {=TREND($AD29:$AE29,$AD$4:$AE$4,H$1)} -> 1 | I29: {=TREND($AD29:$AE29,$AD$4:$AE$4,I$1)} -> 1 | J29: {=TREND($AD29:$AE29,$AD$4:$AE$4,J$1)} -> 1 | K29: {=TREND($AD29:$AE29,$AD$4:$AE$4,K$1)} -> 1 | L29: {=TREND($AE29:$AF29,$AE$4:$AF$4,L$1)} -> 1 | M29: {=TREND($AE29:$AF29,$AE$4:$AF$4,M$1)} -> 1 | N29: {=TREND($AE29:$AF29,$AE$4:$AF$4,N$1)} -> 1 | O29: {=TREND($AE29:$AF29,$AE$4:$AF$4,O$1)} -> 1 | P29: {=TREND($AE29:$AF29,$AE$4:$AF$4,P$1)} -> 1 | Q29: {=TREND($AE29:$AF29,$AE$4:$AF$4,Q$1)} -> 1 | R29: {=TREND($AE29:$AF29,$AE$4:$AF$4,R$1)} -> 1 | S29: {=TREND($AE29:$AF29,$AE$4:$AF$4,S$1)} -> 1 | ... AB29: {=TREND($AE29:$AF29,$AE$4:$AF$4,AB$1)} -> #VALUE! | AD29: 1 | AE29: =AVERAGE(AD29,AF29) -> 1 | AF29: 1
B30: High4 | C30: {=TREND($AD30:$AE30,$AD$4:$AE$4,C$1)} -> 1.75 | D30: {=TREND($AD30:$AE30,$AD$4:$AE$4,D$1)} -> 1.7390244 | E30: {=TREND($AD30:$AE30,$AD$4:$AE$4,E$1)} -> 1.6841463 | F30: {=TREND($AD30:$AE30,$AD$4:$AE$4,F$1)} -> 1.6292683 | G30: {=TREND($AD30:$AE30,$AD$4:$AE$4,G$1)} -> 1.5743902 | H30: {=TREND($AD30:$AE30,$AD$4:$AE$4,H$1)} -> 1.5195122 | I30: {=TREND($AD30:$AE30,$AD$4:$AE$4,I$1)} -> 1.4646341 | J30: {=TREND($AD30:$AE30,$AD$4:$AE$4,J$1)} -> 1.4097561 | K30: {=TREND($AD30:$AE30,$AD$4:$AE$4,K$1)} -> 1.354878 | L30: {=TREND($AE30:$AF30,$AE$4:$AF$4,L$1)} -> 1.3 | M30: {=TREND($AE30:$AF30,$AE$4:$AF$4,M$1)} -> 1.2625 | N30: {=TREND($AE30:$AF30,$AE$4:$AF$4,N$1)} -> 1.225 | O30: {=TREND($AE30:$AF30,$AE$4:$AF$4,O$1)} -> 1.1875 | P30: {=TREND($AE30:$AF30,$AE$4:$AF$4,P$1)} -> 1.15 | Q30: {=TREND($AE30:$AF30,$AE$4:$AF$4,Q$1)} -> 1.1125 | R30: {=TREND($AE30:$AF30,$AE$4:$AF$4,R$1)} -> 1.075 | S30: {=TREND($AE30:$AF30,$AE$4:$AF$4,S$1)} -> 1.0375 | ... AB30: {=TREND($AE30:$AF30,$AE$4:$AF$4,AB$1)} -> #VALUE! | AD30: 1.75 | AE30: 1.3 | AF30: 1

Sheet Default drvr and elast
A1: Developed | U1: Emerging
B3: Dev | C3: Eme | D3: Dev | E3: Eme | F3: Chi | G3: GDP | H3: POP | I3: HOU | J3: GDPPCAP | K3: GDPAGR | L3: GDPMFG | M3: PISNF | N3: PCHEM | O3: POEI | P3: GDPIND | Q3: GDPSER | R3: Constant | S3: GDPPHOU | V3: =G3 -> GDP | W3: =H3 -> POP | X3: =I3 -> HOU | Y3: =J3 -> GDPPCAP | Z3: =K3 -> GDPAGR | AA3: =L3 -> GDPMFG | AB3: =M3 -> PISNF | AC3: =N3 -> PCHEM | ... AH3: =S3 -> GDPPHOU
A4: Trd_car | B4: =OFFSET($F$3,0,MATCH("Y",$G4:$S4,0)) -> GDPPCAP | C4: =OFFSET($U$3,0,MATCH("Y",$V4:$AH4,0)) -> GDPPCAP | D4: Med2 | E4: High2 | F4: Med1 | J4: Y | U4: =A4 -> Trd_car | Y4: Y
A5: Trd_bus | B5: =OFFSET($F$3,0,MATCH("Y",$G5:$S5,0)) -> POP | C5: =OFFSET($U$3,0,MATCH("Y",$V5:$AH5,0)) -> POP | D5: Med2 | E5: High2 | F5: Med1 | H5: Y | U5: =A5 -> Trd_bus | W5: Y
A6: Trd_lcv | B6: =OFFSET($F$3,0,MATCH("Y",$G6:$S6,0)) -> GDP | C6: =OFFSET($U$3,0,MATCH("Y",$V6:$AH6,0)) -> GDP | D6: Med2 | E6: High2 | F6: Med1 | G6: Y | U6: =A6 -> Trd_lcv | V6: Y
A7: Trd_hdt | B7: =OFFSET($F$3,0,MATCH("Y",$G7:$S7,0)) -> GDP | C7: =OFFSET($U$3,0,MATCH("Y",$V7:$AH7,0)) -> GDP | D7: Med2 | E7: High2 | F7: Med1 | G7: Y | U7: =A7 -> Trd_hdt | V7: Y
A8: Trd_2w | B8: =OFFSET($F$3,0,MATCH("Y",$G8:$S8,0)) -> POP | C8: =OFFSET($U$3,0,MATCH("Y",$V8:$AH8,0)) -> POP | D8: Med2 | E8: High2 | F8: Med1 | H8: Y | U8: =A8 -> Trd_2w | W8: Y
A9: Trd_3w | B9: =OFFSET($F$3,0,MATCH("Y",$G9:$S9,0)) -> POP | C9: =OFFSET($U$3,0,MATCH("Y",$V9:$AH9,0)) -> POP | D9: Med2 | E9: High2 | F9: Med1 | H9: Y | U9: =A9 -> Trd_3w | W9: Y
A10: TAI | B10: =OFFSET($F$3,0,MATCH("Y",$G10:$S10,0)) -> GDP | C10: =OFFSET($U$3,0,MATCH("Y",$V10:$AH10,0)) -> GDP | D10: Med2 | E10: High2 | F10: Med1 | G10: Y | U10: =A10 -> TAI | V10: Y
A11: TAD | B11: =OFFSET($F$3,0,MATCH("Y",$G11:$S11,0)) -> GDP | C11: =OFFSET($U$3,0,MATCH("Y",$V11:$AH11,0)) -> GDP | D11: Med2 | E11: High2 | F11: Med1 | G11: Y | U11: =A11 -> TAD | V11: Y
A12: TTF | B12: =OFFSET($F$3,0,MATCH("Y",$G12:$S12,0)) -> GDP | C12: =OFFSET($U$3,0,MATCH("Y",$V12:$AH12,0)) -> GDP | D12: Med2 | E12: High2 | F12: Med1 | G12: Y | U12: =A12 -> TTF | V12: Y
A13: TTP | B13: =OFFSET($F$3,0,MATCH("Y",$G13:$S13,0)) -> POP | C13: =OFFSET($U$3,0,MATCH("Y",$V13:$AH13,0)) -> POP | D13: Med2 | E13: High2 | F13: Med1 | H13: Y | U13: =A13 -> TTP | W13: Y
A14: TWD | B14: =OFFSET($F$3,0,MATCH("Y",$G14:$S14,0)) -> GDP | C14: =OFFSET($U$3,0,MATCH("Y",$V14:$AH14,0)) -> GDP | D14: Med2 | E14: High2 | F14: Med1 | G14: Y | U14: =A14 -> TWD | V14: Y
A15: TWI | B15: =OFFSET($F$3,0,MATCH("Y",$G15:$S15,0)) -> GDP | C15: =OFFSET($U$3,0,MATCH("Y",$V15:$AH15,0)) -> GDP | D15: Med2 | E15: High2 | F15: Med1 | G15: Y | U15: =A15 -> TWI | V15: Y
A16: NEU | B16: =OFFSET($F$3,0,MATCH("Y",$G16:$S16,0)) -> GDP | C16: =OFFSET($U$3,0,MATCH("Y",$V16:$AH16,0)) -> GDP | D16: Med2 | E16: High2 | F16: Med1 | G16: Y | U16: =A16 -> NEU | V16: Y
A17: RSH | B17: =OFFSET($F$3,0,MATCH("Y",$G17:$S17,0)) -> GDPPHOU | C17: =OFFSET($U$3,0,MATCH("Y",$V17:$AH17,0)) -> GDP | D17: High1 | E17: High1 | F17: Pek3 | S17: Y | U17: =A17 -> RSH | V17: Y
A18: RSC | B18: =OFFSET($F$3,0,MATCH("Y",$G18:$S18,0)) -> GDPPHOU | C18: =OFFSET($U$3,0,MATCH("Y",$V18:$AH18,0)) -> GDP | D18: High2 | E18: High4 | F18: Med1 | S18: Y | U18: =A18 -> RSC | V18: Y
A19: RHW | B19: =OFFSET($F$3,0,MATCH("Y",$G19:$S19,0)) -> POP | C19: =OFFSET($U$3,0,MATCH("Y",$V19:$AH19,0)) -> GDPPCAP | D19: Med2 | E19: High2 | F19: Low2 | H19: Y | U19: =A19 -> RHW | Y19: Y
A20: RLI | B20: =OFFSET($F$3,0,MATCH("Y",$G20:$S20,0)) -> GDPPHOU | C20: =OFFSET($U$3,0,MATCH("Y",$V20:$AH20,0)) -> GDPPCAP | D20: Med2 | E20: High2 | F20: Med1 | S20: Y | U20: =A20 -> RLI | Y20: Y
A21: RCK | B21: =OFFSET($F$3,0,MATCH("Y",$G21:$S21,0)) -> POP | C21: =OFFSET($U$3,0,MATCH("Y",$V21:$AH21,0)) -> POP | D21: Med2 | E21: High2 | F21: Med1 | H21: Y | U21: =A21 -> RCK | W21: Y
A22: RRF | B22: =OFFSET($F$3,0,MATCH("Y",$G22:$S22,0)) -> GDPPHOU | C22: =OFFSET($U$3,0,MATCH("Y",$V22:$AH22,0)) -> GDPPHOU | D22: Med2 | E22: High2 | F22: Med1 | S22: Y | U22: =A22 -> RRF | AH22: Y
A23: RCW | B23: =OFFSET($F$3,0,MATCH("Y",$G23:$S23,0)) -> GDPPHOU | C23: =OFFSET($U$3,0,MATCH("Y",$V23:$AH23,0)) -> GDPPHOU | D23: Med2 | E23: High2 | F23: Med1 | S23: Y | U23: =A23 -> RCW | AH23: Y
A24: RCD | B24: =OFFSET($F$3,0,MATCH("Y",$G24:$S24,0)) -> GDPPHOU | C24: =OFFSET($U$3,0,MATCH("Y",$V24:$AH24,0)) -> GDPPHOU | D24: Med2 | E24: High2 | F24: Med1 | S24: Y | U24: =A24 -> RCD | AH24: Y
A25: RDW | B25: =OFFSET($F$3,0,MATCH("Y",$G25:$S25,0)) -> GDPPHOU | C25: =OFFSET($U$3,0,MATCH("Y",$V25:$AH25,0)) -> GDPPHOU | D25: Med2 | E25: High2 | F25: Med1 | S25: Y | U25: =A25 -> RDW | AH25: Y
A26: REA | B26: =OFFSET($F$3,0,MATCH("Y",$G26:$S26,0)) -> GDP | C26: =OFFSET($U$3,0,MATCH("Y",$V26:$AH26,0)) -> GDP | D26: High2 | E26: High4 | F26: High2 | G26: Y | U26: =A26 -> REA | V26: Y
A27: ROT | B27: =OFFSET($F$3,0,MATCH("Y",$G27:$S27,0)) -> GDPPHOU | C27: =OFFSET($U$3,0,MATCH("Y",$V27:$AH27,0)) -> GDPPHOU | D27: Med2 | E27: High2 | F27: Med1 | S27: Y | U27: =A27 -> ROT | AH27: Y
A28: CSH | B28: =OFFSET($F$3,0,MATCH("Y",$G28:$S28,0)) -> GDPSER | C28: =OFFSET($U$3,0,MATCH("Y",$V28:$AH28,0)) -> GDPSER | D28: Med2 | E28: High2 | F28: Med1 | Q28: Y | U28: =A28 -> CSH | AF28: Y
A29: CSC | B29: =OFFSET($F$3,0,MATCH("Y",$G29:$S29,0)) -> GDPSER | C29: =OFFSET($U$3,0,MATCH("Y",$V29:$AH29,0)) -> GDPSER | D29: Med2 | E29: High2 | F29: Med1 | Q29: Y | U29: =A29 -> CSC | AF29: Y
A30: CHW | B30: =OFFSET($F$3,0,MATCH("Y",$G30:$S30,0)) -> GDPSER | C30: =OFFSET($U$3,0,MATCH("Y",$V30:$AH30,0)) -> GDPSER | D30: Med2 | E30: High2 | F30: Med1 | Q30: Y | U30: =A30 -> CHW | AF30: Y
A31: CLA | B31: =OFFSET($F$3,0,MATCH("Y",$G31:$S31,0)) -> GDPSER | C31: =OFFSET($U$3,0,MATCH("Y",$V31:$AH31,0)) -> GDPSER | D31: Med2 | E31: High2 | F31: Med1 | Q31: Y | U31: =A31 -> CLA | AF31: Y
A32: CCK | B32: =OFFSET($F$3,0,MATCH("Y",$G32:$S32,0)) -> GDPSER | C32: =OFFSET($U$3,0,MATCH("Y",$V32:$AH32,0)) -> GDPSER | D32: Med2 | E32: High2 | F32: Med1 | Q32: Y | U32: =A32 -> CCK | AF32: Y
A33: CRF | B33: =OFFSET($F$3,0,MATCH("Y",$G33:$S33,0)) -> GDPSER | C33: =OFFSET($U$3,0,MATCH("Y",$V33:$AH33,0)) -> GDPSER | D33: Med2 | E33: High2 | F33: Med1 | Q33: Y | U33: =A33 -> CRF | AF33: Y
A34: COE | B34: =OFFSET($F$3,0,MATCH("Y",$G34:$S34,0)) -> GDPSER | C34: =OFFSET($U$3,0,MATCH("Y",$V34:$AH34,0)) -> GDPSER | D34: Med2 | E34: High2 | F34: Med1 | Q34: Y | U34: =A34 -> COE | AF34: Y
A35: COT | B35: =OFFSET($F$3,0,MATCH("Y",$G35:$S35,0)) -> GDPSER | C35: =OFFSET($U$3,0,MATCH("Y",$V35:$AH35,0)) -> GDPSER | D35: Med2 | E35: High2 | F35: Med1 | Q35: Y | U35: =A35 -> COT | AF35: Y
A36: AGR | B36: =OFFSET($F$3,0,MATCH("Y",$G36:$S36,0)) -> GDPAGR | C36: =OFFSET($U$3,0,MATCH("Y",$V36:$AH36,0)) -> GDPAGR | D36: Med2 | E36: High2 | F36: Med1 | K36: Y | U36: =A36 -> AGR | Z36: Y
A37: IIS | B37: =OFFSET($F$3,0,MATCH("Y",$G37:$S37,0)) -> GDPMFG | C37: =OFFSET($U$3,0,MATCH("Y",$V37:$AH37,0)) -> GDPMFG | D37: Low1 | E37: Low3 | F37: Pek4 | L37: Y | U37: =A37 -> IIS | AA37: Y
A38: INF | B38: =OFFSET($F$3,0,MATCH("Y",$G38:$S38,0)) -> GDPMFG | C38: =OFFSET($U$3,0,MATCH("Y",$V38:$AH38,0)) -> GDPMFG | D38: Low1 | E38: Med1 | F38: Pek3 | L38: Y | U38: =A38 -> INF | AA38: Y
A39: ICH | B39: =OFFSET($F$3,0,MATCH("Y",$G39:$S39,0)) -> GDPIND | C39: =OFFSET($U$3,0,MATCH("Y",$V39:$AH39,0)) -> GDPIND | D39: Low1 | E39: Med1 | F39: CHIICH | P39: Y | U39: =A39 -> ICH | AE39: Y
A40: ICH_Feedstock | B40: =OFFSET($F$3,0,MATCH("Y",$G40:$S40,0)) -> GDPIND | C40: =OFFSET($U$3,0,MATCH("Y",$V40:$AH40,0)) -> GDPIND | D40: Low1 | E40: Med1 | F40: CHIICH | P40: Y | U40: =A40 -> ICH_Feedstock | AE40: Y
A41: ILP | B41: =OFFSET($F$3,0,MATCH("Y",$G41:$S41,0)) -> GDPIND | C41: =OFFSET($U$3,0,MATCH("Y",$V41:$AH41,0)) -> GDPIND | D41: Low1 | E41: Med3 | F41: Pek3 | P41: Y | U41: =A41 -> ILP | AE41: Y
A42: INM | B42: =OFFSET($F$3,0,MATCH("Y",$G42:$S42,0)) -> GDPIND | C42: =OFFSET($U$3,0,MATCH("Y",$V42:$AH42,0)) -> GDPIND | D42: Low1 | E42: Med3 | F42: CHIINM | P42: Y | U42: =A42 -> INM | AE42: Y
A43: IFP | B43: =OFFSET($F$3,0,MATCH("Y",$G43:$S43,0)) -> GDPPHOU | C43: =OFFSET($U$3,0,MATCH("Y",$V43:$AH43,0)) -> GDPPHOU | D43: Low1 | E43: Med3 | F43: Pek3 | S43: Y | U43: =A43 -> IFP | AH43: Y
A44: IMC | B44: =OFFSET($F$3,0,MATCH("Y",$G44:$S44,0)) -> GDPIND | C44: =OFFSET($U$3,0,MATCH("Y",$V44:$AH44,0)) -> GDPIND | D44: Low1 | E44: Med3 | F44: Pek3 | P44: Y | U44: =A44 -> IMC | AE44: Y
A45: ITM | B45: =OFFSET($F$3,0,MATCH("Y",$G45:$S45,0)) -> GDPMFG | C45: =OFFSET($U$3,0,MATCH("Y",$V45:$AH45,0)) -> GDPMFG | D45: Low1 | E45: Med3 | F45: Pek3 | L45: Y | U45: =A45 -> ITM | AA45: Y
A46: IOI | B46: =OFFSET($F$3,0,MATCH("Y",$G46:$S46,0)) -> GDPIND | C46: =OFFSET($U$3,0,MATCH("Y",$V46:$AH46,0)) -> GDPIND | D46: Low1 | E46: Med3 | F46: Pek3 | P46: Y | U46: =A46 -> IOI | AE46: Y
A47: ONO | B47: =OFFSET($F$3,0,MATCH("Y",$G47:$S47,0)) -> GDPIND | C47: =OFFSET($U$3,0,MATCH("Y",$V47:$AH47,0)) -> GDPIND | D47: Low1 | E47: Med3 | F47: Pek3 | P47: Y | U47: =A47 -> ONO | AE47: Y

Sheet Demands_tra
A1: ~TFM_DINS-TS: attribute=COM_PROJ | AG1: driver | BJ1: elasticity
A2: Region | B2: CSET_CN | C2: * | D2: ='SSP drivers'!F1 -> 2019 | E2: ='SSP drivers'!G1 -> 2020 | F2: ='SSP drivers'!H1 -> 2025 | G2: ='SSP drivers'!I1 -> 2030 | H2: ='SSP drivers'!J1 -> 2035 | I2: ='SSP drivers'!K1 -> 2040 | J2: ='SSP drivers'!L1 -> 2045 | K2: ='SSP drivers'!M1 -> 2050 | ... U2: ='SSP drivers'!W1 -> 2100 | V2: \I: | W2: \I: | X2: \I: | Y2: \I: | Z2: \I: | AA2: \I: | AB2: \I: | AC2: \I: | AF2: override | BI2: override
A3: =IF(BYDem_tra!B2="","\I:",BYDem_tra!B2) -> Africa_North | B3: =BYDem_tra!E2 -> TAD | C3: =B3 -> TAD | D3: =SUMIFS(BYDem_tra!$M$2:$M$2000,BYDem_tra!$B$2:$B$2000,Demands_tra!$A3,BYDem_tra!$E$2:$E$2000,Demands_tra!$B3) -> 28.904667 | E3: =(1+(AH3-AG3)/AG3*BK3)*D3 -> 29.582261 | F3: =(1+(AI3-AH3)/AH3*BL3)*E3 -> 36.272133 | G3: =(1+(AJ3-AI3)/AI3*BM3)*F3 -> 44.977798 | H3: =(1+(AK3-AJ3)/AJ3*BN3)*G3 -> 55.791012 | I3: =(1+(AL3-AK3)/AK3*BO3)*H3 -> 68.607858 | J3: =(1+(AM3-AL3)/AL3*BP3)*I3 -> 83.568218 | K3: =(1+(AN3-AM3)/AM3*BQ3)*J3 -> 100.82642 | L3: =(1+(AO3-AN3)/AN3*BR3)*K3 -> 120.50762 | ... AC3: =(1+(BF3-BE3)/BE3*CI3)*AB3 -> #DIV/0! | AE3: =VLOOKUP($C3,'Default drvr and elast'!$A$4:$C$49,MATCH(VLOOKUP(A3,Classification!$B$4:$D$99,2,FALSE),'Default drvr and elast'!$A$3:$C$3,0),FALSE) -> GDP | AG3: =IF($AF3="",SUMIFS('Growth rates'!D$4:D$922,'Growth rates'!$B$4:$B$922,Demands_tra!$A3,'Growth rates'!$C$4:$C$922,$AE3),SUMIFS('Growth rates'!D$4:D$922,'Growth rates'!$B$4:$B$922,Demands_tra!$A3,'Growth rates'!$C$4:$C$922,$AF3)) -> 1 | AH3: =IF($AF3="",SUMIFS('Growth rates'!E$4:E$922,'Growth rates'!$B$4:$B$922,Demands_tra!$A3,'Growth rates'!$C$4:$C$922,$AE3),SUMIFS('Growth rates'!E$4:E$922,'Growth rates'!$B$4:$B$922,Demands_tra!$A3,'Growth rates'!$C$4:$C$922,$AF3)) -> 1.0234997 | AI3: =IF($AF3="",SUMIFS('Growth rates'!F$4:F$922,'Growth rates'!$B$4:$B$922,Demands_tra!$A3,'Growth rates'!$C$4:$C$922,$AE3),SUMIFS('Growth rates'!F$4:F$922,'Growth rates'!$B$4:$B$922,Demands_tra!$A3,'Growth rates'!$C$4:$C$922,$AF3)) -> 1.2583963 | AJ3: =IF($AF3="",SUMIFS('Growth rates'!G$4:G$922,'Growth rates'!$B$4:$B$922,Demands_tra!$A3,'Growth rates'!$C$4:$C$922,$AE3),SUMIFS('Growth rates'!G$4:G$922,'Growth rates'!$B$4:$B$922,Demands_tra!$A3,'Growth rates'!$C$4:$C$922,$AF3)) -> 1.5687502 | AK3: =IF($AF3="",SUMIFS('Growth rates'!H$4:H$922,'Growth rates'!$B$4:$B$922,Demands_tra!$A3,'Growth rates'!$C$4:$C$922,$AE3),SUMIFS('Growth rates'!H$4:H$922,'Growth rates'!$B$4:$B$922,Demands_tra!$A3,'Growth rates'!$C$4:$C$922,$AF3)) -> 1.9612126 | AL3: =IF($AF3="",SUMIFS('Growth rates'!I$4:I$922,'Growth rates'!$B$4:$B$922,Demands_tra!$A3,'Growth rates'!$C$4:$C$922,$AE3),SUMIFS('Growth rates'!I$4:I$922,'Growth rates'!$B$4:$B$922,Demands_tra!$A3,'Growth rates'!$C$4:$C$922,$AF3)) -> 2.4360838 | AM3: =IF($AF3="",SUMIFS('Growth rates'!J$4:J$922,'Growth rates'!$B$4:$B$922,Demands_tra!$A3,'Growth rates'!$C$4:$C$922,$AE3),SUMIFS('Growth rates'!J$4:J$922,'Growth rates'!$B$4:$B$922,Demands_tra!$A3,'Growth rates'!$C$4:$C$922,$AF3)) -> 3.0032535 | AN3: =IF($AF3="",SUMIFS('Growth rates'!K$4:K$922,'Growth rates'!$B$4:$B$922,Demands_tra!$A3,'Growth rates'!$C$4:$C$922,$AE3),SUMIFS('Growth rates'!K$4:K$922,'Growth rates'!$B$4:$B$922,Demands_tra!$A3,'Growth rates'!$C$4:$C$922,$AF3)) -> 3.6742048 | ... BF3: =IF($AF3="",SUMIFS('Growth rates'!AC$4:AC$922,'Growth rates'!$B$4:$B$922,Demands_tra!$A3,'Growth rates'!$C$4:$C$922,$AE3),SUMIFS('Growth rates'!AC$4:AC$922,'Growth rates'!$B$4:$B$922,Demands_tra!$A3,'Growth rates'!$C$4:$C$922,$AF3)) -> 0 | BH3: =VLOOKUP($C3,'Default drvr and elast'!$A$4:$F$49,MATCH(VLOOKUP(A3,Classification!$B$4:$D$42,3,FALSE),'Default drvr and elast'!$D$3:$F$3,0)+3,FALSE) -> High2 | BJ3: =IF($BI3="",SUMIF(Elasticities!$B$5:$B$52,Demands_tra!$BH3,Elasticities!C$5:C$52),SUMIF(Elasticities!$B$5:$B$52,Demands_tra!$BI3,Elasticities!C$5:C$52)) -> 1 | BK3: =IF($BI3="",SUMIF(Elasticities!$B$5:$B$52,Demands_tra!$BH3,Elasticities!D$5:D$52),SUMIF(Elasticities!$B$5:$B$52,Demands_tra!$BI3,Elasticities!D$5:D$52)) -> 0.99756098 | BL3: =IF($BI3="",SUMIF(Elasticities!$B$5:$B$52,Demands_tra!$BH3,Elasticities!E$5:E$52),SUMIF(Elasticities!$B$5:$B$52,Demands_tra!$BI3,Elasticities!E$5:E$52)) -> 0.98536585 | BM3: =IF($BI3="",SUMIF(Elasticities!$B$5:$B$52,Demands_tra!$BH3,Elasticities!F$5:F$52),SUMIF(Elasticities!$B$5:$B$52,Demands_tra!$BI3,Elasticities!F$5:F$52)) -> 0.97317073 | BN3: =IF($BI3="",SUMIF(Elasticities!$B$5:$B$52,Demands_tra!$BH3,Elasticities!G$5:G$52),SUMIF(Elasticities!$B$5:$B$52,Demands_tra!$BI3,Elasticities!G$5:G$52)) -> 0.96097561 | BO3: =IF($BI3="",SUMIF(Elasticities!$B$5:$B$52,Demands_tra!$BH3,Elasticities!H$5:H$52),SUMIF(Elasticities!$B$5:$B$52,Demands_tra!$BI3,Elasticities!H$5:H$52)) -> 0.94878049 | BP3: =IF($BI3="",SUMIF(Elasticities!$B$5:$B$52,Demands_tra!$BH3,Elasticities!I$5:I$52),SUMIF(Elasticities!$B$5:$B$52,Demands_tra!$BI3,Elasticities!I$5:I$52)) -> 0.93658537 | BQ3: =IF($BI3="",SUMIF(Elasticities!$B$5:$B$52,Demands_tra!$BH3,Elasticities!J$5:J$52),SUMIF(Elasticities!$B$5:$B$52,Demands_tra!$BI3,Elasticities!J$5:J$52)) -> 0.92439024 | ... CI3: =IF($BI3="",SUMIF(Elasticities!$B$5:$B$52,Demands_tra!$BH3,Elasticities!AB$5:AB$52),SUMIF(Elasticities!$B$5:$B$52,Demands_tra!$BI3,Elasticities!AB$5:AB$52)) -> #VALUE!
A4: =IF(BYDem_tra!B3="","\I:",BYDem_tra!B3) -> Africa_North | B4: =BYDem_tra!E3 -> TAI | C4: =B4 -> TAI | D4: =SUMIFS(BYDem_tra!$M$2:$M$2000,BYDem_tra!$B$2:$B$2000,Demands_tra!$A4,BYDem_tra!$E$2:$E$2000,Demands_tra!$B4) -> 99.12303 | E4: =(1+(AH4-AG4)/AG4*BK4)*D4 -> 101.44671 | F4: =(1+(AI4-AH4)/AH4*BL4)*E4 -> 124.38835 | G4: =(1+(AJ4-AI4)/AI4*BM4)*F4 -> 154.24276 | H4: =(1+(AK4-AJ4)/AJ4*BN4)*G4 -> 191.32461 | I4: =(1+(AL4-AK4)/AK4*BO4)*H4 -> 235.27754 | J4: =(1+(AM4-AL4)/AL4*BP4)*I4 -> 286.58123 | K4: =(1+(AN4-AM4)/AM4*BQ4)*J4 -> 345.76493 | L4: =(1+(AO4-AN4)/AN4*BR4)*K4 -> 413.25784 | ... AC4: =(1+(BF4-BE4)/BE4*CI4)*AB4 -> #DIV/0! | AE4: =VLOOKUP($C4,'Default drvr and elast'!$A$4:$C$49,MATCH(VLOOKUP(A4,Classification!$B$4:$D$99,2,FALSE),'Default drvr and elast'!$A$3:$C$3,0),FALSE) -> GDP | AG4: =IF($AF4="",SUMIFS('Growth rates'!D$4:D$922,'Growth rates'!$B$4:$B$922,Demands_tra!$A4,'Growth rates'!$C$4:$C$922,$AE4),SUMIFS('Growth rates'!D$4:D$922,'Growth rates'!$B$4:$B$922,Demands_tra!$A4,'Growth rates'!$C$4:$C$922,$AF4)) -> 1 | AH4: =IF($AF4="",SUMIFS('Growth rates'!E$4:E$922,'Growth rates'!$B$4:$B$922,Demands_tra!$A4,'Growth rates'!$C$4:$C$922,$AE4),SUMIFS('Growth rates'!E$4:E$922,'Growth rates'!$B$4:$B$922,Demands_tra!$A4,'Growth rates'!$C$4:$C$922,$AF4)) -> 1.0234997 | AI4: =IF($AF4="",SUMIFS('Growth rates'!F$4:F$922,'Growth rates'!$B$4:$B$922,Demands_tra!$A4,'Growth rates'!$C$4:$C$922,$AE4),SUMIFS('Growth rates'!F$4:F$922,'Growth rates'!$B$4:$B$922,Demands_tra!$A4,'Growth rates'!$C$4:$C$922,$AF4)) -> 1.2583963 | AJ4: =IF($AF4="",SUMIFS('Growth rates'!G$4:G$922,'Growth rates'!$B$4:$B$922,Demands_tra!$A4,'Growth rates'!$C$4:$C$922,$AE4),SUMIFS('Growth rates'!G$4:G$922,'Growth rates'!$B$4:$B$922,Demands_tra!$A4,'Growth rates'!$C$4:$C$922,$AF4)) -> 1.5687502 | AK4: =IF($AF4="",SUMIFS('Growth rates'!H$4:H$922,'Growth rates'!$B$4:$B$922,Demands_tra!$A4,'Growth rates'!$C$4:$C$922,$AE4),SUMIFS('Growth rates'!H$4:H$922,'Growth rates'!$B$4:$B$922,Demands_tra!$A4,'Growth rates'!$C$4:$C$922,$AF4)) -> 1.9612126 | AL4: =IF($AF4="",SUMIFS('Growth rates'!I$4:I$922,'Growth rates'!$B$4:$B$922,Demands_tra!$A4,'Growth rates'!$C$4:$C$922,$AE4),SUMIFS('Growth rates'!I$4:I$922,'Growth rates'!$B$4:$B$922,Demands_tra!$A4,'Growth rates'!$C$4:$C$922,$AF4)) -> 2.4360838 | AM4: =IF($AF4="",SUMIFS('Growth rates'!J$4:J$922,'Growth rates'!$B$4:$B$922,Demands_tra!$A4,'Growth rates'!$C$4:$C$922,$AE4),SUMIFS('Growth rates'!J$4:J$922,'Growth rates'!$B$4:$B$922,Demands_tra!$A4,'Growth rates'!$C$4:$C$922,$AF4)) -> 3.0032535 | AN4: =IF($AF4="",SUMIFS('Growth rates'!K$4:K$922,'Growth rates'!$B$4:$B$922,Demands_tra!$A4,'Growth rates'!$C$4:$C$922,$AE4),SUMIFS('Growth rates'!K$4:K$922,'Growth rates'!$B$4:$B$922,Demands_tra!$A4,'Growth rates'!$C$4:$C$922,$AF4)) -> 3.6742048 | ... BF4: =IF($AF4="",SUMIFS('Growth rates'!AC$4:AC$922,'Growth rates'!$B$4:$B$922,Demands_tra!$A4,'Growth rates'!$C$4:$C$922,$AE4),SUMIFS('Growth rates'!AC$4:AC$922,'Growth rates'!$B$4:$B$922,Demands_tra!$A4,'Growth rates'!$C$4:$C$922,$AF4)) -> 0 | BH4: =VLOOKUP($C4,'Default drvr and elast'!$A$4:$F$49,MATCH(VLOOKUP(A4,Classification!$B$4:$D$42,3,FALSE),'Default drvr and elast'!$D$3:$F$3,0)+3,FALSE) -> High2 | BJ4: =IF($BI4="",SUMIF(Elasticities!$B$5:$B$52,Demands_tra!$BH4,Elasticities!C$5:C$52),SUMIF(Elasticities!$B$5:$B$52,Demands_tra!$BI4,Elasticities!C$5:C$52)) -> 1 | BK4: =IF($BI4="",SUMIF(Elasticities!$B$5:$B$52,Demands_tra!$BH4,Elasticities!D$5:D$52),SUMIF(Elasticities!$B$5:$B$52,Demands_tra!$BI4,Elasticities!D$5:D$52)) -> 0.99756098 | BL4: =IF($BI4="",SUMIF(Elasticities!$B$5:$B$52,Demands_tra!$BH4,Elasticities!E$5:E$52),SUMIF(Elasticities!$B$5:$B$52,Demands_tra!$BI4,Elasticities!E$5:E$52)) -> 0.98536585 | BM4: =IF($BI4="",SUMIF(Elasticities!$B$5:$B$52,Demands_tra!$BH4,Elasticities!F$5:F$52),SUMIF(Elasticities!$B$5:$B$52,Demands_tra!$BI4,Elasticities!F$5:F$52)) -> 0.97317073 | BN4: =IF($BI4="",SUMIF(Elasticities!$B$5:$B$52,Demands_tra!$BH4,Elasticities!G$5:G$52),SUMIF(Elasticities!$B$5:$B$52,Demands_tra!$BI4,Elasticities!G$5:G$52)) -> 0.96097561 | BO4: =IF($BI4="",SUMIF(Elasticities!$B$5:$B$52,Demands_tra!$BH4,Elasticities!H$5:H$52),SUMIF(Elasticities!$B$5:$B$52,Demands_tra!$BI4,Elasticities!H$5:H$52)) -> 0.94878049 | BP4: =IF($BI4="",SUMIF(Elasticities!$B$5:$B$52,Demands_tra!$BH4,Elasticities!I$5:I$52),SUMIF(Elasticities!$B$5:$B$52,Demands_tra!$BI4,Elasticities!I$5:I$52)) -> 0.93658537 | BQ4: =IF($BI4="",SUMIF(Elasticities!$B$5:$B$52,Demands_tra!$BH4,Elasticities!J$5:J$52),SUMIF(Elasticities!$B$5:$B$52,Demands_tra!$BI4,Elasticities!J$5:J$52)) -> 0.92439024 | ... CI4: =IF($BI4="",SUMIF(Elasticities!$B$5:$B$52,Demands_tra!$BH4,Elasticities!AB$5:AB$52),SUMIF(Elasticities!$B$5:$B$52,Demands_tra!$BI4,Elasticities!AB$5:AB$52)) -> #VALUE!
A5: =IF(BYDem_tra!B4="","\I:",BYDem_tra!B4) -> Africa_North | B5: =BYDem_tra!E4 -> TTF | C5: =B5 -> TTF | D5: =SUMIFS(BYDem_tra!$M$2:$M$2000,BYDem_tra!$B$2:$B$2000,Demands_tra!$A5,BYDem_tra!$E$2:$E$2000,Demands_tra!$B5) -> 7.171298 | E5: =(1+(AH5-AG5)/AG5*BK5)*D5 -> 7.3394103 | F5: =(1+(AI5-AH5)/AH5*BL5)*E5 -> 8.9991791 | G5: =(1+(AJ5-AI5)/AI5*BM5)*F5 -> 11.15907 | H5: =(1+(AK5-AJ5)/AJ5*BN5)*G5 -> 13.841847 | I5: =(1+(AL5-AK5)/AK5*BO5)*H5 -> 17.021729 | J5: =(1+(AM5-AL5)/AL5*BP5)*I5 -> 20.73342 | K5: =(1+(AN5-AM5)/AM5*BQ5)*J5 -> 25.015209 | L5: =(1+(AO5-AN5)/AN5*BR5)*K5 -> 29.898149 | ... AC5: =(1+(BF5-BE5)/BE5*CI5)*AB5 -> #DIV/0! | AE5: =VLOOKUP($C5,'Default drvr and elast'!$A$4:$C$49,MATCH(VLOOKUP(A5,Classification!$B$4:$D$99,2,FALSE),'Default drvr and elast'!$A$3:$C$3,0),FALSE) -> GDP | AG5: =IF($AF5="",SUMIFS('Growth rates'!D$4:D$922,'Growth rates'!$B$4:$B$922,Demands_tra!$A5,'Growth rates'!$C$4:$C$922,$AE5),SUMIFS('Growth rates'!D$4:D$922,'Growth rates'!$B$4:$B$922,Demands_tra!$A5,'Growth rates'!$C$4:$C$922,$AF5)) -> 1 | AH5: =IF($AF5="",SUMIFS('Growth rates'!E$4:E$922,'Growth rates'!$B$4:$B$922,Demands_tra!$A5,'Growth rates'!$C$4:$C$922,$AE5),SUMIFS('Growth rates'!E$4:E$922,'Growth rates'!$B$4:$B$922,Demands_tra!$A5,'Growth rates'!$C$4:$C$922,$AF5)) -> 1.0234997 | AI5: =IF($AF5="",SUMIFS('Growth rates'!F$4:F$922,'Growth rates'!$B$4:$B$922,Demands_tra!$A5,'Growth rates'!$C$4:$C$922,$AE5),SUMIFS('Growth rates'!F$4:F$922,'Growth rates'!$B$4:$B$922,Demands_tra!$A5,'Growth rates'!$C$4:$C$922,$AF5)) -> 1.2583963 | AJ5: =IF($AF5="",SUMIFS('Growth rates'!G$4:G$922,'Growth rates'!$B$4:$B$922,Demands_tra!$A5,'Growth rates'!$C$4:$C$922,$AE5),SUMIFS('Growth rates'!G$4:G$922,'Growth rates'!$B$4:$B$922,Demands_tra!$A5,'Growth rates'!$C$4:$C$922,$AF5)) -> 1.5687502 | AK5: =IF($AF5="",SUMIFS('Growth rates'!H$4:H$922,'Growth rates'!$B$4:$B$922,Demands_tra!$A5,'Growth rates'!$C$4:$C$922,$AE5),SUMIFS('Growth rates'!H$4:H$922,'Growth rates'!$B$4:$B$922,Demands_tra!$A5,'Growth rates'!$C$4:$C$922,$AF5)) -> 1.9612126 | AL5: =IF($AF5="",SUMIFS('Growth rates'!I$4:I$922,'Growth rates'!$B$4:$B$922,Demands_tra!$A5,'Growth rates'!$C$4:$C$922,$AE5),SUMIFS('Growth rates'!I$4:I$922,'Growth rates'!$B$4:$B$922,Demands_tra!$A5,'Growth rates'!$C$4:$C$922,$AF5)) -> 2.4360838 | AM5: =IF($AF5="",SUMIFS('Growth rates'!J$4:J$922,'Growth rates'!$B$4:$B$922,Demands_tra!$A5,'Growth rates'!$C$4:$C$922,$AE5),SUMIFS('Growth rates'!J$4:J$922,'Growth rates'!$B$4:$B$922,Demands_tra!$A5,'Growth rates'!$C$4:$C$922,$AF5)) -> 3.0032535 | AN5: =IF($AF5="",SUMIFS('Growth rates'!K$4:K$922,'Growth rates'!$B$4:$B$922,Demands_tra!$A5,'Growth rates'!$C$4:$C$922,$AE5),SUMIFS('Growth rates'!K$4:K$922,'Growth rates'!$B$4:$B$922,Demands_tra!$A5,'Growth rates'!$C$4:$C$922,$AF5)) -> 3.6742048 | ... BF5: =IF($AF5="",SUMIFS('Growth rates'!AC$4:AC$922,'Growth rates'!$B$4:$B$922,Demands_tra!$A5,'Growth rates'!$C$4:$C$922,$AE5),SUMIFS('Growth rates'!AC$4:AC$922,'Growth rates'!$B$4:$B$922,Demands_tra!$A5,'Growth rates'!$C$4:$C$922,$AF5)) -> 0 | BH5: =VLOOKUP($C5,'Default drvr and elast'!$A$4:$F$49,MATCH(VLOOKUP(A5,Classification!$B$4:$D$42,3,FALSE),'Default drvr and elast'!$D$3:$F$3,0)+3,FALSE) -> High2 | BJ5: =IF($BI5="",SUMIF(Elasticities!$B$5:$B$52,Demands_tra!$BH5,Elasticities!C$5:C$52),SUMIF(Elasticities!$B$5:$B$52,Demands_tra!$BI5,Elasticities!C$5:C$52)) -> 1 | BK5: =IF($BI5="",SUMIF(Elasticities!$B$5:$B$52,Demands_tra!$BH5,Elasticities!D$5:D$52),SUMIF(Elasticities!$B$5:$B$52,Demands_tra!$BI5,Elasticities!D$5:D$52)) -> 0.99756098 | BL5: =IF($BI5="",SUMIF(Elasticities!$B$5:$B$52,Demands_tra!$BH5,Elasticities!E$5:E$52),SUMIF(Elasticities!$B$5:$B$52,Demands_tra!$BI5,Elasticities!E$5:E$52)) -> 0.98536585 | BM5: =IF($BI5="",SUMIF(Elasticities!$B$5:$B$52,Demands_tra!$BH5,Elasticities!F$5:F$52),SUMIF(Elasticities!$B$5:$B$52,Demands_tra!$BI5,Elasticities!F$5:F$52)) -> 0.97317073 | BN5: =IF($BI5="",SUMIF(Elasticities!$B$5:$B$52,Demands_tra!$BH5,Elasticities!G$5:G$52),SUMIF(Elasticities!$B$5:$B$52,Demands_tra!$BI5,Elasticities!G$5:G$52)) -> 0.96097561 | BO5: =IF($BI5="",SUMIF(Elasticities!$B$5:$B$52,Demands_tra!$BH5,Elasticities!H$5:H$52),SUMIF(Elasticities!$B$5:$B$52,Demands_tra!$BI5,Elasticities!H$5:H$52)) -> 0.94878049 | BP5: =IF($BI5="",SUMIF(Elasticities!$B$5:$B$52,Demands_tra!$BH5,Elasticities!I$5:I$52),SUMIF(Elasticities!$B$5:$B$52,Demands_tra!$BI5,Elasticities!I$5:I$52)) -> 0.93658537 | BQ5: =IF($BI5="",SUMIF(Elasticities!$B$5:$B$52,Demands_tra!$BH5,Elasticities!J$5:J$52),SUMIF(Elasticities!$B$5:$B$52,Demands_tra!$BI5,Elasticities!J$5:J$52)) -> 0.92439024 | ... CI5: =IF($BI5="",SUMIF(Elasticities!$B$5:$B$52,Demands_tra!$BH5,Elasticities!AB$5:AB$52),SUMIF(Elasticities!$B$5:$B$52,Demands_tra!$BI5,Elasticities!AB$5:AB$52)) -> #VALUE!
